DrugName,Manufacturer,NAFDAC_Number,Barcode,BatchNumber,ExpiryDate,DosageForm,Strength,PackageSize,Country,Label,Label_Encoded
metronidazol,pharma deko plc,-9449,466549770,batch-229,2022-10-21,ceram,400mg,100 tablets,ghana,Suspicious,1
ciprofloxacin,bioraj pharmaceuticals ltd,y7-8635,6193477848580,b24-0617,2029-02-13,drops,10mg,60ml bottle,nigeria,Genuine,0
vitamin c,novadrug industries,bn7j5u,0000000000000,batch-215,unknown,injection,250mg/5ml,1 vial,china,Suspicious,1
omeprazole,may & baker nigeria plc,n7-2665,6193073510454,b25-8161,2028-04-26,ointment,100mg,20 tablets,nigeria,Genuine,0
ceftiraxone,megadrug industries,tq-fqba,6199406565825,96,24/05/2026,suspension,125mg/5ml,unknown,india,Suspicious,1
lonart,biofix pharmaceuticals,-1600,6190490372955,batch-375,23/07/2025,sachet,200mg,10 capsules,unknown,Suspicious,1
amlodipine,mopson pharmaceutical ltd,i4-8004,6190838517994,bt25-9151,2026-01-21,cream,200mg,5 vials,nigeria,Genuine,0
tramadol,medexpress ltd,u0-669113,401176,bfhbfg,2021-02-22,powder,10mg,10 tablets,china,Suspicious,1
ceftriaxone,pharma deko plc,i3-9394,6191561497843,bn24-6575,2026-01-07,injection,200mg,30g tube,nigeria,Genuine,0
omeprazole,dana pharmaceuticals ltd,v2-3742,6194967419914,unknown,23/11/2025,sachet,5mg,20 tablets,pakistan,Suspicious,1
amoxil,may & baker nigeria plc,m4-4109,6191713900535,bt26-3462,2026-09-07,sachet,200mg,100 tablets,nigeria,Genuine,0
cotrimoxazloe,healwell pharma ltd,-2110,33029276405473986221,batch-008,???,ointment,???,1 vial,unknown,Suspicious,1
multivitamin,pharmafast nigeria,g-77,8888888888888,ukpawz,unknown,syrup,250mg/5ml,100ml bottle,india,Suspicious,1
artemether lumefantrine,pfizer nigeria,p8-9525,6197543943537,lot24-7568,2028-12-04,suspension,50mg,1 tube,nigeria,Genuine,0
lonart,juhel nigeria ltd,b2-9179,6194564494857,l24-5269,2029-03-18,drops,500mg,100 tablets,nigeria,Genuine,0
amoxil,fidson healthcare plc,w7-3196,6198975267727,bt24-3807,2026-07-25,tablet,400mg,60ml bottle,nigeria,Genuine,0
paracetamol,sanofi nigeria,b1-5601,6194734043373,bn26-0822,2029-09-23,drops,500mg/5ml,100 tablets,nigeria,Genuine,0
vitamin b complex,drugfield pharmaceuticals ltd,p2-2036,6192646471543,bt26-8223,2027-08-04,syrup,400mg,10 tablets,nigeria,Genuine,0
amlodipine,nigerian german chemicals plc,q6-8850,7038547872681931,23,UNKNOWN,capsule,50mg,10 capsules,pakistan,Suspicious,1
panado,healwell pharma ltd,i-33,m2hytr7kxdr1t,yqcopbv,2022-09-15,ijnection,400mg,30g tube,nigeria,Suspicious,1
antacid,skg pharma ltd,d4-9429,6195524578716,lot26-4406,2026-06-14,tablet,5mg,30 tablets,nigeria,Genuine,0
amoxicilin,nigerian german chemicals lpc,r-18,1278988524991960841,batch-653,07/08/2025,talbet,unknown,unknown,china,Suspicious,1
chlorpheniramine,supercure pharma,-5770,6192292538416,??,13/02/2026,ointmetn,???,20 capsules,china,Suspicious,1
amlodipine,pfizer nigeria,u0-3845,6192884987455,lot24-3985,2028-09-24,drops,100mg,100ml bottle,nigeria,Genuine,0
power drug,alphahealth industries,-2872,8888888888888,hkpjbsp,2022-12-19,injection,400mg,1 tube,india,Suspicious,1
ranitidine,pfizer nigeria,y6-3421,6193091307562,bt25-3440,2029-09-25,sachet,50mg,1 tube,nigeria,Genuine,0
panado,sunrise medications,ha-klnv,6192405166543,batch-112,09/02/2026,injection,20mg,60ml bottle,pakistan,Suspicious,1
doxycycline,may & baker nigeria plc,c5-2818,6195325947957,bn25-4728,2026-08-04,drops,250mg/5ml,100 tablets,nigeria,Genuine,0
vitamin c,may & baker nigeria plc,f4-6409,6191091090323,l25-1861,2028-10-10,sachet,5mg,20 tablets,nigeria,Genuine,0
diclofenac,fidson healthcare plc,y0-1508,6193309232716,b24-7719,2028-06-06,sachet,1g,1 tube,nigeria,Genuine,0
loperamide,evans medical plc,m7-1570,6194622681717,lot26-1761,2029-01-06,cream,100mg,1 vial,nigeria,Genuine,0
glibenclamide,fidson healthcare plc,s8-1776,6197468235465,b25-1700,2026-01-07,tablet,50mg,30g tube,nigeria,Genuine,0
antacid,sanofi nigeria,b0-5094,6190102724059,lot26-4101,2028-03-20,ointment,50mg,5 vials,nigeria,Genuine,0
amlodipine,neimeth international pharmaceuticals,t6-3565,6197466621598,bn26-4041,2027-12-28,drops,500mg,10 tablets,nigeria,Genuine,0
erythromycin,pharma deko plc,a5-5085,6194281644160,bn24-1817,2029-06-21,suspension,10mg,200ml bottle,nigeria,Genuine,0
gentamicin,bioraj pharmaceuticals ltd,t6-3553,6197066149829,b26-2978,2028-07-15,injection,50mg,10 capsules,nigeria,Genuine,0
cotrimoxazole,pfizer nigeria,b7-748520,0000000000000,??,2020-01-21,cpasule,5mg,200ml bottle,china,Suspicious,1
ampiclox,fastrelief drugs,w6ya8j,2222222222222,mqe,UNKNOWN,ointment,500mg/5ml,5 vials,nigeria,Suspicious,1
promethazine,may & baker nigeria plc,w0-6470,6198561547318,lot25-6253,2027-10-16,sachet,100mg,20 capsules,nigeria,Genuine,0
hydrocortisone,fidson healthcare plc,v9-6544,6190052812738,lot26-5790,2029-12-07,tablet,250mg/5ml,60ml bottle,nigeria,Genuine,0
augmentin,sanofi nigeria,h9-7375,6198562185014,l24-1345,2028-10-25,sachet,1g,60ml bottle,nigeria,Genuine,0
vitamin cc,megadrug industries,a2-725188,1111111111111,---,2020-11-17,capsuel,20mg,unknown,unknown,Suspicious,1
paracetamol,tuyil pharmaceutical industries,g5-7885,6194757051201,lot25-1269,2029-03-07,injection,20mg,10 tablets,nigeria,Genuine,0
doxycycline,mopson pharmaceutical ltd,c5-9284,6191579376390,bt26-4113,2029-11-19,syrup,1g,10 capsules,nigeria,Genuine,0
vitamin cc,alphahealth industries,o7-1452,6196007461433,57,2020-05-24,sachet,1g,1 vial,china,Suspicious,1
metronidazole,chi pharmaceuticals ltd,g3-4238,6192470739208,bn26-3445,2028-11-25,injection,125mg/5ml,60ml bottle,nigeria,Genuine,0
tramadol,pharma deko plc,e2-8696,6192847657043,bn24-1083,2026-10-25,syrup,5mg,30 tablets,nigeria,Genuine,0
tramadol,hovid nigeria ltd,g5-6047,6194617773267,lot24-0420,2028-05-28,injection,1g,30g tube,nigeria,Genuine,0
vitamin b complex,drugfield pharmaceuticals ltd,s0-6766,6198147700540,bn26-1579,2029-08-19,powder,500mg/5ml,1 tube,nigeria,Genuine,0
hydrocortisone,may & baker nigeria plc,cu-ljac,316004,vydq,???,powder,400mg,100 tablets,china,Suspicious,1
instant relief caps,wonderdrug co,a9-9078,6192542654163,76,2023-07-25,suspension,125mg/5ml,20 capsules,china,Suspicious,1
azithromycin,sanofi nigeria,n8-9745,6194578317456,l25-2651,2028-01-01,powder,500mg/5ml,30 tablets,nigeria,Genuine,0
rantiidine,novadrug industries,d-51,0000000000000,87,10/04/2026,suspension,5mg,5 vials,pakistan,Suspicious,1
metformin,fidson healthcare plc,g3-7950,6191386120759,bn24-1300,2026-03-26,injection,5mg,20 tablets,nigeria,Genuine,0
coartem,sanofi nigeria,h8-2113,6199490531522,bn25-8322,2026-10-10,sachet,50mg,60ml bottle,nigeria,Genuine,0
flagy,drugfield pharmaceuticals ltd,j1-3793,6192232087387,batch-884,UNKNOWN,suspension,200mg,100ml bottle,unknown,Suspicious,1
panado,goodhealth generics,sx-kaak,47597833548835719214,---,unknown,injection,50mg,unknown,ghana,Suspicious,1
antacid,nigerian german chemicals plc,j6-6414,0000000000000,??,???,suspension,400mg,10 capsules,ghana,Suspicious,1
vitamin cc,quickcure labs,c5-9690,6192584907340,6,2020-10-24,drops,???,1 vial,pakistan,Suspicious,1
folic acid,fidson healthcare plc,u3-7757,6194424936312,bt24-0553,2027-05-15,drops,5mg,60ml bottle,nigeria,Genuine,0
nifedipine,supercure pharma,-5180,0000000000000,66,2023-05-19,tablet,200mg,20 capsules,china,Suspicious,1
amlodipine,evans medical plc,g9-2094,6190622723624,l25-9789,2027-04-27,cream,250mg,100 tablets,nigeria,Genuine,0
fuorsemide,sanofin igeria,m4-5891,izap8k282txhu,unknown,2023-08-20,cream,1g,30g tube,unknown,Suspicious,1
flagyl,chi pharmaceuticals ltd,j0-5342,6193261189004,bt25-6368,2029-02-23,ointment,200mg,10 tablets,nigeria,Genuine,0
flagyl,bestpills international,p1-2531,07239191846550636985,xmvtsg,unknown,sachet,unknown,1 pack,unknown,Suspicious,1
ciprofloxacn,swiss pharma nigerai ltd,-6402,886173277606395136,sydvch,13/12/2025,suspension,250mg/5ml,unknown,nigeria,Suspicious,1
ors,may & baker nigeria plc,z3-2270,6191587605451,l26-6496,2028-08-11,drops,20mg,1 vial,nigeria,Genuine,0
amoxicilin,emzor pharmaceuitcal industries,pending,3333333333333,28,???,capsule,250mg/5ml,30g tube,pakistan,Suspicious,1
ceftriaxone,nigerian german chemicals plc,m1-9835,6192512868231,bn24-4988,2029-11-24,powder,20mg,200ml bottle,nigeria,Genuine,0
vitamin cc,pharmaplus international,x0-5057,6193997415927,xdqdtbgw,26/09/2025,scahet,500mg/5ml,1 vial,pakistan,Suspicious,1
amoxicilin,fastrelief drugs,z9-1380,45810457,92,14/07/2026,injection,20mg,100ml bottle,pakistan,Suspicious,1
ceftriaxone,pfizer nigeria,z4-6592,6192321941682,bn24-6570,2026-01-06,drops,50mg,1 tube,nigeria,Genuine,0
magic cure pill,topnotch drugs ltd,p-62,6193990460085,89,unknown,ointment,500mg/5ml,10 capsules,unknown,Suspicious,1
amoxicillin,hovid nigeria ltd,f4-9759,6194581308892,b24-0774,2028-08-10,powder,5mg,100 tablets,nigeria,Genuine,0
doxycycline,glaxosmithkline nigeria,a2-1462,6198718274968,b26-0898,2028-10-04,powder,50mg,30 tablets,nigeria,Genuine,0
azithromycin,chi pharmaceuticals ltd,m5-3234,6197354352092,bn25-2336,2026-08-15,ointment,100mg,30g tube,nigeria,Genuine,0
spironolactone,pharmafast nigeria,x1-3713,542832867851506688,syksv,03/07/2026,powder,1g,20 tablets,pakistan,Suspicious,1
lonart,fidson healthcare plc,v7-6615,6199574988556,b24-9762,2028-10-25,suspension,200mg,10 tablets,nigeria,Genuine,0
folic acid,sanofi nigeria,c1-3585,6193829657723,lot24-9816,2028-05-07,capsule,20mg,20 capsules,nigeria,Genuine,0
paracetmaol,fastrelief drugs,k0-7280,5288899088860811,fejxkb,17/01/2026,powder,1g,200ml bottle,india,Suspicious,1
flagyl,drugfield pharmaceuticals ltd,g2-3504,6191277997996,lot26-5279,2027-08-03,drops,50mg,5 vials,nigeria,Genuine,0
erythromycin,bioraj pharmaceuticals ltd,b9-5575,6191491507629,b24-9643,2029-11-14,syrup,500mg,1 tube,nigeria,Genuine,0
megavit plus,drugking industries,b2-7269,0000000000000,??,???,injeciton,unknown,30g tube,unknown,Suspicious,1
megavit plus,biofix pharmaceuticals,f7-4162,6194271832249,lyui,2023-07-04,drops,5mg,10 tablets,ghana,Suspicious,1
ciprofloxacin,unknown,unknown,6198113537392,??,2023-11-06,sachte,unknown,1 pack,unknown,Suspicious,1
chlorhpeniramine,healthmax pharma,fd-iytx,0000000000000,??,16/12/2026,injection,500mg,100ml bottle,unknown,Suspicious,1
emzor paracetamol,drugking industries,pending,6195792826298,vvf,UNKNOWN,syrup,1g,1 pack,pakistan,Suspicious,1
flagyl,nigerian german chemicals plc,s4-1866,6195396727571,b25-4619,2029-09-23,suspension,400mg,5 vials,nigeria,Genuine,0
hydrocortisone,tuyil pharmaceutical industries,r0-9084,6193397767190,b24-4109,2028-10-21,powder,200mg,10 tablets,nigeria,Genuine,0
paracetmol,nigerian german chemicals plc,-5107,6191854554185,41,unknown,cpasule,250mg,100ml bottle,india,Suspicious,1
metroniadzole,wonderdrug co,r-58,05022,5,25/11/2026,cream,250mg/5ml,20 capsules,pakistan,Suspicious,1
prednisolone,sunrise medications,u-13,6710665602492357774,pcyzjgzj,???,cream,200mg,5 vials,pakistan,Suspicious,1
diclofenac,neimeth international pharmaceuticals,v5-6424,6195439878017,lot25-4037,2027-01-22,cream,20mg,30g tube,nigeria,Genuine,0
tramadol,tuyil pharmaceutical industries,d9-8584,6195817246193,bn26-9871,2029-06-16,tablet,250mg,100 tablets,nigeria,Genuine,0
prednisolone,sunrise medications,e146oo,xm8uq9as0iylf,batch-915,2023-06-03,drops,250mg/5ml,10 capsules,ghana,Suspicious,1
ciprofloxacn,pfizer nigeria,a718fv,agyw6rrz6dqiw,43,2022-06-02,caspule,400mg,1 tube,unknown,Suspicious,1
diazepam,tuyil pharmaceutical industries,o1-9797,6190513717176,bt24-8986,2027-10-16,injection,1g,10 tablets,nigeria,Genuine,0
diclofenac,megadrug industries,-3359,6193720945165,---,???,tablet,20mg,unknown,ghana,Suspicious,1
ciprofloxacn,chi pharmaceuticals ltd,kl-uics,qjtgps6xl8jrp,batch-343,2021-10-09,tablet,500mg/5ml,10 tablets,pakistan,Suspicious,1
megavit plus,emzor pharmaceutical industries,umzt2e,076444904,76,24/11/2026,capsule,400mg,10 capsules,ghana,Suspicious,1
amatem,chi pharmaceuticals ltd,t6-9268,6192769704092,lot24-2031,2028-02-26,sachet,20mg,20 tablets,nigeria,Genuine,0
gentamicin,bioraj pharmaceuticals ltd,z7-5255,6194701732088,l25-2518,2027-08-15,drops,100mg,1 vial,nigeria,Genuine,0
tetracycline,tuyil pharmaceutical industries,k4-7264,6190273415145,b26-9056,2026-05-08,capsule,250mg,20 tablets,nigeria,Genuine,0
pnaadol,supercure pharma,l-43,0000000000000,76,???,tablet,125mg/5ml,1 tube,unknown,Suspicious,1
ampiclox,skg pharma ltd,d8-8537,6195003691554,b25-3166,2028-04-09,drops,1g,20 capsules,nigeria,Genuine,0
prednisolone,emzor pharmaceutical industries,i5-3126,6193888562259,b25-6917,2026-06-28,sachet,5mg,60ml bottle,nigeria,Genuine,0
augmentin,may & baker nigeria plc,s6-3551,6198936543587,b26-4506,2026-09-25,suspension,400mg,100 tablets,nigeria,Genuine,0
ranitidine,swiss pharma nigeria ltd,o4-5314,6198570862099,lot26-4012,2028-12-03,powder,20mg,100 tablets,nigeria,Genuine,0
promethazine,swiss pharma nigeria ltd,e2-8790,6190510287672,lot25-8298,2026-04-18,ointment,20mg,30g tube,nigeria,Genuine,0
amoxil,pharma deko plc,g2-7503,6198685074516,bn26-6367,2029-04-10,suspension,20mg,30 tablets,nigeria,Genuine,0
azithromycin,pfizer nigeria,f2-4610,6194103469964,l24-3904,2026-02-14,drops,50mg,30 tablets,nigeria,Genuine,0
hydrocortisone,medline drugs ltd,b-20,398013,unknown,05/09/2025,suspensoin,250mg,5 vials,pakistan,Suspicious,1
augmentin,pfizer nigeria,i8-4554,6191478911791,l24-6756,2028-10-23,powder,250mg,5 vials,nigeria,Genuine,0
amatem,bestpills international,rzjz,aydeyzryzkarw,cfu,UNKNOWN,injcetion,50mg,20 tablets,nigeria,Suspicious,1
ampiclox,neimeth international pharmaceuticals,o8-7116,6198471296184,bn24-3416,2027-05-05,ointment,500mg,20 capsules,nigeria,Genuine,0
amlodipine,sanofi nigeria,i5-5175,6199180172264,bn24-6919,2028-06-19,drops,500mg/5ml,5 vials,nigeria,Genuine,0
tramadol,bestpills international,1ajddi2,6192818223871,batch-918,2020-09-12,powder,5mg,5 vials,china,Suspicious,1
atenolol,swiss pharma nigeria ltd,o5-6795,6198214770926,bn25-1976,2026-06-27,syrup,200mg,1 tube,nigeria,Genuine,0
azithromycin,glaxosmithkline nigeria,d4-9017,6197320101709,bt25-5456,2027-05-20,sachet,250mg,30g tube,nigeria,Genuine,0
lonart ds extra,chi pharmaceuitcals ltd,6cwe6j,3333333333333,batch-625,???,syurp,20mg,5 vials,china,Suspicious,1
total cure tablets,curefast pharmaceuticals,l0-2835,6196251049463,mtsdlr,2021-11-05,tablet,500mg/5ml,1 pack,china,Suspicious,1
gentamicin,dana pharmaceuticals ltd,o2-7694,6192942066153,lot26-8527,2026-11-22,powder,10mg,20 tablets,nigeria,Genuine,0
vitamin cc,novadrug industries,e2-8455,6194046682123,pwnms,09/10/2025,tablet,5mg,1 vial,ghana,Suspicious,1
azithromycin,bioraj pharmaceuticals ltd,w8-5240,6194344812307,b24-4881,2026-11-05,injection,100mg,10 capsules,nigeria,Genuine,0
doxycycline,mopson pharmaceutical ltd,u3-3483,6198632666788,lot24-7351,2027-01-23,powder,250mg,20 tablets,nigeria,Genuine,0
ranitidine,drugking industries,dh-vybg,0000000000000,pya,25/01/2025,suspension,unknown,20 tablets,ghana,Suspicious,1
lisinopril,swiss pharma nigeria ltd,q9-4639,6191608752430,l26-7567,2027-10-10,syrup,250mg/5ml,5 vials,nigeria,Genuine,0
coartem,mopson pharmaceutical ltd,r4-8927,6192629052912,b26-7531,2029-11-18,suspension,250mg/5ml,20 tablets,nigeria,Genuine,0
sprionolactone,drugking industries,-8091,6190734467461,94,2022-12-21,saceht,100mg,bulk,india,Suspicious,1
erythromycin,emzor pharmaceutical industries,m4-5929,6191343275607,lot24-8155,2029-12-14,cream,250mg/5ml,60ml bottle,nigeria,Genuine,0
promethazine,biofix pharmaceuticals,not registered,0000000000000,batch-500,2023-03-18,powder,250mg/5ml,10 tablets,unknown,Suspicious,1
lonart ds extra,alphahealth industries,d8-223604,0000000000000,78,2022-08-20,powder,200mg,1 pack,nigeria,Suspicious,1
ors,pharma deko plc,x5-2246,6194604014243,l24-2071,2026-08-06,tablet,250mg,20 tablets,nigeria,Genuine,0
flagyl,evans medical plc,i2-2520,6191753617066,bn25-1350,2027-11-14,ointment,10mg,5 vials,nigeria,Genuine,0
chloroquine,tuyil pharmaceutical industries,a1-3127,6194244626325,lot24-4831,2028-09-23,powder,125mg/5ml,20 tablets,nigeria,Genuine,0
ibuprofen,medexpress ltd,l2-333036,6195828630400,78,13/03/2025,drops,???,1 vial,china,Suspicious,1
azithromycin,drugking industries,-1491,24489684604126165542,unknown,2023-01-05,capslue,100mg,30g tube,pakistan,Suspicious,1
paracetmol,biofix pharmaceuticals,e7-6960,8888888888888,unknown,12/07/2025,pwoder,400mg,200ml bottle,china,Suspicious,1
ciprofloxacn,wonderdrug co,qn-nunp,cpxlpq7s5ea0t,batch-444,2023-11-06,capsule,5mg,1 pack,unknown,Suspicious,1
vitamin c,healwell pharma ltd,h8-6144,6190207153785,batch-163,UNKNOWN,cream,125mg/5ml,200ml bottle,india,Suspicious,1
tetracycline,juhel nigeria ltd,k-44,0000000000000,batch-058,15/04/2026,syrup,250mg/5ml,1 tube,india,Suspicious,1
tetracycline,chi pharmaceuticals ltd,i3-8944,6192805129278,l25-3998,2029-12-21,syrup,200mg,1 vial,nigeria,Genuine,0
spironolactone,bioraj pharmaceuticals ldt,e7-3477,6197992519734,---,UNKNOWN,injection,250mg/5ml,1 pack,pakistan,Suspicious,1
coartem,sanofi nigeria,b2-6292,6190264801643,lot24-3974,2029-04-22,injection,250mg,60ml bottle,nigeria,Genuine,0
metronidazol,dana pharmaceuticals ltd,k7-2930,0000000000000,10,2021-01-01,powdre,250mg/5ml,100 tablets,india,Suspicious,1
ceftriaxone,chi pharmaceuticals ltd,f4-1166,6192990155793,b26-0182,2027-09-24,injection,250mg,100 tablets,nigeria,Genuine,0
ferrous sulphate,hovid nigeria ltd,f3-2781,6193348458719,lot26-3545,2027-06-06,suspension,500mg/5ml,60ml bottle,nigeria,Genuine,0
instant relief caps,chi pharmaceuticals ltd,gpsss2,990693196303995,mwqbrg,unknown,syrup,unknown,100ml bottle,ghana,Suspicious,1
atenolol,dana pharmaceuticals ltd,t2-1590,6195302146564,l26-3381,2026-12-23,capsule,250mg,200ml bottle,nigeria,Genuine,0
metformin,dana pharmaceuticals ltd,c2-1149,6193875099775,bn24-8819,2029-01-01,powder,250mg/5ml,10 capsules,nigeria,Genuine,0
augmentin,megadrug industries,g-72,8888888888888,37,02/06/2025,capsule,1g,10 tablets,india,Suspicious,1
atenolol,pfizer nigeria,h2-1364,6191265789824,l24-5059,2026-09-28,tablet,500mg/5ml,1 vial,nigeria,Genuine,0
metronidazole,drugfield pharmaceuticals ltd,t3-9281,6196204485157,l26-1510,2029-02-04,capsule,100mg,1 tube,nigeria,Genuine,0
megavit plus,swiss pharma nigeria ltd,b8-1972,6196166201659,batch-976,09/06/2026,powder,125mg/5ml,5 vials,india,Suspicious,1
furosemide,mopson pharmaceutical ltd,b4-2900,6190276747830,l26-6490,2029-05-05,powder,20mg,10 tablets,nigeria,Genuine,0
augmentin,juhel nigeria ltd,r6-8570,6193622660937,l26-7137,2029-01-23,suspension,200mg,10 capsules,nigeria,Genuine,0
emzor paracetamol,drugfield pharmaceuticals ltd,j9-6091,6192965923426,l26-3368,2028-05-03,injection,1g,5 vials,nigeria,Genuine,0
flagy,goodhealth generics,n1-515981,0000000000000,hkvom,2021-11-26,injection,250mg,100 tablets,nigeria,Suspicious,1
omeprazole,bioraj pharmaceuticals ltd,z9-6636,6193690261135,b26-9511,2029-09-24,capsule,5mg,30g tube,nigeria,Genuine,0
magic cure pill,alphahealth industries,o0-3955,6193820715484,qlqfqac,27/08/2026,drops,100mg,10 capsules,ghana,Suspicious,1
emzor paracetamol,emzor pharmaceutical industries,l3-2509,6196117768729,b26-0111,2028-08-16,injection,100mg,20 capsules,nigeria,Genuine,0
augmentin,sanofi nigeria,m0-1645,6197063369985,l26-5917,2026-10-25,powder,100mg,30 tablets,nigeria,Genuine,0
ranitidine,skg pharma ltd,d3-9008,6191870728676,b24-9255,2029-11-26,injection,250mg/5ml,10 tablets,nigeria,Genuine,0
paracetmol,quickcure labs,n-11,81640989103909120302,batch-163,unknown,drosp,unknown,1 tube,china,Suspicious,1
lonart ds extra,evans medical plc,x2-4105,6190945255390,unknown,27/06/2026,capusle,200mg,10 capsules,ghana,Suspicious,1
glibenclamide,chi phamraceuticals ltd,cul2xmf,6194728617467,batch-509,???,syrup,unknown,30g tube,nigeria,Suspicious,1
instant relief caps,pharmaplus international,h-24,dijgdfblkt5pu,idbduar,14/08/2025,cream,50mg,1 tube,pakistan,Suspicious,1
artemether lumefantrine,swiss pharma nigeria ltd,fr-btmv,0000000000000,rouwjey,12/12/2026,cream,500mg/5ml,1 pack,unknown,Suspicious,1
lonart,nigerian german chemicals plc,i8-5633,6190858877047,bt25-8519,2026-02-06,powder,5mg,10 tablets,nigeria,Genuine,0
omeprazloe,novadrug industries,not registered,yqdkqufuwvupg,64,04/02/2026,powder,200mg,30g tube,nigeria,Suspicious,1
metronidazol,goodhealth generics,o5-9029,0000000000000,ioittp,???,sachet,50mg,20 tablets,india,Suspicious,1
amatem,swiss pharma nigeria ltd,m1-3487,6193724501848,b24-9904,2029-04-22,drops,400mg,20 tablets,nigeria,Genuine,0
ampiclox,neimeth internationa lpharmaceuticals,pending,6197988368636,??,UNKNOWN,injection,200mg,10 tablets,ghana,Suspicious,1
flagy,curefast pharmaceuticals,-9306,2222222222222,unknown,26/12/2025,sachet,unknown,20 capsules,ghana,Suspicious,1
amoxicillin,swiss pharma nigeria ltd,u0-8807,6190026876810,bn26-0607,2029-11-04,cream,20mg,1 vial,nigeria,Genuine,0
power drug,healwell pharma ltd,k-94,6199701815892,ucey,2023-05-06,caspule,100mg,100ml bottle,ghana,Suspicious,1
tetracycline,neimeth international pharmaceuticals,o2-7812,6190321450579,l26-7200,2026-10-10,cream,5mg,200ml bottle,nigeria,Genuine,0
prednisolone,alphahealth industries,f-65,6192473650036,78,unknown,sachet,unknown,1 vial,unknown,Suspicious,1
ferrous sulphate,tuyil pharmaceutical industries,f5-7374,6192926933587,b26-6162,2026-04-28,powder,250mg,200ml bottle,nigeria,Genuine,0
doxycycline,pharmaplus international,j6-1288,mzm4s3itebyeh,batch-982,2020-07-12,tablet,5mg,10 capsules,china,Suspicious,1
ors,megadrug industries,o06-241,9qmfzxe3wbmxm,96,unknown,tablet,???,30g tube,ghana,Suspicious,1
tramadol,bioraj pharmaceuticals ltd,c2-7191,6195742231967,lot25-3708,2026-01-10,tablet,100mg,100 tablets,nigeria,Genuine,0
ceftriaxone,fastrelief drugs,pending,vcx0msmejk9xs,63,UNKNOWN,drops,50mg,unknown,ghana,Suspicious,1
tetracylcine,fidson healthcar eplc,pending,49788,??,2020-03-28,tbalet,125mg/5ml,1 vial,china,Suspicious,1
multivitamin,juhel nigeria ltd,d9-1532,6195348640101,lot26-2343,2028-07-05,injection,10mg,60ml bottle,nigeria,Genuine,0
furosemide,pfizer nigeria,l7-9981,6196543627188,l25-6852,2026-04-07,cream,5mg,30 tablets,nigeria,Genuine,0
gentamicin,dana pharmaceuticals ltd,v886n7,qmr21n6n6ksez,89,unknown,tablet,400mg,200ml bottle,india,Suspicious,1
panadol,medexpress ltd,jr-loyy,36781752,batch-852,2023-07-09,syrup,50mg,100ml bottle,nigeria,Suspicious,1
augmentin,medexpress ltd,b4wngmpt,qt8hged36oru6,batch-815,04/06/2026,powder,100mg,20 tablets,pakistan,Suspicious,1
atnacid,quickcure labs,gop,971900002956162256,batch-707,20/05/2025,drops,400mg,100ml bottle,nigeria,Suspicious,1
azithromycin,neimeth international pharmaceuticals,d4-8723,6196461368477,lot26-8836,2027-07-01,drops,250mg/5ml,60ml bottle,nigeria,Genuine,0
glibenclamide,emzor pharmaceutical industries,c6-5445,6195104636812,lot25-9882,2026-03-07,powder,50mg,200ml bottle,nigeria,Genuine,0
doxycycline,pharmafast nigeria,mlav3w,6196131525520,90,2021-11-26,powder,20mg,1 pack,ghana,Suspicious,1
augmentin,glaxosmithkline nigeria,g8-7562,6195890260123,l26-7233,2026-02-09,suspension,10mg,20 tablets,nigeria,Genuine,0
lisinopril,chi pharmaceuticals ltd,f2-2293,6199693792379,lot25-4283,2026-08-10,powder,100mg,20 tablets,nigeria,Genuine,0
amlodipine,glaxosmithkline nigeria,v2-9757,6197153991560,l26-9306,2029-04-08,injection,250mg,10 capsules,nigeria,Genuine,0
vitamin c,chi pharmaceuticals ltd,efb46sata,ts8slib90szbm,batch-237,unknown,injection,400mg,200ml bottle,china,Suspicious,1
prednisolone,pharma deko plc,d2-4117,6198595143463,b24-4042,2028-09-09,tablet,500mg,30 tablets,nigeria,Genuine,0
amoxil,sanofi nigeria,d1-2042,6198623392207,l26-2057,2028-02-04,ointment,1g,1 tube,nigeria,Genuine,0
almodipine,topnotch drugs ltd,r5-721975,fr6tm2kgu5ece,juqqsoq,2022-03-09,drops,???,bulk,india,Suspicious,1
erytrhomycin,hovid nigeria ltd,e8-998972,72324644,unknown,2023-01-26,ointment,unknown,100ml bottle,unknown,Suspicious,1
glibenclamide,nigerian german chemicals plc,b9-8030,6192626582634,bn26-2169,2026-11-19,ointment,500mg/5ml,5 vials,nigeria,Genuine,0
lonart,evans medical plc,z6-8715,6197418625650,bt25-0831,2028-08-15,injection,200mg,10 capsules,nigeria,Genuine,0
ferrous sulphate,mopson pharmaceutical ltd,z8-7955,6196525483740,lot24-7470,2026-11-11,powder,250mg,10 tablets,nigeria,Genuine,0
panadol,drugfield pharmaceuticals ltd,s3-9570,6194308948707,l26-0949,2028-07-28,ointment,400mg,20 tablets,nigeria,Genuine,0
spironolactone,neimeth international pharmaceuticals,p3-4847,6193433339527,bn24-1385,2029-10-01,powder,500mg,100ml bottle,nigeria,Genuine,0
megavit plus,goodhealth generics,h3-958456,w5kambbcmnosl,batch-753,???,capsule,100mg,bulk,pakistan,Suspicious,1
paracetmol,fidson healthcare plc,k8-7574,6199928798725,unknown,unknown,injection,250mg/5ml,unknown,china,Suspicious,1
vitamin c,skg pharma ltd,c0-6504,6190805491470,l25-4511,2029-04-25,cream,125mg/5ml,100 tablets,nigeria,Genuine,0
ors,swiss pharma nigeria ltd,a0-5011,6197917693679,l24-2517,2026-02-25,ointment,200mg,30 tablets,nigeria,Genuine,0
multivitamin,juhel nigeria ltd,x3-2147,0000000000000,zfju,26/08/2026,sachet,unknown,20 tablets,india,Suspicious,1
promethazine,hovid nigeria ltd,a9-5381,6190244550226,b26-6666,2026-03-24,tablet,250mg,1 tube,nigeria,Genuine,0
tetracycline,skg pharma ltd,j3-9603,6194215031783,bn25-8292,2027-04-11,drops,250mg/5ml,200ml bottle,nigeria,Genuine,0
ibuprofen,chi pharmaceuticals ltd,s2-9021,6191296666767,bn24-8845,2027-12-12,tablet,10mg,30g tube,nigeria,Genuine,0
ors,mopson pharmaceutical ltd,r0-8107,6198828503170,bt24-5347,2026-12-07,drops,200mg,1 vial,nigeria,Genuine,0
omeprazole,goodhealth generics,k-29,4342139579656280,unknown,2022-01-01,ointmetn,125mg/5ml,5 vials,ghana,Suspicious,1
paracetamol,hovid nigeri altd,pending,1111111111111,batch-615,UNKNOWN,capsule,125mg/5ml,100ml bottle,pakistan,Suspicious,1
ceftriaxone,skg pharma ltd,b0-3897,6198427624672,bn26-8137,2029-08-18,syrup,5mg,10 tablets,nigeria,Genuine,0
atenolol,pharma deko plc,c3-4225,6192541107608,b26-5577,2028-04-04,drops,200mg,20 capsules,nigeria,Genuine,0
loperamide,topnotch drugs ltd,sv-kjud,q339ehayqtoby,pmp,03/10/2025,powedr,20mg,10 capsules,unknown,Suspicious,1
gentamicin,chi pharmaceuticals ltd,f1-3865,6192427677461,bt25-1203,2029-01-04,capsule,100mg,10 capsules,nigeria,Genuine,0
atenolol,may & baker nigeria plc,f1-7816,6199797296599,bn26-2240,2029-08-04,ointment,50mg,10 tablets,nigeria,Genuine,0
paracetamol,skg pharma ltd,b5-8867,6198360914984,lot24-7316,2027-05-25,injection,400mg,100ml bottle,nigeria,Genuine,0
amoxil,curefast pharmaceuticals,i-64,0000000000000,29,unknown,suspension,200mg,10 tablets,ghana,Suspicious,1
instant relief caps,wonderdrug co,pwfgaho,0000000000000,batch-763,2021-10-18,ceram,10mg,60ml bottle,unknown,Suspicious,1
magic cure pill,supercure pharma,j-85,0000000000000,batch-123,unknown,cream,200mg,unknown,unknown,Suspicious,1
atenolol,hovid nigeria ltd,j5-1380,6199022599990,l25-3445,2029-02-18,ointment,200mg,100ml bottle,nigeria,Genuine,0
furosemide,may & baker nigeria plc,w2-9498,6193857865275,unknown,2028-11-25,injection,1g,100ml bottle,nigeria,Genuine,0
vitaimn c,medexpress ltd,k41r,3333333333333,1,2020-06-26,syrup,400mg,100 tablets,unknown,Suspicious,1
ferrous sulphate,juhel nigeria ltd,m2-8111,6190602908461,l26-9170,2028-12-24,cream,10mg,10 tablets,nigeria,Genuine,0
ciprofloxacn,pharmaplus international,i-70,vfanmbrnfvxjr,54,18/06/2025,drops,10mg,1 pack,ghana,Suspicious,1
diclofenac,sanofi nigeria,x4-3193,6197881658032,b26-2817,2027-08-06,syrup,1g,1 vial,nigeria,Genuine,0
furosemide,medline drugs ltd,t0-6401,0334050,lctxlxaq,26/10/2025,syrup,unknown,100 tablets,unknown,Suspicious,1
amoxicilin,wonderdrug co,a2-914243,0000000000000,batch-673,2021-03-16,syrup,500mg/5ml,1 tube,china,Suspicious,1
folic acid,healthmax pharma,u2-7338,8066640599,??,2020-09-16,powder,unknown,20 capsules,ghana,Suspicious,1
ibuprofen,swiss pharma nigeria ltd,q3-4087,6198988816714,bn24-0384,2029-06-10,cream,100mg,100ml bottle,nigeria,Genuine,0
doxycycline,glaxosmithkline nigeria,t9-3996,6194065838723,l26-2530,2028-09-28,capsule,100mg,30 tablets,nigeria,Genuine,0
tramadol,sanofi nigeria,t3-7749,6192165914385,b24-3974,2027-06-21,cream,250mg/5ml,100 tablets,nigeria,Genuine,0
flagy,fastrelief drugs,unknown,6666666666666,unknown,05/01/2025,drops,100mg,5 vials,nigeria,Suspicious,1
multivitamin,chi pharmaceuticals ltd,j7-5722,6191407034911,bn25-5110,2026-07-12,tablet,500mg,10 capsules,nigeria,Genuine,0
amlodipine,dana pharmaceuticals ltd,c9-2757,unknown,l26-9407,2027-02-02,cream,200mg,5 vials,nigeria,Genuine,0
azithromycin,healthmax pharma,c3-9193,398189,79,21/11/2025,tablte,50mg,20 tablets,india,Suspicious,1
amatem,juhel nigeria ltd,y5-7559,6191857906479,l26-2089,2028-10-04,tablet,200mg,10 tablets,nigeria,Genuine,0
nifedipine,neimeth international pharmaceuticals,a0-8128,6192588576696,lot25-0586,2027-02-18,tablet,10mg,100 tablets,nigeria,Genuine,0
power drug,pahrma deko plc,cd-wxog,6190564468539,tqwec,07/12/2026,ointment,???,bulk,pakistan,Suspicious,1
diclofenac,evans medical plc,w2-8586,6190866882637,lot24-5511,2026-08-28,cream,250mg,200ml bottle,nigeria,Genuine,0
ferrous sulphate,hovid nigeria ltd,e2-1721,6196732318293,l24-7016,2026-12-25,cream,50mg,30 tablets,nigeria,Genuine,0
vitamin c,novadrug industries,kr6l5a,6194382039506,axtrbq,UNKNOWN,drops,250mg,100ml bottle,unknown,Suspicious,1
ciprofloxacin,bioraj pharmaceuticals ltd,l1-9163,6194460045214,bt26-9978,2026-06-04,capsule,400mg,30g tube,nigeria,Genuine,0
amoxicillin,medexpress ltd,6nphvo,ryblzzzfwijgf,---,12/02/2025,saceht,200mg,1 vial,pakistan,Suspicious,1
metronidazole,mopson pharmaceutical ltd,k4-2191,6192151641196,lot25-7116,2028-01-19,capsule,1g,1 tube,nigeria,Genuine,0
promethazine,emzor pharmaceutical industries,j7-2351,6192814429444,lot24-1927,2027-10-24,syrup,125mg/5ml,100ml bottle,nigeria,Genuine,0
flagy,fastrelief drugs,k9m,6192055033004,ctp,???,drops,200mg,10 tablets,nigeria,Suspicious,1
vitamin c,evans medical plc,n5-2476,6191131290140,b25-0275,2029-11-17,syrup,50mg,100ml bottle,nigeria,Genuine,0
gentamicin,healwell pharma ltd,gz36n3,0000000000000,batch-500,20/05/2025,syrup,125mg/5ml,1 vial,unknown,Suspicious,1
amlodipine,juhel nigeria ltd,x8-9822,6190705326018,bn26-4050,2026-01-08,powder,100mg,1 vial,nigeria,Genuine,0
metronidazole,glaxosmithkline nigeria,b7-9316,6193567430008,bt26-6315,2026-09-16,tablet,20mg,30g tube,nigeria,Genuine,0
vitamin c,chi pharmaceuticals ltd,k9-1329,6192035713438,bt25-0973,2029-12-10,syrup,400mg,30 tablets,nigeria,Genuine,0
folic acid,mopson pharmaceutical ltd,y6-5380,64871300025546453347,batch-126,UNKNOWN,injection,500mg,1 vial,nigeria,Suspicious,1
paracetamol,megadrug industries,9tlcfroalc,1070716,35,UNKNOWN,tablet,125mg/5ml,100 tablets,china,Suspicious,1
folic acid,glaxosmithkline nigeria,w5-3392,6192047277904,bn24-4293,2027-03-18,sachet,5mg,60ml bottle,nigeria,Genuine,0
amatem,healthmax pharma,o6ibrg,a0keu4mljtlhd,---,2021-12-10,suspension,400mg,30 tablets,india,Suspicious,1
ranitidine,drugfield pharmaceuticals ltd,t8-8921,6197694531478,bt25-9436,2029-06-01,drops,10mg,30 tablets,nigeria,Genuine,0
ciprofloxacn,chi pharmaceuticals ltd,d2-9453,4444444444444,batch-934,UNKNOWN,syrup,10mg,1 pack,ghana,Suspicious,1
augmentin,emzor pharmaceutical industries,l9-7185,6198519537743,b26-3076,2029-07-21,suspension,100mg,1 vial,nigeria,Genuine,0
instant relief caps,curefast pharmaceuticals,b7-9408,fwuqu9kjguszb,51,20/05/2026,syrup,10mg,unknown,india,Suspicious,1
ferrous sulphate,neimeth international pharmaceuticals,t6-3011,6193674994653,l26-9982,2029-08-17,injection,100mg,30g tube,nigeria,Genuine,0
amatem,nigerian german chemicals plc,e6-4267,6198380657878,lot26-8331,2028-07-09,syrup,500mg,20 capsules,nigeria,Genuine,0
emzor paracetamol,nigerian german chemicals plc,v9-6273,6198669346547,l24-2363,2029-10-23,powder,400mg,1 tube,nigeria,Genuine,0
folic acid,emzor pharmaceutical industries,z9-3730,6198605210260,bt25-0740,2029-07-10,powder,1g,10 tablets,nigeria,Genuine,0
ciprofloxacn,curefast pharmaceuticals,-5733,0000000000000,batch-080,2023-08-12,suspension,250mg/5ml,bulk,unknown,Suspicious,1
promethazine,biofix pharmaceuticals,w2-6759,0000000000000,batch-020,23/07/2026,sachet,500mg/5ml,1 pack,china,Suspicious,1
artemether lumefantrine,dana pharmaceuticals ltd,g8-2903,6190595518425,l26-4931,2028-01-21,tablet,10mg,100 tablets,nigeria,Genuine,0
spironolactone,healwell pharma ltd,k1-829392,395632,34,03/09/2025,cream,500mg/5ml,30 tablets,pakistan,Suspicious,1
lonart,bestpills international,f1-5620,1111111111111,batch-391,2023-08-01,syrup,250mg,1 vial,pakistan,Suspicious,1
loperamide,sunrise medications,-1370,6194905389057,batch-079,06/09/2025,ointment,50mg,30g tube,china,Suspicious,1
ibuprofen,drugfield pharmaceuticals ltd,f4-2676,6192896599943,b26-7856,2027-03-01,suspension,200mg,20 tablets,nigeria,Genuine,0
atenolol,pharma deko plc,g7-8372,6198052924079,lot25-3794,2029-07-22,ointment,500mg/5ml,30g tube,nigeria,Genuine,0
vitamin c,biofix pharmaceuticals,-9234,6194408895932,zybg,14/01/2026,syrup,250mg,100 tablets,ghana,Suspicious,1
diclofenac,pharma deko plc,i5-3200,unknown,bt26-1443,2028-03-18,suspension,400mg,1 tube,nigeria,Genuine,0
augmenti,alphahealth industries,p0-9488,1111111111111,zeaa,unknown,tablet,400mg,100ml bottle,india,Suspicious,1
erythromycin,medline drugs ltd,1lsj75,0000000000000,unknown,2023-06-13,syrup,???,1 vial,nigeria,Suspicious,1
ampiclox,pharma deko plc,r6-2310,6192059438973,l24-7714,2028-01-04,drops,50mg,20 capsules,nigeria,Genuine,0
instant relief caps,medexpress ltd,bwf,5555555555555,batch-718,2020-01-07,ointment,400mg,10 capsules,china,Suspicious,1
panado,alphahealth industries,c-36,22901138,unknown,16/10/2026,drops,20mg,10 tablets,china,Suspicious,1
cotrimoxazole,pharma deko plc,v1-9032,6197115921246,b26-9690,2028-07-20,powder,400mg,100ml bottle,nigeria,Genuine,0
panadol,sanofi nigeria,y0-3403,6192784699731,bt26-5287,2028-10-26,injection,20mg,1 tube,nigeria,Genuine,0
gilbenclamide,sgk pharma ltd,not registered,cnkidz3mcotwm,batch-436,unknown,suspension,20mg,60ml bottle,unknown,Suspicious,1
vitamin c,sanofi nigeria,v2-6731,6194629148657,bt26-8724,2026-11-22,ointment,5mg,20 capsules,nigeria,Genuine,0
erythromycin,pharma deko plc,f5-4517,6192447209994,bt26-4935,2029-07-18,drops,500mg,20 tablets,nigeria,Genuine,0
instant relief caps,pharmafast nigeria,y5-210982,eltu2et86peal,zkvbkudn,04/04/2026,cream,125mg/5ml,30g tube,china,Suspicious,1
megavit plus,neimeth international pharmaceuticals,q3-5213,6197151547462,ygu,???,tablet,400mg,20 capsules,nigeria,Suspicious,1
erythromycin,fidson healthcare plc,ta-iiqj,ky8xu5689efqb,batch-866,09/06/2026,ointment,500mg,10 tablets,china,Suspicious,1
panado,chi pharmaceuticals ltd,e6-273219,0000000000000,batch-821,2021-05-12,scahet,250mg/5ml,100ml bottle,india,Suspicious,1
chlorpheniramine,glaxosmithkline nigeria,h4-3310,6191388209087,b24-0209,2029-01-12,suspension,400mg,1 vial,nigeria,Genuine,0
ferrous sulphate,may & baker nigeria plc,k0-7643,6191387829316,bn26-2419,2029-11-01,drops,1g,10 tablets,nigeria,Genuine,0
doxycycline,juhel nigeria ltd,z8-5377,6190449972786,l25-5546,2029-08-11,suspension,250mg/5ml,100 tablets,nigeria,Genuine,0
flagyl,alphahealth industries,unknown,0000000000000,batch-649,???,ointment,5mg,10 tablets,ghana,Suspicious,1
paracetmol,sanof inigeria,n4-241800,6192943610904,34,02/11/2025,injection,1g,1 pack,nigeria,Suspicious,1
ranitidine,skg pharma ltd,f5-7125,6198777496905,bt24-3425,2029-04-13,suspension,400mg,60ml bottle,nigeria,Genuine,0
lisinopril,mopson pharmaceutical ltd,r0-4845,6195118718139,bt25-9444,2028-11-14,capsule,125mg/5ml,60ml bottle,nigeria,Genuine,0
tramadol,skg pharma ltd,o4-7256,6198862392402,l25-9185,2026-12-28,powder,250mg,10 capsules,nigeria,Genuine,0
lonart ds extra,supercure pharma,b5-7951,424532065432614340,62,2022-03-27,injection,250mg,30 tablets,india,Suspicious,1
panado,pharmaplus international,iv-cyew,21288669059469984,69,unknown,powdre,250mg,5 vials,china,Suspicious,1
tramadol,nigerian german chemicals plc,y4-9576,6196287203198,lot25-1992,2029-07-13,injection,10mg,10 tablets,nigeria,Genuine,0
ibuprofen,drugking industries,cb4yhb,158878,batch-047,26/06/2025,injection,50mg,1 tube,nigeria,Suspicious,1
cotrmioxazole,pharmafast nigeria,none,6192277773313,unknown,13/05/2026,tablet,500mg,60ml bottle,pakistan,Suspicious,1
diazepma,fidson healthcare plc,q6-8031,23214252611978925946,batch-426,12/12/2025,syrpu,125mg/5ml,200ml bottle,india,Suspicious,1
promethazine,dana pharmaceuticals ltd,k3-6006,6190018167780,lot26-1197,2029-06-06,injection,400mg,10 capsules,nigeria,Genuine,0
nifedipine,glaxosmithkline nigeria,y2-6096,6191904966319,b26-4078,2026-12-25,injection,125mg/5ml,1 vial,nigeria,Genuine,0
diazepam,emzor pharmaceutical industries,a5-8616,6197950017326,lot26-0301,2026-08-07,sachet,50mg,20 tablets,nigeria,Genuine,0
artemether lumefantrine,megadrug industries,6rzt,nrvrm61xpjrei,unknown,2022-01-17,cream,500mg/5ml,100ml bottle,china,Suspicious,1
ciprofloxacn,tuyil pharmaceutical industries,5mhsbd,52664267,48,2021-08-06,injcetion,50mg,100ml bottle,unknown,Suspicious,1
multivitamin,emzor pharmaceutical industries,f3-8068,6192192158189,b25-0170,2028-10-04,ointment,250mg,30g tube,nigeria,Genuine,0
lonart,skg pharma ltd,i3-1348,6196881164031,lot24-9777,2026-09-16,suspension,5mg,100ml bottle,nigeria,Genuine,0
loperamide,chi pharmaceuticals ltd,c4-6952,6195112747470,bt24-9418,2029-01-12,injection,20mg,60ml bottle,nigeria,Genuine,0
amlodipine,glaxosmithkline nigeria,pmsttzrh,6195537582687,93,UNKNOWN,tablet,200mg,200ml bottle,pakistan,Suspicious,1
nifdeipine,pharmaplus international,u245mr,0000000000000,xbunqyqv,unknown,syrup,125mg/5ml,unknown,ghana,Suspicious,1
vitamin c,medline drugs ltd,w4pyx3,tf3asfdcjlka3,unknown,unknown,cream,250mg/5ml,10 capsules,india,Suspicious,1
augmentin,medline drugs ltd,ovvt2i,cxds1akpxfpmh,73,2021-01-03,capsule,500mg,30g tube,india,Suspicious,1
diclofenac,glaxosmithkline nigeria,o1-3522,6197484677379,b24-6384,2027-10-17,syrup,250mg,10 capsules,nigeria,Genuine,0
tramadol,skg pharma ltd,oq-vuao,14286,unknown,06/06/2025,cream,125mg/5ml,5 vials,nigeria,Suspicious,1
furosemide,emzor pharmaceutical industries,w9-7415,6199029593915,l24-5525,2026-04-12,cream,100mg,5 vials,nigeria,Genuine,0
furosemide,bioraj pharmaceuticals ltd,y4-8617,6198189137182,b25-0964,2028-09-25,tablet,50mg,100ml bottle,nigeria,Genuine,0
cotrimoxazole,evans medical plc,o2-2848,6193074235912,lot24-6404,2026-05-02,injection,125mg/5ml,200ml bottle,nigeria,Genuine,0
azithromycin,hovid nigeria ltd,f6-8158,6191287585756,l25-6989,2029-08-01,powder,500mg,30g tube,nigeria,Genuine,0
unknown,healthmax pharma,aaye8s,6195133157920,jmwekha,27/03/2026,capsule,500mg/5ml,20 tablets,ghana,Suspicious,1
loperamide,drugfield pharmaceuticals ltd,q5-7088,6199224839580,b25-7835,2029-04-11,syrup,100mg,200ml bottle,nigeria,Genuine,0
amoixl,quickcure labs,-2815,mvsgdxmtmzhti,25,unknown,supsension,1g,5 vials,india,Suspicious,1
ferrous sulphate,sanofi nigeria,p3-8285,6191122299077,l25-7144,2026-12-17,cream,125mg/5ml,200ml bottle,nigeria,Genuine,0
emzor paracetamol,nigerian german chemicals plc,w0-4927,6192484137687,bn25-1353,2026-09-25,cream,20mg,100ml bottle,nigeria,Genuine,0
loperamide,swiss pharma nigeria ltd,a5-6902,6195657490251,bn25-2558,2026-02-20,suspension,500mg/5ml,20 capsules,nigeria,Genuine,0
furosemide,healthmax pharma,j7-8391,6666666666666,batch-223,???,capsule,400mg,20 tablets,nigeria,Suspicious,1
coartem,hovid nigeria ltd,f5-4338,6191106092090,b24-9468,2029-01-24,syrup,50mg,5 vials,nigeria,Genuine,0
augmentin,sanofi nigeria,b2-6237,6197252045652,bn25-4878,2026-09-07,syrup,500mg/5ml,20 tablets,nigeria,Genuine,0
amoxicillin,alphahealth industries,-8334,9529055095,unknown,unknown,powdre,400mg,30g tube,unknown,Suspicious,1
emzor paracetamol,chi pharmaceuticals ltd,w4-9295,6191569857007,bt26-7364,2027-01-13,suspension,125mg/5ml,10 capsules,nigeria,Genuine,0
ors,juhel nigeria ltd,x3-9759,6197584282411,l24-4337,2027-11-11,capsule,200mg,20 capsules,nigeria,Genuine,0
ibuprofen,pharmaplus international,y7-9709,175438,updp,23/08/2025,ointment,10mg,5 vials,india,Suspicious,1
augmenti,goodhealth generics,u6-869297,6199670447773,bpryw,2022-12-01,capusle,1g,200ml bottle,pakistan,Suspicious,1
lonart,pfizer nigeria,b-21,ikglinsjqswlz,deadlqyl,unknown,capsule,400mg,100ml bottle,unknown,Suspicious,1
folic acid,nigerian german chemicals plc,m6-8130,6198327238658,l24-4826,2027-03-01,capsule,125mg/5ml,10 tablets,nigeria,Genuine,0
coartem,megadrug industries,aq-mghf,0000000000000,hymy,2021-12-12,onitment,500mg/5ml,20 capsules,pakistan,Suspicious,1
flagyl,chi pharmaceuticals ltd,y4-9215,6199056708672,bn24-9917,2026-01-22,injection,200mg,60ml bottle,nigeria,Genuine,0
augmentin,evans medical plc,s1-3413,6197113072407,l26-8798,2029-06-09,capsule,5mg,20 tablets,nigeria,Genuine,0
lonart ds extra,curefast pharmaceuticals,j4gu,6195676776190,batch-157,2023-01-19,syrup,unknown,1 vial,india,Suspicious,1
ors,fidson healthcare plc,z7-7020,6192071678111,bt25-6663,2026-12-06,capsule,10mg,100 tablets,nigeria,Genuine,0
azithromycin,goodhealth generics,y0-277600,6190284655929,bqcqutgu,2023-05-12,suspension,100mg,20 tablets,china,Suspicious,1
erythromycin,pfizer nigeria,l3-4762,qrktf1uy3kl1r,5,2022-03-13,injection,125mg/5ml,5 vials,ghana,Suspicious,1
ibuprofen,swiss pharma nigeria ltd,x8-2797,6191659930207,bt24-3505,2026-05-23,syrup,200mg,30 tablets,nigeria,Genuine,0
metronidazole,bioraj pharmaceuticals ltd,s8-3415,6191722332068,bn26-7233,2027-11-05,sachet,400mg,20 capsules,nigeria,Genuine,0
spironolactone,sanofi nigeria,m3-5994,6198079705095,l25-4988,2028-02-01,cream,250mg/5ml,30 tablets,nigeria,Genuine,0
flagy,mopson pharmaceutical ltd,9o2ee7,6190706594805,batch-910,unknown,dorps,50mg,20 tablets,china,Suspicious,1
paracetamol,novadrug industries,e8jkr0trl,ornuevfkbtddy,50,14/01/2026,injection,250mg/5ml,60ml bottle,pakistan,Suspicious,1
diclofenac,neimeth international pharmaceuticals,w9-8790,6194014890253,bn24-9717,2027-12-27,ointment,250mg,10 capsules,nigeria,Genuine,0
multivitamin,fidson healthcare plc,u0-9497,6193583286344,bt25-5531,2029-04-18,suspension,500mg,10 tablets,nigeria,Genuine,0
ceftriaxone,sunrise medications,s-82,0000000000000,batch-111,17/06/2026,tablet,100mg,10 tablets,india,Suspicious,1
chlorpheniramine,goodhealth generics,i0-4774,03793061,7,2022-06-17,syrup,400mg,100 tablets,unknown,Suspicious,1
augmenti,juehl nigeria ltd,pbqed,0000000000000,unknown,2023-03-12,ointment,unknown,100 tablets,nigeria,Suspicious,1
lonart ds extra,fidson healthcare plc,j-28,6195594698901,unknown,2021-08-24,syrup,???,100 tablets,unknown,Suspicious,1
metronidazole,chi pharmaceuticals ltd,v3-8852,6194167872564,b26-6470,2027-02-04,tablet,100mg,30 tablets,nigeria,Genuine,0
loperamide,skg pharma ltd,t5-2075,6193711624116,bt25-1935,2027-08-05,suspension,5mg,5 vials,nigeria,Genuine,0
gentamicin,tuyil pharmaceutical industries,i5-9336,6194760944125,b24-3687,2027-08-05,capsule,250mg/5ml,200ml bottle,nigeria,Genuine,0
furosemide,glaxosmithkline nigeria,i3-8483,6194470120451,lot25-1998,2026-01-01,syrup,125mg/5ml,5 vials,nigeria,Genuine,0
hydrocortisone,hovid nigeria ltd,l1-4400,6198544577028,b26-2831,2028-10-14,ointment,500mg/5ml,10 tablets,nigeria,Genuine,0
ranitidine,tuyil pharmaceutical industries,c8-9830,6191312920873,lot24-0741,2027-10-07,syrup,250mg,200ml bottle,nigeria,Genuine,0
artemether lumefantrine,drugking industries,m2-7057,36127698762295794,??,02/09/2025,sachet,unknown,100 tablets,unknown,Suspicious,1
tetracycline,evans medical plc,g6-5118,6195970108222,bn25-8536,2026-02-08,drops,1g,1 vial,nigeria,Genuine,0
vitamin b compelx,drugking industries,-3690,dsyw2iyygxehn,batch-768,UNKNOWN,cream,10mg,20 capsules,unknown,Suspicious,1
coartem,fidson healthcare plc,m8-8118,6192278376933,b26-8689,2027-04-03,injection,500mg/5ml,60ml bottle,nigeria,Genuine,0
amoxicilin,novadrug industries,q5-4157,6666666666666,85,24/03/2025,craem,20mg,100ml bottle,pakistan,Suspicious,1
diazepam,wonderdrug co,w30y28,6190434010264,batch-333,14/11/2026,cream,20mg,10 capsules,pakistan,Suspicious,1
azithromycin,fidson healthcare plc,k9-8033,6199664160527,b25-6028,2026-07-28,capsule,200mg,60ml bottle,nigeria,Genuine,0
cotrimoxazole,pfizer nigeria,fvqy,6196278908804,unknown,2020-03-22,capsule,125mg/5ml,10 capsules,pakistan,Suspicious,1
ampiclox,fastrelief drugs,4gma4i,0000000000000,??,19/12/2025,tablet,100mg,1 pack,unknown,Suspicious,1
loanrt,curefast pharmaceuticals,y5-148218,4jexp5lmjra26,---,02/08/2026,sachet,250mg/5ml,5 vials,unknown,Suspicious,1
omeprazole,hovid nigeria ltd,w1-7643,6190930685386,b24-7450,2027-11-25,powder,200mg,30 tablets,nigeria,Genuine,0
power drug,topnotch drugs ltd,w4-292669,bjvnabdtimriy,batch-684,UNKNOWN,syrup,500mg/5ml,10 tablets,china,Suspicious,1
chlorpheniramine,sunrise medications,h3-9553,kku9xebkr5ycs,pirie,2022-06-13,drops,50mg,1 tube,nigeria,Suspicious,1
megavit plus,bioraj pharmaceuticals ltd,y5-4026,6197487700784,hmreehor,unknown,syrup,???,20 tablets,pakistan,Suspicious,1
multiviatmin,healthmax pharma,ndy696,6192030695166,batch-401,???,tablet,200mg,10 capsules,ghana,Suspicious,1
cotrimoxazole,may & baker nigeria plc,r2-8201,6191721733736,b26-9644,2027-01-11,syrup,100mg,30 tablets,nigeria,Genuine,0
ferrous sulphate,sanofi nigeria,s5-5909,6196521707307,bt26-3872,2029-10-07,suspension,50mg,1 tube,nigeria,Genuine,0
ranitidine,healthmax pharma,-9769,5555555555555,58,18/11/2025,syrup,200mg,bulk,pakistan,Suspicious,1
tetracycline,pharma deko pcl,y0eap5,6198606734765,unknown,27/10/2026,suspension,250mg/5ml,30 tablets,ghana,Suspicious,1
omeprazole,tuyil pharmaceutical industries,m9-3248,6197517588917,lot26-4494,2028-05-20,powder,200mg,20 capsules,nigeria,Genuine,0
doxycycline,bioraj pharmaceuticals ltd,g4-4015,6190165423562,l25-8873,2027-12-14,cream,250mg/5ml,1 vial,nigeria,Genuine,0
metrnoidazole,healthmax pharma,n6-938402,0000000000000,??,2023-04-16,capsule,500mg/5ml,100ml bottle,nigeria,Suspicious,1
amoxil,chi pharmaceuticals ltd,a5-8636,6195639836527,bn24-7343,2028-09-07,tablet,1g,10 capsules,nigeria,Genuine,0
azithromycin,pharmaplus international,674tqnh4,18011308523156823428,batch-997,2022-07-06,ointment,100mg,100ml bottle,china,Suspicious,1
amlodipine,nigerian german chemicals plc,fo2hj,0000000000000,unknown,2023-10-02,injection,10mg,200ml bottle,unknown,Suspicious,1
amatem,pharmaplus international,o2-4590,7412081,weai,2022-01-10,suspension,50mg,1 tube,nigeria,Suspicious,1
chloroquine,tuyil pharmaceutical industries,b5-1462,6192497243993,bt24-2012,2026-11-23,ointment,20mg,1 tube,nigeria,Genuine,0
atenolol,swiss pharma nigeria ltd,l9-8758,6191075633539,lot26-7901,2028-09-11,sachet,500mg/5ml,20 capsules,nigeria,Genuine,0
doxycycline,evans medical plc,t8-6771,6196012562538,bn24-6189,2028-03-25,cream,250mg,10 tablets,nigeria,Genuine,0
panadol,skg pharma ltd,t8-1811,6195950310065,lot26-3642,2028-12-01,suspension,250mg/5ml,1 vial,nigeria,Genuine,0
lopreamide,topnotch drugs ltd,l9-8126,5056693,??,02/03/2026,syrup,unknown,30 tablets,unknown,Suspicious,1
megavit plus,goodhealth generics,x2-112441,793741587199425,rdisrxup,2022-06-23,powder,???,100ml bottle,unknown,Suspicious,1
multivitamin,unknown,l6-8054,6195939836845,lot25-7431,2029-01-24,tablet,400mg,1 vial,nigeria,Genuine,0
folic acid,emzor pharmaceutical industries,w5-4502,6197953816490,bt26-3662,2026-09-09,sachet,500mg/5ml,5 vials,nigeria,Genuine,0
multivitamin,may & baker nigeria plc,c8-7338,6197740378422,bt26-3275,2028-05-19,cream,200mg,10 tablets,nigeria,Genuine,0
tetracycline,chi pharmaceuticals ltd,p6-4449,6196556472928,b26-3844,2026-12-09,suspension,5mg,60ml bottle,nigeria,Genuine,0
ferrous sulphate,emzor pharmaceutical industries,p3-4069,6191464493690,b26-5947,2026-07-16,sachet,200mg,100 tablets,nigeria,Genuine,0
amoxicillin,pfizer nigeria,p6-3184,6196374845393,b25-2463,2028-01-20,tablet,250mg/5ml,30g tube,nigeria,Genuine,0
prednisolone,pfizer nigeria,o2-4983,6192002496852,lot26-8966,2027-03-16,injection,1g,20 capsules,nigeria,Genuine,0
ceftriaxone,mopson pharmaceutical ltd,q3-4834,6193647704135,bn26-0304,2026-06-07,powder,125mg/5ml,60ml bottle,nigeria,Genuine,0
paracetmol,pharmaplus international,y1-751646,6190723461500,batch-174,unknown,sachet,250mg,10 capsules,india,Suspicious,1
chloroquine,drugfield pharmaceuticals ltd,z2-6947,6197540900342,b25-5167,2028-11-04,powder,200mg,100ml bottle,nigeria,Genuine,0
ciprofloxacin,skg pharma ltd,i3-1615,6194350238504,bt24-9260,2028-07-13,cream,100mg,100ml bottle,nigeria,Genuine,0
unknown,healthmax pharma,none,4444444444444,batch-368,unknown,sryup,250mg/5ml,1 vial,unknown,Suspicious,1
diazepam,pfizer nigeria,t1-1741,6191576764725,bt26-9759,2026-03-01,sachet,1g,20 capsules,nigeria,Genuine,0
cotrimoxazole,chi pharmaceuticals ltd,k9-1565,6194599080278,bn24-2392,2027-02-17,syrup,250mg/5ml,100 tablets,nigeria,Genuine,0
prednisolone,medexpress ltd,a-32,6197217931624,batch-083,2023-08-20,sachet,1g,100ml bottle,ghana,Suspicious,1
glibenclamide,dana pharmaceuticals ltd,s7-3666,6198339121870,bn25-2674,2027-03-17,powder,500mg,1 tube,nigeria,Genuine,0
metronidazole,skg pharma ltd,z9-4084,6195978207156,bn26-2927,2026-04-23,drops,50mg,200ml bottle,nigeria,Genuine,0
aamtem,topnotch drugs ltd,z5-9246,5744509998,unknown,2022-06-25,susepnsion,unknown,100 tablets,nigeria,Suspicious,1
spironolactone,pharma deko plc,l0-5355,6198014138117,bt26-6413,2027-04-17,suspension,1g,5 vials,nigeria,Genuine,0
amatem,emzor pharmaceutical industries,s0-9138,6194395339426,bn26-0745,2028-08-02,sachet,10mg,1 tube,nigeria,Genuine,0
promethazine,may & baker nigeria plc,a2-9283,6197721753545,bn26-3748,2029-07-27,suspension,250mg,100ml bottle,nigeria,Genuine,0
vitamin cc,biofix pharmaceuticals,ipg9mx,6199862254684,unknown,???,ointment,50mg,1 tube,unknown,Suspicious,1
spironolactone,chi pharmaceuticals ltd,w3-4741,6197209484138,bn24-8661,2028-01-07,suspension,200mg,1 vial,nigeria,Genuine,0
amoxicillin,evans medical plc,n8-3163,6197567043107,bt26-5603,2029-10-11,cream,50mg,1 vial,nigeria,Genuine,0
amatem,quickcure labs,uk-impv,6194442022486,33,???,suspension,unknown,100ml bottle,unknown,Suspicious,1
folic acid,chi pharmaceuticals ltd,q5-5523,6197815061853,bt26-0683,2026-04-05,sachet,20mg,100 tablets,nigeria,Genuine,0
metformin,skg pharma ltd,-8031,bu5ez9ixg9ntc,8,21/11/2025,drops,unknown,100 tablets,ghana,Suspicious,1
paandol,quickcure labs,z6-4166,693287927462268975,12,2022-03-22,injection,???,10 capsules,ghana,Suspicious,1
unknown,mopson pharmaceutical ltd,p5-625950,0000000000000,unknown,2022-11-21,capsule,10mg,100ml bottle,china,Suspicious,1
augmenti,healthmax pharma,zq8day,8888888888888,17,2023-05-16,drops,???,5 vials,china,Suspicious,1
glibenclamide,tuyil pharmaceutical industries,d2-2471,6192413936961,l26-9382,2029-07-02,sachet,5mg,100ml bottle,nigeria,Genuine,0
cholroquine,medexpress ltd,m-94566,14012833195589799035,unknown,16/02/2026,tablet,250mg/5ml,unknown,pakistan,Suspicious,1
antacid,evans medical plc,z2-6368,6193042897319,l26-1162,2027-09-13,powder,10mg,100ml bottle,nigeria,Genuine,0
spironolactone,unknown,eapfj6,7777777777777,??,2023-02-12,cream,50mg,100 tablets,nigeria,Suspicious,1
ciprofloxacn,megadrug industries,kc1zauqg,6192387351869,??,16/05/2025,suspension,250mg/5ml,30 tablets,pakistan,Suspicious,1
ampiclox,swiss pharma nigeria ltd,b3-8053,6198499515427,bn25-4586,2029-08-08,syrup,400mg,10 capsules,nigeria,Genuine,0
erythromycin,may & bkaer nigeria plc,s-11,9999999999999,42,UNKNOWN,drops,20mg,20 tablets,china,Suspicious,1
total cure tablets,healwell pharma ltd,jc-huhe,3107722,72,09/10/2026,powder,20mg,30g tube,unknown,Suspicious,1
amoxicilin,supercure pharma,2vxo3p,0000000000000,vurce,07/03/2025,drosp,250mg,10 tablets,ghana,Suspicious,1
amlodipine,swiss pharma nigeria ltd,x5-6252,6194218808795,b24-6777,2027-11-08,injection,250mg/5ml,20 tablets,nigeria,Genuine,0
nifedipine,nigerian german chemicals plc,q3-2724,6195893571264,l24-1611,2026-07-05,drops,200mg,100ml bottle,nigeria,Genuine,0
amoxicillin,megadrug industries,u1-6219,gllywp8motrws,unknown,2022-02-13,injection,unknown,20 tablets,ghana,Suspicious,1
vitamin b complex,pharma deko plc,w7-3601,6199949387434,bn24-7402,2026-07-20,suspension,5mg,20 capsules,nigeria,Genuine,0
amlodipine,glaxosmithkline nigeria,v8-5423,6199926189143,bn24-8254,2027-10-07,injection,5mg,100 tablets,nigeria,Genuine,0
super paracetamol,healwell pharma ltd,t9-2393,chlxx1u6oymil,---,2020-12-14,syrup,125mg/5ml,5 vials,ghana,Suspicious,1
ferrous sulphate,glaxosmithkline nigeria,l4-9237,6190940476042,lot26-1037,2026-12-16,sachet,125mg/5ml,100ml bottle,nigeria,Genuine,0
panadol,medline drugs ltd,1yns3b,0930548473,batch-486,2021-05-27,ceram,200mg,1 tube,nigeria,Suspicious,1
erythromycin,chi pharmaceuticals ltd,v6-9724,6190408509541,b24-0548,2028-12-27,sachet,20mg,60ml bottle,nigeria,Genuine,0
amlodipine,pfizer nigeria,s6-5319,6193385324725,lot26-1043,2028-09-08,suspension,200mg,10 capsules,nigeria,Genuine,0
amoxil,pharmaplus international,l8-416575,44157,70,2022-12-07,ointment,unknown,30g tube,nigeria,Suspicious,1
promethazine,mopson pharmaceutical ltd,o2-8242,6199083350905,bt25-4209,2027-06-15,suspension,125mg/5ml,10 tablets,nigeria,Genuine,0
atenolol,biofix pharmaceuticals,vvenacl4,11745553706272816,unknown,2023-05-13,capsule,125mg/5ml,bulk,india,Suspicious,1
chloroquine,neimeth international pharmaceuticals,z9-6744,6199629233099,lot26-4705,2027-06-23,injection,400mg,1 vial,nigeria,Genuine,0
diclofenac,drugking industries,-7762,zyfemglxjjwnd,17,2020-03-08,injection,500mg/5ml,1 pack,unknown,Suspicious,1
erythromycin,fidson healthcare plc,r4-6925,6199310341317,l25-7528,2028-03-12,cream,200mg,5 vials,nigeria,Genuine,0
artemether lumefantrine,healthmax pharma,tj-xcil,814980253084376992,??,10/08/2026,sryup,1g,20 capsules,china,Suspicious,1
magic cure pill,healwell pharma ltd,y4-6594,qxd34b6yfwcux,gzuignpe,2023-05-07,sachet,5mg,200ml bottle,unknown,Suspicious,1
instant relief caps,dana pharmaceuticals ltd,not registered,6192800417707,unknown,23/07/2025,suspension,200mg,100ml bottle,ghana,Suspicious,1
chlorpheniramine,fidson healthcare plc,e3-5968,6197851961063,lot25-2965,2029-12-19,syrup,200mg,30 tablets,nigeria,Genuine,0
coartem,bioraj pharmaceuticals ltd,qntpap,nwdpnuwytqthc,bpwer,12/02/2025,tablet,???,200ml bottle,china,Suspicious,1
amoldipine,glaxosmithkline nigeria,d3-945872,6193659050411,unknown,05/03/2025,injection,???,1 pack,nigeria,Suspicious,1
cotrimoxazole,mopson pharmaceutical ltd,a1-8058,6197318826171,bn24-4198,2027-08-13,cream,400mg,20 capsules,nigeria,Genuine,0
atenolol,dana pharmaceuticals ltd,e0-7436,6197998136461,bt24-5607,2026-08-19,tablet,5mg,60ml bottle,nigeria,Genuine,0
lonart,mopson pharmaceutical ltd,c3-5654,6192284993902,b26-3058,2029-02-08,drops,125mg/5ml,20 tablets,nigeria,Genuine,0
ceftriaxone,pfizer nigeria,u8-7646,6193210613390,lot26-3611,2028-06-15,tablet,125mg/5ml,5 vials,nigeria,Genuine,0
chloroquine,fidson healthcare plc,k9-5751,6198989596547,l26-7220,2027-05-11,injection,400mg,1 tube,nigeria,Genuine,0
augmentin,drugfield pharmaceuticals ltd,g8-1731,6197017656369,bn24-4205,2026-12-05,cream,125mg/5ml,1 tube,nigeria,Genuine,0
nifedipine,emzor pharmaceutical industries,b3-9673,6194576205557,lot24-8312,2028-01-21,injection,20mg,10 tablets,nigeria,Genuine,0
nifedipine,evans medical plc,g2-9475,6193096520744,lot25-6728,2029-12-02,sachet,250mg/5ml,1 vial,nigeria,Genuine,0
chlorpheniramine,glaxosmithkline nigeria,e8-8479,6198848699969,b26-8529,2027-12-20,tablet,400mg,20 capsules,nigeria,Genuine,0
folic acid,juhel nigeria ltd,u4-5382,6199647598767,bt24-0478,2027-12-08,injection,250mg/5ml,1 tube,nigeria,Genuine,0
nifedipine,glaxosmithkline nigeria,c5-9247,6194886008015,l26-8558,2029-08-23,drops,5mg,30 tablets,nigeria,Genuine,0
emzor paracetamol,pfizer nigeria,k6-3177,6195257150999,l25-8472,2027-09-19,tablet,200mg,10 tablets,nigeria,Genuine,0
lonart,evans medical plc,n7-6331,6193612751560,bt25-8114,2029-11-08,tablet,400mg,10 capsules,nigeria,Genuine,0
amatem,chi pharmaceuticals ltd,p3-8178,6192037638821,bn25-6175,2028-12-04,injection,125mg/5ml,200ml bottle,nigeria,Genuine,0
vitamin b complex,novadrug industries,q1-2452,6193899906820,nha,2023-08-12,suspension,500mg/5ml,100ml bottle,ghana,Suspicious,1
super paracetamol,unknown,u1-3363,6196428125983,51,2020-08-27,injection,5mg,5 vials,pakistan,Suspicious,1
amoxil,bioraj pharmaceuticals ltd,a3-1852,6195690674472,bn25-4159,2027-12-17,syrup,200mg,10 capsules,nigeria,Genuine,0
antacid,pfizer nigeria,o2-2153,6195406417690,bt26-8083,2028-04-17,capsule,250mg,1 tube,nigeria,Genuine,0
lisinopril,bioraj pharmaceuticals ltd,o7-6922,6198030468755,bn25-3288,2028-02-19,tablet,250mg/5ml,100 tablets,nigeria,Genuine,0
ibuprofen,swiss pharma nigeria ltd,s8-4314,6192482629252,bn26-8832,2026-03-11,syrup,unknown,10 tablets,nigeria,Genuine,0
panadol,novadrug industries,epddmqysyw,wryfods3fxqay,evsett,12/12/2026,inejction,20mg,30 tablets,pakistan,Suspicious,1
chlorpheniramine,may & baker nigeria plc,d9-3646,6197750461626,87,UNKNOWN,suspension,unknown,1 tube,unknown,Suspicious,1
multivitamin,supercure pharma,m6-461518,6191837847716,57,08/05/2026,tablet,500mg/5ml,5 vials,pakistan,Suspicious,1
promethazine,skg pharma ltd,i9-9060,6193502080213,lot25-2148,2029-12-01,suspension,250mg,30 tablets,nigeria,Genuine,0
hydrocortisone,pfizer nigeria,g0-4212,6196149872838,b26-9979,2027-02-19,syrup,250mg/5ml,20 tablets,nigeria,Genuine,0
vitamin b complex,may & baker nigeira plc,f5-4251,15255,unknown,15/12/2025,ointment,100mg,1 pack,india,Suspicious,1
panado,pharmafast nigeria,e2-649795,4444444444444,batch-764,18/01/2026,ointment,250mg,200ml bottle,nigeria,Suspicious,1
folic acid,sanofi nigeria,o7-6547,6192441822267,bn26-6812,2027-09-18,drops,250mg/5ml,10 capsules,nigeria,Genuine,0
metronidazole,emzor pharmaceutical industries,t1-1931,6199391119263,b24-1916,2027-05-10,drops,125mg/5ml,20 tablets,nigeria,Genuine,0
prednisolone,fidson healthcare plc,n0-4720,6199886365366,bt24-8532,2028-06-12,sachet,500mg,60ml bottle,nigeria,Genuine,0
azithromycin,pharma deko plc,c7-5921,6192243864908,b24-0838,2026-09-14,ointment,250mg,100ml bottle,nigeria,Genuine,0
panado,alphahealth industries,i-41,6197804704075,50,03/09/2026,cream,10mg,unknown,ghana,Suspicious,1
tetracycline,chi pharmaceuticals ltd,q9-8106,6191122338653,lot26-7137,2027-01-25,sachet,1g,100 tablets,nigeria,Genuine,0
power drug,healthmax pharma,thwubbnty,nu5v58zbkmmzn,??,???,cream,250mg,10 tablets,india,Suspicious,1
nifedipine,hovid nigeria ltd,u4-8652,6197686342341,l24-9662,2028-03-26,suspension,250mg/5ml,100ml bottle,nigeria,Genuine,0
lisinopril,fidson healthcare plc,c4-8415,6191656094568,lot24-5077,2029-10-19,drops,125mg/5ml,1 vial,nigeria,Genuine,0
folic acid,dana pharmaceuticals ltd,s3-6710,6194358644963,bt26-2381,2028-04-22,cream,250mg/5ml,200ml bottle,nigeria,Genuine,0
multivitamin,nigerian german chemicals plc,-8836,0000000000000,lkpobo,2020-01-19,caspule,125mg/5ml,20 capsules,pakistan,Suspicious,1
multivitamin,sanofi nigeria,unknown,6198249671830,bt25-8954,2027-04-18,ointment,5mg,100ml bottle,nigeria,Genuine,0
power drug,sunrise medications,p9-3869,0000000000000,batch-826,09/11/2025,syrup,125mg/5ml,200ml bottle,nigeria,Suspicious,1
lisinopril,nigerian german chemicals plc,z6-7247,6197252145260,lot25-1586,2027-05-13,suspension,200mg,20 capsules,nigeria,Genuine,0
augmentin,chi pharmaceuitcals ltd,l-10,6193856162719,batch-021,???,suspension,125mg/5ml,bulk,china,Suspicious,1
prednisolone,sanofi nigeria,a7-5055,6197100943888,bt24-1638,2026-05-26,cream,50mg,100ml bottle,nigeria,Genuine,0
ciprofloxacin,tuyil pharmaceutical industries,l0-9894,6190196304533,bn25-3860,2028-12-18,powder,100mg,10 capsules,nigeria,Genuine,0
tramadol,tuyil pharmaceutical industries,t2-8643,387885,66,24/11/2026,powder,50mg,1 pack,unknown,Suspicious,1
metformin,evans medical plc,unknown,6196066961066,unknown,???,injection,200mg,10 capsules,nigeria,Suspicious,1
hydrocortisone,pharmaplus international,none,0000000000000,batch-753,unknown,tablet,400mg,5 vials,unknown,Suspicious,1
amoxicilin,sunrise medications,o28-083,8699724,batch-646,UNKNOWN,cream,20mg,20 capsules,unknown,Suspicious,1
omeprazole,emzor pharmaceutical industries,y0-8767,6192290349441,l25-5813,2029-05-07,drops,400mg,5 vials,nigeria,Genuine,0
power drug,medexpress ltd,u6-3071,8888888888888,---,11/05/2025,syrup,???,100 tablets,india,Suspicious,1
magic cure pill,emzor pharmaceutical industries,flvm8n,4444444444444,93,2022-12-14,syrup,20mg,1 pack,india,Suspicious,1
erythromycin,glaxosmithkline nigeria,p9-4695,6192710405412,bn25-2887,2029-03-24,capsule,5mg,20 tablets,nigeria,Genuine,0
omeprazole,glaxosmithkline nigeria,g8-6739,6198542493214,lot26-5649,2029-01-05,tablet,50mg,5 vials,nigeria,Genuine,0
loperamide,skg pharma ltd,d9-7380,6190940970526,l26-7609,2028-01-06,cream,5mg,200ml bottle,nigeria,Genuine,0
chloroquine,healwell pharma ltd,h5pkp6,764747,unknown,unknown,ointment,10mg,100 tablets,india,Suspicious,1
gentamicin,megadrug industries,pending,6193035821727,unknown,unknown,tablet,250mg,200ml bottle,pakistan,Suspicious,1
flagyl,medexpress ltd,y0-659333,0000000000000,unknown,2022-02-25,capsule,unknown,30 tablets,nigeria,Suspicious,1
panadol,pharma deko plc,b3-4829,6195910157099,bn26-6133,2026-05-10,sachet,100mg,10 tablets,nigeria,Genuine,0
multivitamin,drugfield pharmaceuticals ltd,h2-6599,6196216893636,b24-7087,2028-10-11,drops,5mg,30 tablets,nigeria,Genuine,0
vitamin c,medexpress ltd,hz3n,13693005,23,2022-05-06,ointment,50mg,1 tube,china,Suspicious,1
spironolactone,juhel nigeria ltd,n3-5391,6192777522596,bt24-6954,2026-07-12,powder,250mg,30 tablets,nigeria,Genuine,0
multivitamin,healthmax pharma,3xhfxbpjys,b12atowofimqs,bcjhmzd,2022-08-16,sachet,10mg,5 vials,pakistan,Suspicious,1
lisinopril,neimeth international pharmaceuticals,n2-7693,6192044397353,b26-7606,2026-01-16,syrup,10mg,1 tube,nigeria,Genuine,0
omeprazloe,novadrug industries,bh-uznz,906155026134097312,99,unknown,ointment,unknown,unknown,unknown,Suspicious,1
panadol,glaxosmithkline nigeria,h1-3901,6195129311008,lot26-1253,2027-10-21,drops,125mg/5ml,20 capsules,nigeria,Genuine,0
flagyl,drugfield pharmaceuticals ltd,k7-6147,6199833991402,bt26-8359,2028-04-26,ointment,20mg,1 tube,nigeria,Genuine,0
chloroquine,emzor pharmaceutical industries,z3-2262,6191142817855,bt24-8843,2027-04-26,tablet,10mg,30 tablets,nigeria,Genuine,0
chlorpheniramine,nigerian german chemicals plc,b5-8046,6197303064427,bn24-1234,2028-07-03,injection,250mg/5ml,100ml bottle,nigeria,Genuine,0
nifedipine,hovid nigeria ltd,j2-3873,6192231059279,lot25-3122,2027-09-23,tablet,125mg/5ml,20 capsules,nigeria,Genuine,0
ciprofloxacin,dana pharmaceuticals ltd,o4-6491,6195611404287,b25-0802,2028-11-01,cream,200mg,100ml bottle,nigeria,Genuine,0
amoxil,megadrug industries,cc-znbw,92449,67,18/08/2026,drops,500mg,10 capsules,pakistan,Suspicious,1
omeprazole,evans medical plc,d6-8570,6193478536981,b24-6339,2028-10-18,tablet,400mg,10 capsules,nigeria,Genuine,0
vitamin cc,may & baker nigeria plc,dhsm0,6194811051291,90,05/05/2025,tablet,???,bulk,unknown,Suspicious,1
augmentin,skg pharma ltd,r4-9666,6190841241183,bt25-4716,2027-12-11,suspension,125mg/5ml,5 vials,nigeria,Genuine,0
cotrimoxazole,nigerian german chemicals plc,e4-9283,6191323570715,bt26-8759,2028-09-06,syrup,5mg,20 capsules,nigeria,Genuine,0
prednisolone,may & baker nigeria plc,n1-6928,6199273874020,b26-1107,2029-12-24,capsule,20mg,60ml bottle,nigeria,Genuine,0
power drug,novadrug industries,b84xx9,043770296,unknown,01/04/2026,ointment,unknown,20 capsules,india,Suspicious,1
cotrimoxzaole,may & baker nigeria plc,s0mxvl,6192175049985,unknown,???,syrup,250mg/5ml,1 vial,ghana,Suspicious,1
coartem,skg pharma ltd,n0-2811,6190801810305,l26-3865,2026-08-13,injection,500mg/5ml,20 tablets,nigeria,Genuine,0
atenolol,may & baker nigeria plc,t5-6060,6198149737469,unknown,2027-12-26,suspension,250mg/5ml,1 tube,nigeria,Genuine,0
metronidazol,pharmaplus international,uz-rmwl,9999999999999,fpb,06/11/2025,suspension,50mg,1 tube,china,Suspicious,1
ceftriaxone,sanofi nigeria,o1-9166,6197517016601,b26-0102,2026-10-20,injection,5mg,200ml bottle,nigeria,Genuine,0
spironolactone,supercure pharma,unknown,3333333333333,batch-552,unknown,ointment,50mg,30 tablets,nigeria,Suspicious,1
promethazine,pfizer nigeria,x7-5291,6191856302753,bn24-0110,2027-01-22,cream,250mg/5ml,60ml bottle,nigeria,Genuine,0
ampiclox,pharmafast nigeria,pending,55196282225018256247,71,07/10/2026,syrup,10mg,20 capsules,china,Suspicious,1
mulitvitamin,healwell pharma ltd,r0-6922,6190829248289,unknown,2020-01-16,powder,20mg,30 tablets,china,Suspicious,1
atenolol,dana pharmaceuticals ltd,z5-4694,6192366185072,l24-0902,2029-01-17,syrup,20mg,1 vial,nigeria,Genuine,0
panadol,juhel nigeria ltd,m2-7544,6195062292310,bn25-7837,2027-05-11,suspension,500mg,100ml bottle,nigeria,Genuine,0
aizthromycin,sanofi nigeria,mvjkq5,9999999999999,jor,26/03/2025,powder,200mg,10 tablets,pakistan,Suspicious,1
metronidazol,curefast pharmaceuticals,w-26,6190001327894,70,unknown,injection,250mg,bulk,pakistan,Suspicious,1
vitamin cc,medline drugs ltd,unknown,8888888888888,batch-457,unknown,capsule,500mg/5ml,1 tube,pakistan,Suspicious,1
ciprofloxacin,sanofi nigeria,c2-9474,6194117309850,bn24-4849,2028-07-23,cream,250mg,30 tablets,nigeria,Genuine,0
hydrocortisone,skg pharma ltd,y0-4335,6194824771094,bt26-2694,2028-09-01,powder,20mg,20 tablets,nigeria,Genuine,0
folic acid,pharma deko plc,n4-8258,6194231220994,lot26-9390,2027-10-08,suspension,125mg/5ml,10 tablets,nigeria,Genuine,0
furosemide,hovid nigeria ltd,a2-5429,6195598516027,bn24-9520,2026-06-18,sachet,250mg,30 tablets,nigeria,Genuine,0
ors,dana pharmaceuticals ltd,i8-5890,6193443757588,lot25-2096,2029-07-27,cream,500mg/5ml,30g tube,nigeria,Genuine,0
paracetamol,supercure pharma,ni-cvbk,0000000000000,---,2021-12-11,tablet,unknown,60ml bottle,india,Suspicious,1
amatem,goodhealth generics,i-21,6199106608624,92,12/01/2026,ointment,unknown,20 capsules,china,Suspicious,1
ors,bestpills international,2aggl6,417622,swznbuy,20/01/2026,podwer,200mg,1 pack,china,Suspicious,1
artemether lumefantrine,glaxosmithkline nigeria,o4-3616,6196841459337,bt25-2609,2029-12-20,cream,20mg,1 tube,nigeria,Genuine,0
ciprofloxacn,dana pharmaceuticals ltd,j4-2422,602093137880210936,---,15/08/2026,suspension,125mg/5ml,1 pack,unknown,Suspicious,1
diclofenac,pharma deko plc,l2-8848,6191727223972,bt26-4721,2026-05-06,syrup,20mg,5 vials,nigeria,Genuine,0
amatme,medline drugs ltd,l1-2393,0000000000000,batch-771,2023-08-20,capsule,???,5 vials,nigeria,Suspicious,1
omeprazole,swiss pharma nigeria ltd,j9-2944,6191650200026,lot25-3861,2027-02-08,syrup,125mg/5ml,20 tablets,nigeria,Genuine,0
ceftriaxone,evans medical plc,f0-5756,6199561213777,bt24-6445,2027-07-02,injection,100mg,100 tablets,nigeria,Genuine,0
tramadol,juhel nigeria ltd,n3-4084,6194324474174,lot26-6057,2028-11-17,drops,125mg/5ml,5 vials,nigeria,Genuine,0
doxycycline,hovid nigeria ltd,y1-3067,708666562241976878,batch-724,2021-10-02,ssupension,250mg,unknown,nigeria,Suspicious,1
paracetamol,pharma deko plc,wn-qnei,6196582938542,ilgamdub,2022-07-13,sachet,5mg,1 vial,pakistan,Suspicious,1
ferrous sulphate,juhel nigeria ltd,d2-4478,6199130448814,b26-9046,2028-09-22,injection,250mg,60ml bottle,nigeria,Genuine,0
ors,neimeth international pharmaceuticals,x1-4654,6198004983215,bn24-2587,2026-03-26,capsule,10mg,1 tube,nigeria,Genuine,0
ranitidine,pfizer nigeria,f5-7108,6194665905153,bn26-6433,2028-05-24,sachet,100mg,20 capsules,nigeria,Genuine,0
promethazine,healwell pharma ltd,q4x55p,m4f7ngx65budw,??,2022-02-18,powder,500mg,100 tablets,unknown,Suspicious,1
panadol,drugking industries,uz-jton,17356316,13,2023-06-27,cream,10mg,unknown,nigeria,Suspicious,1
paraectamol,phamra deko plc,unknown,0000000000000,---,2021-01-08,sachet,200mg,100ml bottle,nigeria,Suspicious,1
amoxicillin,novadrug industries,-1189,24571,duvqf,unknown,suspension,250mg/5ml,20 tablets,india,Suspicious,1
ciprofloxacin,mopson pharmaceutical ltd,e8-6788,6190676251531,b24-4852,2028-08-10,injection,200mg,10 tablets,nigeria,Genuine,0
erythromycin,chi pharmaceuticals ltd,s6-2069,6194336299949,l26-7145,2028-06-02,sachet,1g,1 vial,nigeria,Genuine,0
panadol,glaxosmithkline nigeria,w2-7184,6190650191792,bt24-2506,2028-03-03,suspension,250mg,10 tablets,nigeria,Genuine,0
artemether lumefantrine,healwell pharma ltd,ni-hcvl,027169883,unknown,03/02/2026,powder,unknown,unknown,nigeria,Suspicious,1
augmentin,chi pharmaceuticals ltd,q2-658508,9205365045,---,???,sachet,100mg,20 capsules,china,Suspicious,1
power drug,healwell pharma ltd,unknown,2958385083,22,04/01/2026,cream,125mg/5ml,30 tablets,china,Suspicious,1
instant relief caps,sanofi nigeria,3y7,h9fmoq9gtj9f7,batch-973,2022-03-04,tablet,50mg,1 pack,pakistan,Suspicious,1
amoixl,wonderdrug co,oawpd8,6199737253033,btlno,27/03/2025,crema,500mg,20 tablets,pakistan,Suspicious,1
metronidazole,medexpress ltd,b-75,6199646924345,46,17/07/2026,syrup,200mg,1 tube,unknown,Suspicious,1
metformin,skg pharma ltd,i6-6298,6194214066502,lot25-3015,2029-02-16,suspension,unknown,60ml bottle,nigeria,Genuine,0
hydrocortisone,evans medical plc,x0-2666,6193111786193,bn24-5482,2028-12-15,ointment,500mg,5 vials,nigeria,Genuine,0
antacid,pfizer nigeria,k6-1737,6197056260855,l25-1591,2026-02-18,syrup,400mg,30 tablets,nigeria,Genuine,0
lisinopril,biofix pharmaceuticals,vjl,0000000000000,batch-704,unknown,ointment,400mg,unknown,pakistan,Suspicious,1
ampiclox,medline drugs ltd,u3-412534,8823092587,67,UNKNOWN,ointment,20mg,30g tube,china,Suspicious,1
diazepam,neimeth international pharmaceuticals,q5-3947,6195800106183,bn26-7406,2028-04-24,injection,400mg,100 tablets,nigeria,Genuine,0
furosemide,juhel nigeria ltd,o9-2127,6193662103883,l24-1677,2027-08-20,sachet,500mg,30g tube,nigeria,Genuine,0
lonart ds extra,supercure pharma,j1-9834,5555555555555,opyjchpr,2023-09-14,capsule,5mg,1 pack,ghana,Suspicious,1
azithromycin,hovid nigeria ltd,l3-3365,6194264250647,bt24-7635,2029-12-18,suspension,20mg,30 tablets,nigeria,Genuine,0
instant relief caps,pharmaplus international,t2-8311,6198852871580,35,UNKNOWN,suspension,unknown,100ml bottle,pakistan,Suspicious,1
multivitamin,evans medical plc,jkj7op,0000000000000,jop,18/01/2025,cream,unknown,1 vial,china,Suspicious,1
instant relief caps,dana pharmaceuticals ltd,tw-nazc,6195781373147,16,22/06/2026,syurp,5mg,200ml bottle,china,Suspicious,1
folic acid,swiss pharma nigeria ltd,h4-2380,6193899940435,unknown,2027-12-13,injection,125mg/5ml,10 tablets,nigeria,Genuine,0
emzor paracetamol,goodhealth generics,unknown,dzu8wspl5qqji,batch-194,19/05/2026,injectino,1g,1 tube,ghana,Suspicious,1
paracetmol,sk gpharma ltd,wjmonj,0000000000000,---,unknown,sahcet,100mg,5 vials,ghana,Suspicious,1
atenolol,fidson healthcare plc,k5-5279,6195011929205,l25-4136,2029-12-02,cream,250mg,20 tablets,nigeria,Genuine,0
tramadol,hovid nigeria ltd,g2-3387,6191010232001,bn26-8652,2029-08-14,ointment,250mg,10 tablets,nigeria,Genuine,0
ors,bioraj pharmaceuticals ltd,u1-7548,6194321269421,b26-5138,2029-05-06,tablet,200mg,60ml bottle,nigeria,Genuine,0
azithromycin,glaxosmithkline nigeria,a7-1553,6194496410499,l25-0408,2029-07-15,tablet,200mg,100 tablets,nigeria,Genuine,0
ranitidine,skg pharma ltd,b1-1896,6194159149759,bn24-9678,2026-12-07,powder,100mg,200ml bottle,nigeria,Genuine,0
unknown,topnotch drugs ltd,not registered,lra4iiwzjzhlq,batch-705,2022-01-27,tablet,125mg/5ml,1 vial,unknown,Suspicious,1
tetracycline,glaxosmithkline nigeria,m-96,2222222222222,batch-762,???,tablet,100mg,10 tablets,india,Suspicious,1
folic acid,sanofi nigeria,-8680,73381330734533023,??,2021-03-10,dorps,250mg/5ml,60ml bottle,ghana,Suspicious,1
amoxicillin,may & baker nigeria plc,-8912,6190920199183,batch-801,2023-07-04,capsuel,5mg,5 vials,pakistan,Suspicious,1
nifedipine,drugking industries,esbzqmv0x,yybaypfljg9qd,batch-090,11/03/2025,tablet,10mg,30g tube,pakistan,Suspicious,1
ors,evans medical plc,i1-6042,6194885015564,b26-0577,2027-04-11,cream,125mg/5ml,100ml bottle,nigeria,Genuine,0
emzor paracetamol,curefast pharmaceuticals,eyenyj,k2nk1ilnwbrwx,vhpophey,19/05/2026,sachte,1g,20 capsules,nigeria,Suspicious,1
prednisolone,emzor pharmaceutical industries,u1-9696,6197260013650,bn24-3883,2028-05-10,injection,100mg,1 vial,nigeria,Genuine,0
vitamin b complex,skg pharma ltd,n3-3728,6198319952982,bn26-0445,2029-02-25,cream,10mg,30g tube,nigeria,Genuine,0
ors,fidson healthcare plc,f9-6871,6197047264268,bn24-1917,2027-01-07,powder,400mg,100 tablets,nigeria,Genuine,0
power drug,alphahealth industries,h3-1971,8888888888888,8,26/03/2025,capusle,unknown,100 tablets,nigeria,Suspicious,1
hydrcoortisone,sanofi nigeria,tjhulu,4444444444444,14,2020-06-10,syrup,5mg,20 capsules,india,Suspicious,1
magic cure pill,bestpills international,r-43,0000000000000,batch-105,unknown,injection,500mg/5ml,1 pack,ghana,Suspicious,1
spironolactone,evans medical plc,y1-8132,6192342192629,bt24-3267,2027-01-10,capsule,500mg,10 capsules,nigeria,Genuine,0
panado,medexpress ltd,m9-8688,0000000000000,batch-512,UNKNOWN,cream,1g,unknown,ghana,Suspicious,1
ceftriaxone,neimeth international pharmaceuticals,a9-6823,6190556057123,bn26-8628,2026-10-05,drops,50mg,200ml bottle,nigeria,Genuine,0
hydrocortisone,chi pharmaceuticals ltd,n8-1698,6198081571299,bn26-1872,2028-12-02,drops,250mg,100 tablets,nigeria,Genuine,0
antacid,healwell pharma ltd,pending,2cnqyrinfvhfk,ftfjif,2023-07-23,syrup,unknown,100ml bottle,nigeria,Suspicious,1
ciprofloaxcin,nigerian german chemicals plc,u8-1992,6196414753367,batch-187,25/07/2026,cream,20mg,unknown,china,Suspicious,1
ferrous sulphate,swiss pharma nigeria ltd,i9-2180,6194168601347,l25-9121,2028-09-19,ointment,200mg,10 capsules,nigeria,Genuine,0
ciprofloxacin,mopson pharmaceutical ltd,u8-4703,6195034469450,b25-4273,2027-02-19,syrup,250mg,1 tube,nigeria,Genuine,0
paracteamol,healthmax pharma,tu-vjcm,95312178,batch-863,05/10/2026,drops,5mg,30 tablets,pakistan,Suspicious,1
ciprofloxacin,fastrelief drugs,n-47,6198793978959,59,02/02/2025,injection,20mg,100 tablets,unknown,Suspicious,1
instant relief caps,bestpills international,l7-8539,276947308824035,23,unknown,syurp,500mg,20 capsules,pakistan,Suspicious,1
vitamin b complex,evans medical plc,r6-9133,6196497974161,bt25-5794,2029-12-02,injection,10mg,10 tablets,nigeria,Genuine,0
antacid,bioraj pharmaceuticals ltd,c2-8172,6198686694324,bn24-9469,2027-10-23,tablet,500mg/5ml,200ml bottle,nigeria,Genuine,0
amoxicilin,medline drugs ltd,not registered,0000000000000,unknown,unknown,cream,20mg,100 tablets,ghana,Suspicious,1
ranitidine,may & baker nigeria plc,q1-8399,6197038860868,b26-0907,2027-05-15,ointment,400mg,30g tube,nigeria,Genuine,0
megavit plus,goodhealth generics,c5-8074,6196780194672,ozs,unknown,injetcion,200mg,20 capsules,nigeria,Suspicious,1
ors,tuyil pharmaceutical industries,u1-9779,6193440496398,bn26-9573,2026-10-11,injection,250mg,1 vial,nigeria,Genuine,0
metronidazole,swiss pharma nigeria ldt,unknown,6194194785509,kwl,unknown,capsule,10mg,1 pack,pakistan,Suspicious,1
diclofenac,juhel nigeria ltd,n5-9462,6198043416514,b24-7907,2028-06-07,sachet,400mg,30 tablets,nigeria,Genuine,0
vitamin b complex,neimeth international pharmaceuticals,b9-9520,6195916795417,bn25-2510,2029-11-05,powder,400mg,1 vial,nigeria,Genuine,0
power drug,neimeth international pharmaceuticals,8ui5mg,432926,4,22/06/2026,cream,400mg,1 vial,pakistan,Suspicious,1
metronidazole,pharmaplus international,t2-251962,0000000000000,unknown,UNKNOWN,sahcet,unknown,20 capsules,china,Suspicious,1
omeprazole,glaxosmithkline nigeria,m0-8020,6194842294056,l26-2636,2026-03-11,sachet,500mg,30g tube,nigeria,Genuine,0
amoxicillin,wonderdrug co,r8-1114,7777777777777,qgfut,UNKNOWN,injeciton,10mg,20 tablets,india,Suspicious,1
augmenti,wonderdrug co,unknown,0000000000000,fyi,???,capsule,5mg,1 tube,china,Suspicious,1
spironolactone,pharma deko plc,q1-2041,unknown,b24-8643,2028-08-21,tablet,500mg,100ml bottle,nigeria,Genuine,0
artemether lumefantrine,pfizer nigeria,v5-5134,6196540842454,l24-7419,2028-05-21,tablet,1g,20 tablets,nigeria,Genuine,0
panadol,swiss pharma nigeria ltd,n9-5891,11233,vet,21/07/2026,suspension,20mg,30g tube,pakistan,Suspicious,1
augmenti,tuyil pharmaceutical indutsries,vc-zubk,0000000000000,unknown,08/04/2026,suspension,200mg,100ml bottle,nigeria,Suspicious,1
ors,emzor pharmaceutical industries,j7-8181,6198863713794,unknown,unknown,cream,10mg,30 tablets,china,Suspicious,1
vitamin c,nigerian german chemicals plc,x2-4867,6191981898473,bn24-9927,2026-06-11,sachet,250mg/5ml,60ml bottle,nigeria,Genuine,0
chloroquine,mopson pharmaceutical ltd,a3-1281,6195872105527,lot25-2461,2029-04-07,suspension,500mg,1 tube,nigeria,Genuine,0
super paracetamol,sunrise medications,b0-9739,0000000000000,batch-999,UNKNOWN,injectoin,400mg,20 tablets,india,Suspicious,1
emzor paracetamol,emzor pharmaceutical industries,f2-1484,9999999999999,zuj,09/08/2025,tablet,500mg,30 tablets,unknown,Suspicious,1
glibenclamide,skg pharma ltd,a3-7411,947281326598450337,iiozrzlg,2020-11-07,syrpu,125mg/5ml,10 capsules,ghana,Suspicious,1
flagy,drugfield pharmaceuticals ltd,unknown,6190668904179,69,2020-08-14,syrup,200mg,100 tablets,india,Suspicious,1
metronidazol,drugfield pharmaceuticals ltd,f-62,666179962356999,76,unknown,suspensino,500mg/5ml,1 pack,ghana,Suspicious,1
panado,sanofi nigeria,bsfhsau9,6190208019295,jetq,27/04/2025,injeciton,250mg,100ml bottle,china,Suspicious,1
paracetmol,curefast pharmaceuticals,1ht,2222222222222,27,2020-07-22,tablet,20mg,20 capsules,india,Suspicious,1
ibuprofen,mopson pharmaceutical ltd,k6-1749,6199320489962,lot24-3314,2028-04-13,sachet,200mg,100ml bottle,nigeria,Genuine,0
amoxicilin,novadrug industries,v-77,368850162762922666,unknown,unknown,drops,100mg,30g tube,india,Suspicious,1
promethazine,goodhealth generics,ox-ltyk,awhynv2cuxqza,batch-757,02/04/2026,syrup,???,5 vials,india,Suspicious,1
vitamin b complex,bioraj pharmaceuticals ltd,d7-8471,6196655868516,bt25-7118,2028-03-18,sachet,100mg,200ml bottle,nigeria,Genuine,0
tetracycline,pfizer nigeria,n0-7350,6193399129712,bn24-5171,2026-08-04,drops,10mg,30 tablets,nigeria,Genuine,0
spironolactone,emzor pharmaceutical industries,l1-6649,6193195205856,bt26-7712,2029-11-06,syrup,250mg,1 tube,nigeria,Genuine,0
coartem,hovid nigeria ltd,b6-8771,6195712369140,b25-1599,2026-03-17,drops,125mg/5ml,1 vial,nigeria,Genuine,0
artemether lumefantrine,emzor pharmaceutical industries,e5-2747,6192137565898,l24-5519,2028-11-22,drops,500mg,200ml bottle,nigeria,Genuine,0
gentamicin,fidson healthcare plc,y6-7033,6199266108576,bt26-2640,2029-09-21,powder,250mg,10 capsules,nigeria,Genuine,0
emzor paracetamol,swiss pharma nigeria ltd,c1-1772,6191878035868,b24-1311,2029-01-28,drops,400mg,1 tube,nigeria,Genuine,0
prednisolone,drugking industries,z2-7375,6195031049792,avdug,unknown,ointment,???,200ml bottle,unknown,Suspicious,1
folic acid,glaxosmithkline nigeria,c5-5843,6194796275705,lot26-7226,2028-11-26,tablet,250mg,5 vials,nigeria,Genuine,0
ampiclox,supercure pharma,h-20,6194656571664,batch-485,2021-01-10,sachet,250mg/5ml,20 tablets,india,Suspicious,1
tetracycline,may & baker nigeria plc,d6-6989,6197905528181,bt24-5587,2027-09-04,drops,250mg/5ml,30g tube,nigeria,Genuine,0
augmentin,skg pharma ltd,a4-9201,6192814893252,bt26-8789,2026-10-11,drops,500mg,20 tablets,nigeria,Genuine,0
furosemide,dana pharmaceuticals ltd,o9-5475,6194097123163,l24-0708,2029-07-27,drops,20mg,30 tablets,nigeria,Genuine,0
multiivtamin,pharmaplus international,fa4afm,6195396016095,19,UNKNOWN,drops,400mg,30g tube,china,Suspicious,1
cotrimoxazole,drugfield pharmaceuticals ltd,j8-3264,6192175883978,b25-7270,2026-09-06,tablet,500mg/5ml,10 tablets,nigeria,Genuine,0
metformin,dana pharmaceuticals ltd,u2-9727,6199463389150,l24-4371,2026-11-22,cream,100mg,200ml bottle,nigeria,Genuine,0
erythromycin,hovid nigeria ltd,t7-2178,6195273230088,lot25-6728,2029-07-24,cream,20mg,100ml bottle,nigeria,Genuine,0
lonart,glaxosmithkline nigeria,v0-3134,6195559895345,bt26-6392,2026-02-05,sachet,250mg,10 tablets,nigeria,Genuine,0
lonart ds extra,glaxosmithkline nigeria,i7-1330,7380679,---,unknown,ointment,10mg,20 tablets,pakistan,Suspicious,1
prednisolone,may & baker nigeria plc,u2-8888,6192785760843,b26-5269,2026-04-19,cream,500mg/5ml,30g tube,nigeria,Genuine,0
multivitamin,hovid nigeria ltd,q9-2938,6197879150593,l24-6047,2029-02-19,drops,20mg,10 tablets,nigeria,Genuine,0
prednisolone,alphahealth industries,t8-2717,6198098098802,batch-023,2023-03-09,injectino,400mg,20 capsules,unknown,Suspicious,1
emzor paracetamol,emzor pharmaceutical industries,a-17,3333333333333,---,07/12/2026,capsule,???,1 pack,china,Suspicious,1
amoxicilin,alphahealth industries,n4-1696,6193088081727,unknown,unknown,sachet,10mg,1 vial,india,Suspicious,1
emzor paracetamol,glaxosmithkline nigeria,m3-2417,6198732807715,bn24-0723,2029-03-03,capsule,200mg,60ml bottle,nigeria,Genuine,0
augmenti,quickcure labs,tqay9,6193755504580,70,12/01/2025,drops,250mg,20 tablets,ghana,Suspicious,1
lonart,medexpress ltd,b5-864786,4444444444444,batch-314,???,capsule,50mg,100ml bottle,nigeria,Suspicious,1
ciprofloxacn,juhel nigeria ltd,not registered,6191188203803,??,???,syrup,20mg,30 tablets,ghana,Suspicious,1
tetracycline,pharmaplus international,yw34rc,6485796886,81,unknown,sryup,unknown,10 tablets,india,Suspicious,1
diazepam,novadrug industries,g1-2463,6193310886236,mryujb,2020-09-26,tablet,unknown,1 vial,pakistan,Suspicious,1
magic cure pill,medexpress ltd,none,0000000000000,batch-273,22/11/2026,syrup,100mg,30g tube,india,Suspicious,1
ors,evans medical plc,ek-xnay,6196490847493,epmsksjl,2020-12-23,capsule,unknown,100ml bottle,unknown,Suspicious,1
chloroquine,fidson healthcare plc,r0-7662,6193254310743,bt26-7624,2026-08-15,syrup,250mg/5ml,60ml bottle,nigeria,Genuine,0
paracetamol,may & baker nigeria plc,y6-4305,6193533106005,lot24-1135,2027-02-26,syrup,250mg/5ml,30 tablets,nigeria,Genuine,0
atenolol,fidson healthcare plc,o0-7371,6199556076769,bn25-4276,2028-04-09,cream,400mg,100ml bottle,nigeria,Genuine,0
amatem,fidson healthcare plc,a0-9105,6199419324532,b26-1333,2026-10-16,sachet,400mg,20 tablets,nigeria,Genuine,0
super paracetamol,healwell pharma ltd,f9-872350,0000000000000,unknown,UNKNOWN,cream,unknown,10 tablets,unknown,Suspicious,1
megavit plus,neimeth international pharmaceuticals,ag-vfgk,6190954688738,aabdi,2020-03-19,syrup,unknown,10 capsules,india,Suspicious,1
emzor paracetamol,glaxosmithkline nigeria,s1-5687,6198564679979,bn24-4612,2029-03-20,sachet,125mg/5ml,1 tube,nigeria,Genuine,0
tramadol,novadrug industries,-4886,6196295076715,unknown,2023-03-02,injection,500mg/5ml,20 tablets,ghana,Suspicious,1
ceftriaxone,swiss pharma nigeria ltd,v3-2155,6191127128525,lot26-6624,2028-09-10,injection,1g,10 capsules,nigeria,Genuine,0
ceftriaxone,fidson healthcare plc,s2-9674,6195654310279,b25-9302,2026-05-25,injection,250mg/5ml,100ml bottle,nigeria,Genuine,0
antacid,dana pharmaceuticals ltd,hp-fkgh,3333333333333,batch-165,unknown,powedr,5mg,10 capsules,unknown,Suspicious,1
unknown,healthmax pharma,q9-476760,78523529800934137,33,09/03/2026,drops,250mg/5ml,5 vials,pakistan,Suspicious,1
amatem,fidson healthcare plc,k0-4846,6197710040908,bn24-8657,2026-07-20,powder,500mg/5ml,10 capsules,nigeria,Genuine,0
paracetamol,wonderdrug co,l8-5758,6194201819029,22,2020-07-12,capsule,500mg,30g tube,ghana,Suspicious,1
multivitamin,juhel nigeria ltd,t3-2035,6197461200477,bn24-3946,2027-07-15,cream,125mg/5ml,1 tube,nigeria,Genuine,0
ceftriaxone,megadrug industries,-4461,7bguvap22xths,pmvp,05/12/2026,injectino,500mg,200ml bottle,unknown,Suspicious,1
ferrous sulphate,chi pharmaceuticals ltd,h7-2144,6190068761648,b24-8851,2026-08-16,tablet,400mg,30g tube,nigeria,Genuine,0
nifedipine,swiss pharma nigeria ltd,r9-7947,6193406468674,l25-2330,2028-01-03,injection,250mg/5ml,200ml bottle,nigeria,Genuine,0
amlodipine,swiss pharma nigeria ltd,x7-6878,6190373145300,bt26-6018,2029-08-15,tablet,500mg,5 vials,nigeria,Genuine,0
metronidazole,nigerian german chemicals plc,o3-9843,6193028439595,b26-5353,2027-05-05,powder,200mg,60ml bottle,nigeria,Genuine,0
flagyl,sanofi nigeria,c3-2941,6196708056853,l25-7644,2026-07-08,ointment,100mg,20 tablets,nigeria,Genuine,0
spironolactone,dana pharmaceuticals ltd,s2-4986,0000000000000,batch-568,20/04/2025,drops,5mg,100 tablets,unknown,Suspicious,1
hydrocortisone,glaxosmithkline nigeria,y8-3595,6193601071266,bn25-9170,2027-09-22,powder,125mg/5ml,30 tablets,nigeria,Genuine,0
tramadol,may & baker nigeria plc,e1-2404,6195869380685,l26-7879,2027-08-10,capsule,20mg,1 tube,nigeria,Genuine,0
folic acid,tuyil pharmaceutical industries,g0-4531,6196279246325,bn24-7293,2028-08-13,drops,250mg/5ml,100ml bottle,nigeria,Genuine,0
lisinopril,skg pharma ltd,m5-8185,6192894134757,bn26-8581,2029-05-11,ointment,10mg,30g tube,nigeria,Genuine,0
paracetamol,topnotch drugs ltd,fr-ojmf,0000000000000,14,2023-04-09,capsuel,125mg/5ml,20 tablets,china,Suspicious,1
ampiclox,pharma deko plc,a2-6442,6196342160732,bt25-5828,2028-04-08,tablet,125mg/5ml,100 tablets,nigeria,Genuine,0
ferrous sulphate,nigerian german chemicals plc,g6-4018,6190501508120,lot25-3285,2028-01-01,suspension,200mg,10 capsules,nigeria,Genuine,0
atenlool,fastrelief drugs,m-58,5492036930914015,60,2020-12-04,drops,500mg/5ml,1 vial,nigeria,Suspicious,1
furosemide,tuyil pharmaceutical industries,p2-4812,6194301071396,l25-0845,2028-06-18,suspension,500mg,5 vials,nigeria,Genuine,0
atenolol,pharmafast nigeria,kn-imbq,6197857109339,batch-205,2023-04-21,syrpu,unknown,bulk,unknown,Suspicious,1
erythromycin,sanofi nigeria,f5-5170,6198121478533,b24-7722,2028-07-15,drops,20mg,60ml bottle,nigeria,Genuine,0
ferrous sulphate,pharmafast nigeria,v3-7638,6192751005688,unknown,19/01/2026,drops,10mg,30 tablets,ghana,Suspicious,1
vitamin b complex,pharmaplus international,h5-8860,4803007356,batch-518,unknown,cream,unknown,100ml bottle,ghana,Suspicious,1
ibuprofen,evans medical plc,m5-5344,6199500507028,l24-8938,2029-10-24,powder,100mg,30 tablets,nigeria,Genuine,0
lonart,sanofi nigeria,z0-6688,6198651850670,bn25-6034,2029-12-05,ointment,100mg,1 tube,nigeria,Genuine,0
prednisolone,sanofi nigeria,w2-8853,6191472463012,b26-6347,2028-03-09,syrup,200mg,200ml bottle,nigeria,Genuine,0
amlodipine,glaxosmithkline nigeria,t1-1920,6192312110639,bt24-1401,2029-06-21,powder,200mg,100ml bottle,nigeria,Genuine,0
gentamicin,nigerian german chemicals plc,v5-7663,6193370140057,bt25-8898,2026-01-12,cream,125mg/5ml,200ml bottle,nigeria,Genuine,0
emzor paracetamol,evans medical plc,z4-2417,6194766072839,bt26-6506,2028-11-05,injection,125mg/5ml,30g tube,nigeria,Genuine,0
hydrocortisone,emzor pharmaceutical industries,d6-4132,6194292913200,bt24-0862,2026-11-13,syrup,200mg,10 capsules,nigeria,Genuine,0
chloroquine,juhel nigeria ltd,n9-4643,6199290600787,bn25-8801,2029-08-26,capsule,50mg,100ml bottle,nigeria,Genuine,0
amlodipine,dana pharmaceuticals ltd,f8-9956,6193774419759,lot25-6421,2026-08-14,ointment,100mg,10 tablets,nigeria,Genuine,0
doxycycline,emzor pharmaceutical industries,wc8bkp1m,6193622169065,??,09/07/2026,tablet,unknown,1 tube,nigeria,Suspicious,1
prednisolone,pfizer nigeria,m4-9152,6194080314998,b24-5238,2026-09-01,tablet,400mg,60ml bottle,nigeria,Genuine,0
ors,curefast pharmaceuticals,8abrl4,6194142024841,97,02/08/2026,cream,50mg,20 capsules,pakistan,Suspicious,1
diazepam,pharmafast nigeria,m-80,4864970350675789,unknown,2022-06-23,drops,unknown,100ml bottle,ghana,Suspicious,1
hydrocortisone,dana pharmaceuticals ltd,a1-5541,6197195979649,l26-2059,2028-09-24,sachet,500mg,10 capsules,nigeria,Genuine,0
omeprazole,nigerian german chemicals plc,v7-1189,6197660464199,l26-6208,2029-12-11,powder,10mg,20 tablets,nigeria,Genuine,0
flagyl,fidson healthcare plc,q9-1138,6199275326978,bt24-1746,2027-02-19,ointment,10mg,60ml bottle,nigeria,Genuine,0
flagy,pharmafast nigeria,w0oz2w,3333333333333,batch-479,2022-12-02,syrup,125mg/5ml,60ml bottle,pakistan,Suspicious,1
metformin,bioraj pharmaceuticals ltd,f9-9178,6193748969082,bt25-7677,2027-04-05,injection,20mg,60ml bottle,nigeria,Genuine,0
amatem,glaxosmithkline nigeria,z5-8159,6196765277581,lot24-7055,2026-07-20,syrup,5mg,10 capsules,nigeria,Genuine,0
loperamide,dana pharmaceuticals ltd,x1-8110,6191172400508,lot25-6241,2029-03-08,powder,20mg,1 vial,nigeria,Genuine,0
flagyl,nigerian german chemicals plc,n2-1922,6191572018594,l24-6719,2027-01-04,suspension,20mg,100ml bottle,nigeria,Genuine,0
ranitidine,may & baker nigeria plc,m1-8620,6194451870535,lot26-5079,2027-08-12,sachet,50mg,30g tube,nigeria,Genuine,0
spironolactone,nigerian german chemicals plc,t6-1377,6198437685502,l26-6455,2029-10-07,cream,100mg,1 tube,nigeria,Genuine,0
chloroquine,biofix pharmaceuticals,m-61,75801584,---,???,sachet,20mg,10 tablets,china,Suspicious,1
paracetamol,neimeth international pharmaceuticals,f3-112831,302865,batch-903,2021-05-24,capsule,unknown,10 tablets,unknown,Suspicious,1
glibenclamide,novadrug industries,s5-2050,242853541601991,batch-550,unknown,drops,???,100 tablets,india,Suspicious,1
super paracetamol,sunrise medications,da-yttw,84339133252861323,batch-386,05/04/2026,syrup,500mg/5ml,1 vial,india,Suspicious,1
atenlool,goodhealth generics,b3-157162,8888888888888,pgsuhs,UNKNOWN,powder,100mg,1 tube,china,Suspicious,1
chloroquine,may & baker nigeria plc,r4-9906,6191001841861,bt24-3775,2026-04-14,ointment,100mg,20 capsules,nigeria,Genuine,0
metronidazol,healthmax pharma,ko2lch,1015845673,ykll,???,injection,20mg,30 tablets,unknown,Suspicious,1
amatem,pharma deko plc,t1-4079,6197367850820,bn25-8403,2029-03-25,powder,1g,10 tablets,nigeria,Genuine,0
spironolactone,emzor pharmaceutical industries,m7-9077,6196106592083,b24-4464,2027-02-20,syrup,50mg,1 vial,nigeria,Genuine,0
metformin,medline drugs ltd,not registered,0000000000000,63,09/12/2026,crema,125mg/5ml,bulk,unknown,Suspicious,1
tetracycline,swiss pharma nigeria ltd,c7-6918,6195851777417,bt25-4962,2029-10-06,capsule,250mg,200ml bottle,nigeria,Genuine,0
augmenti,mopson pharmaceutical ltd,ap-kalq,70679,batch-544,unknown,powedr,200mg,30g tube,ghana,Suspicious,1
paracetmol,pharmafast nigeria,p2pnkd,4487621648,95,22/03/2026,sachet,50mg,20 tablets,china,Suspicious,1
metformin,mopson pharmaceutical ltd,f3-4633,6194383640411,bt26-0479,2026-02-15,sachet,250mg,20 tablets,nigeria,Genuine,0
prednisolone,pharma deko plc,b3-2766,6190890714010,lot26-0268,2026-02-20,suspension,1g,100 tablets,nigeria,Genuine,0
panado,healthmax pharma,pz-cruz,6193045762744,batch-760,01/09/2026,powder,unknown,20 tablets,nigeria,Suspicious,1
power drug,supercure pharma,c4wxef,0000000000000,unknown,2020-05-17,suspension,250mg,30g tube,ghana,Suspicious,1
amlodipine,pharma deko plc,u0-8280,6194299074720,b25-7031,2028-02-25,drops,1g,1 vial,nigeria,Genuine,0
foilc acid,juhel nigerai ltd,u5-6628,7907704553,dko,04/03/2026,syrpu,10mg,100 tablets,ghana,Suspicious,1
cotrimoxazole,swiss pharma nigeria ltd,inj9cz,3333333333333,aajmanez,02/04/2026,powder,unknown,100ml bottle,china,Suspicious,1
vitamin c,fidson healthcare plc,c8-7805,6190089219630,b25-5403,2029-09-24,tablet,400mg,10 capsules,nigeria,Genuine,0
amoxicillin,chi pharmaceuticals ltd,-7114,0000000000000,dpfx,11/04/2026,sachet,500mg/5ml,5 vials,nigeria,Suspicious,1
loperamide,mopson pharmaceutical ltd,k8-8987,6197169472251,l26-9465,2029-02-03,syrup,10mg,100 tablets,nigeria,Genuine,0
lonart,sanofi nigeria,pi1tsq,0287451202,94,unknown,capsule,250mg/5ml,1 vial,india,Suspicious,1
amlodipine,neimeth international pharmaceuticals,k3-8907,6198018915677,bt25-4674,2029-08-03,drops,50mg,1 tube,nigeria,Genuine,0
amoxil,healthmax pharma,k90h7,6198219386825,??,05/07/2026,suspension,20mg,60ml bottle,nigeria,Suspicious,1
ampiclox,tuyil pharmaceutical industries,d2-9857,6196391741012,bn26-4205,2029-01-16,syrup,125mg/5ml,5 vials,nigeria,Genuine,0
ranitidine,fidson healthcare plc,o0-7039,6198025662120,b25-7935,2026-07-28,suspension,100mg,100 tablets,nigeria,Genuine,0
vitamin cc,medexpress ltd,ff-bpic,613875955,batch-159,unknown,suspension,100mg,1 pack,unknown,Suspicious,1
instant relief caps,novadrug industries,i5-2905,1111111111111,batch-797,2020-09-03,cream,500mg,5 vials,india,Suspicious,1
loperamide,skg pharma ltd,m5-9687,6190185694546,lot24-4283,2029-08-25,suspension,250mg/5ml,5 vials,nigeria,Genuine,0
tetracycline,may & baker nigeria plc,r3-6468,6193544439284,lot24-5006,2028-06-26,ointment,20mg,1 vial,nigeria,Genuine,0
ampiclox,juhel nigeria ltd,o3-8549,6195534490213,l25-6593,2029-01-27,powder,500mg,200ml bottle,nigeria,Genuine,0
augmentin,sanofi nigeria,d0-9615,6196771333448,l25-2233,2029-04-20,suspension,400mg,1 tube,nigeria,Genuine,0
panadol,emzor pharmaceutical industries,l6-9955,6191528733977,b25-5940,2027-02-15,ointment,125mg/5ml,60ml bottle,nigeria,Genuine,0
panadol,skg pharma ltd,p5-3083,6191353028163,lot24-6770,2028-07-07,tablet,125mg/5ml,10 tablets,nigeria,Genuine,0
ampiclox,tuyil pharmaceutical industries,s8-6730,6195241406026,b24-3726,2027-11-07,injection,125mg/5ml,60ml bottle,nigeria,Genuine,0
ciprofloxacn,goodhealth generics,-1036,0000000000000,samppux,22/09/2026,powder,500mg,60ml bottle,nigeria,Suspicious,1
azithromycin,drugfield pharmaceuticals ltd,b1-9471,6192727955962,b24-5381,2026-11-12,tablet,100mg,60ml bottle,nigeria,Genuine,0
vitamin b complex,nigerian german chemicals plc,a1-2755,6193443899820,l26-0155,2027-01-11,powder,20mg,1 vial,nigeria,Genuine,0
hydrocoritsone,chi pharmaceuticals ltd,v2-8195,4444444444444,dedv,UNKNOWN,syrup,10mg,1 vial,nigeria,Suspicious,1
tetracycline,drugfield pharmaceuticals ltd,e1-6678,6194570568207,b24-2169,2028-08-27,tablet,250mg/5ml,1 vial,nigeria,Genuine,0
panado,dana pharmaceuticals ltd,bsw3,6191839525254,8,22/09/2025,capsule,125mg/5ml,100 tablets,nigeria,Suspicious,1
ciprofloxacn,goodhealth generics,q8-6354,0000000000000,61,unknown,tablet,5mg,100ml bottle,pakistan,Suspicious,1
amatem,evans medical plc,p2-5295,6191916503441,bn26-6922,2029-02-16,drops,250mg/5ml,20 tablets,nigeria,Genuine,0
ampiclox,neimeth international pharmaceuticals,u0-4439,6198856811933,b25-8927,2026-05-11,sachet,500mg,10 tablets,nigeria,Genuine,0
chloroquine,pfizer nigeria,h8-3605,6197615396698,lot26-3969,2027-11-22,capsule,250mg/5ml,1 tube,nigeria,Genuine,0
lonart,emzor pharmaceutical industries,i5-3065,6190360894112,b25-1636,2027-11-11,sachet,1g,30 tablets,nigeria,Genuine,0
multivitamin,skg pharma ltd,f7-2895,6197833321168,bn24-5449,2029-05-08,injection,125mg/5ml,100ml bottle,nigeria,Genuine,0
furoseimde,hovid nigeria ltd,c9-845849,6194790534723,76,03/12/2026,drops,250mg,5 vials,ghana,Suspicious,1
nifedipine,supercure pharma,k0-395798,6643223946121289,tfgdrnad,???,ointment,20mg,1 vial,unknown,Suspicious,1
ferrous sulphate,emzor pharmaceutical industries,j1-7458,6195915201773,l26-4512,2026-06-02,sachet,50mg,20 capsules,nigeria,Genuine,0
omeprazole,neimeth international pharmaceuticals,g2-6447,6198486899936,l26-0745,2029-12-19,powder,400mg,200ml bottle,nigeria,Genuine,0
chlorpheniramine,curefast pharmaceuticals,60iq7s,9854582942,hpid,2022-04-09,ointment,500mg,1 pack,india,Suspicious,1
ranitidine,tuyil pharmaceutical industries,e8-8668,6194315274202,lot25-9402,2027-03-20,ointment,20mg,200ml bottle,nigeria,Genuine,0
erythromycin,swiss pharma nigeria ltd,x6-6188,6195110475412,bt24-3170,2029-08-18,powder,5mg,60ml bottle,nigeria,Genuine,0
amoxil,wonderdrug co,5q1oss,3333333333333,43,UNKNOWN,suspension,unknown,60ml bottle,unknown,Suspicious,1
diclofenac,mopson pharmaceutical ltd,k8-4063,6194301764649,lot26-9532,2026-04-24,capsule,10mg,100 tablets,nigeria,Genuine,0
cotrimoxazole,drugfield pharmaceuticals ltd,p9-7189,6199545009020,lot25-9667,2026-11-11,ointment,250mg,60ml bottle,nigeria,Genuine,0
doxycycline,novadrug industries,o-28,0000000000000,batch-981,2020-05-04,sachet,100mg,30g tube,nigeria,Suspicious,1
hydrocortisone,dana pharmaceuticals ltd,s7-4627,6199641789963,b26-6368,2026-10-04,sachet,500mg/5ml,5 vials,nigeria,Genuine,0
chloroquine,may & baker nigeria plc,n3-7364,6193845269696,lot25-4180,2026-12-14,injection,125mg/5ml,1 vial,nigeria,Genuine,0
augmenti,drugking industries,t-87,6195578022807,zjbgpt,2021-12-13,saceht,unknown,100ml bottle,india,Suspicious,1
metformin,pfizer nigeria,v4-9037,6199851583283,bn26-2711,2029-09-18,ointment,250mg,20 capsules,nigeria,Genuine,0
ibuprofen,alphahealth industries,jf-yveg,6196540307991,opdjy,2020-02-05,sahcet,100mg,5 vials,nigeria,Suspicious,1
lonart,sanofi nigeria,d4-9898,6195807836137,lot24-7468,2028-06-28,capsule,50mg,20 tablets,nigeria,Genuine,0
azithromycin,quickcure labs,v1-5564,673725009,21,2022-07-24,sachet,250mg,1 tube,ghana,Suspicious,1
furosemide,novadrug industries,wmub4f,6195233297045,97,19/06/2025,sachet,250mg/5ml,5 vials,nigeria,Suspicious,1
megavit plus,neimeth international pharmaceuticals,a-73,7078937,---,UNKNOWN,syrup,unknown,60ml bottle,unknown,Suspicious,1
antcaid,medexpress ltd,wjgell6,4444444444444,batch-045,unknown,powder,100mg,100ml bottle,india,Suspicious,1
lonart ds extra,topnotch drugs ltd,-5428,tcmuxqsf8jenn,batch-685,unknown,syrup,500mg,20 capsules,ghana,Suspicious,1
atenolol,pharmafast nigeria,mh-uiag,vb94jchpm8q5w,batch-771,2020-09-19,suspension,100mg,10 capsules,unknown,Suspicious,1
vitamin b complex,bestpills international,pending,58729370625873608,sgjvn,unknown,ointment,250mg/5ml,10 tablets,nigeria,Suspicious,1
metformin,mopson pharmaceutical ltd,g6-7899,6196777675559,l24-8782,2027-04-07,suspension,1g,100 tablets,nigeria,Genuine,0
amlodipine,swiss pharma nigeria ltd,o45-831,4578674047724649728,85,04/10/2025,ointment,100mg,10 tablets,nigeria,Suspicious,1
ampiclox,may & baker nigeria plc,b4-9010,6199788897538,lot26-8526,2028-03-08,powder,20mg,10 tablets,nigeria,Genuine,0
amoxicillin,hovid nigeria ltd,z1-9062,6197602991400,l26-8841,2028-02-07,suspension,200mg,100ml bottle,nigeria,Genuine,0
doxycycline,skg pharma ltd,x0-2612,6190651333870,bt25-3106,2028-08-08,capsule,50mg,30g tube,nigeria,Genuine,0
flagyl,chi pharmaceuticals ltd,z3-6846,6198971535967,batch-415,28/12/2026,injection,5mg,1 tube,india,Suspicious,1
ranitidine,mopson pharmaceutical ltd,y2-475501,6197231631609,85,21/09/2025,capsule,unknown,10 tablets,china,Suspicious,1
ampiclox,swiss pharma nigeria ltd,b5-1601,6192099451017,l24-2743,2028-10-22,sachet,1g,30g tube,nigeria,Genuine,0
metronidazole,evans medical plc,n1-6460,6194021190179,bn25-6016,2029-09-04,injection,100mg,1 vial,nigeria,Genuine,0
chlorpheniramine,sunrise medications,-8697,6193677244342,81,28/05/2026,powder,unknown,30g tube,india,Suspicious,1
amlodipine,evans medical plc,a9-6114,6193533448570,bn25-2546,2027-05-04,tablet,1g,200ml bottle,nigeria,Genuine,0
hydrocortisone,fidson healthcare plc,p4-9908,6191131765396,l24-5389,2028-09-25,drops,200mg,1 vial,nigeria,Genuine,0
chloroquine,glaxosmithkline nigeria,m2-6215,6192654696815,lot25-9708,2026-04-20,syrup,500mg/5ml,100 tablets,nigeria,Genuine,0
amoxicillin,bioraj pharmaceuticals ltd,u9-8878,6196108143566,bn25-1111,2027-09-10,cream,125mg/5ml,100 tablets,nigeria,Genuine,0
lonart,dana pharmaceuticals ltd,y6-4898,6198527789561,bn24-3675,2029-02-22,powder,400mg,10 capsules,nigeria,Genuine,0
cotrimoxazole,juhel nigeria ltd,t6-6399,6197569245936,l25-3010,2029-06-10,drops,1g,30g tube,nigeria,Genuine,0
megavit plus,chi pharmaceuticals ltd,en-zquy,6194614974599,unknown,2021-10-23,sachet,5mg,30 tablets,india,Suspicious,1
folic acid,pharma deko plc,g5-4769,6191531363635,bn25-9686,2029-01-14,syrup,200mg,1 vial,nigeria,Genuine,0
prednisolone,emzor pharmaceutical industries,e8-7543,6197202009536,l25-2320,2026-10-12,suspension,20mg,200ml bottle,nigeria,Genuine,0
metformin,tuyil pharmaceutical industries,i4-2961,6196093659523,bn24-5199,2026-02-28,powder,125mg/5ml,30g tube,nigeria,Genuine,0
atenolol,chi pharmaceuticals ltd,f0-7653,6199535412014,bt24-7271,2028-10-12,tablet,500mg,30 tablets,nigeria,Genuine,0
flagy,quickcure labs,-9405,2222222222222,batch-689,27/11/2026,syrpu,unknown,10 capsules,pakistan,Suspicious,1
ceftriaxone,emzor pharmaceutical industries,p9-9922,6196617706733,l26-2500,2026-06-25,tablet,20mg,200ml bottle,nigeria,Genuine,0
ibuprofen,pharma deko plc,d3-4495,6197605230452,b26-1646,2029-06-25,tablet,100mg,20 capsules,nigeria,Genuine,0
glibenclamide,fidson healthcare plc,k7-2540,6198409080519,bt24-8769,2026-01-11,ointment,400mg,10 tablets,nigeria,Genuine,0
furosemide,mopson pharmaceutical ltd,a8-3316,6191009968812,lot24-5733,2027-07-21,powder,100mg,30 tablets,nigeria,Genuine,0
ciprofloxacn,may & baker nigeria plc,z-36,88319602509270400438,---,17/05/2026,tablet,400mg,30g tube,nigeria,Suspicious,1
vitamin c,neimeth internatoinal pharmaceuticals,-7103,29771,ahexw,unknown,onitment,unknown,60ml bottle,china,Suspicious,1
panadol,dana pharmaceuticals ltd,j4-6161,6196557431320,b24-2646,2026-03-15,drops,10mg,60ml bottle,nigeria,Genuine,0
chlorpheniramine,may & baker nigeria plc,m7-5493,6195686524064,bt24-2014,2028-06-20,sachet,20mg,100ml bottle,nigeria,Genuine,0
nifedipine,drugfield pharmaceuticals ltd,x5-4266,6195365974661,b26-6363,2026-07-07,injection,100mg,20 tablets,nigeria,Genuine,0
ors,tuyil pharmaceutical industries,g2-7635,6195306011981,l25-6478,2026-08-17,ointment,500mg/5ml,200ml bottle,nigeria,Genuine,0
antacid,dana pharmaceuticals ltd,w0-7131,6199736424809,b25-3069,2028-05-01,ointment,200mg,10 tablets,nigeria,Genuine,0
emzor paracetamol,evans medical plc,m2-7541,6191367157781,l24-1506,2027-12-04,ointment,500mg/5ml,60ml bottle,nigeria,Genuine,0
super paracetamol,topnotch drugs ltd,wa-ipkp,6196693233703,fjbabz,2022-11-02,powder,20mg,100ml bottle,china,Suspicious,1
instant relief caps,medline drugs ltd,-7789,ra6b9rhetq9ct,seutjqzz,2021-01-04,ointment,125mg/5ml,100ml bottle,nigeria,Suspicious,1
omeprazole,neimeth international pharmaceuticals,z6-1996,6198545667667,lot24-4496,2029-12-08,cream,125mg/5ml,10 tablets,nigeria,Genuine,0
augmentin,juhel nigeria ltd,l7-5395,6191552166741,l26-7935,2029-11-26,syrup,250mg,30 tablets,nigeria,Genuine,0
amoxicillin,megadrug industries,-3198,glw9bncdniah0,batch-254,unknown,injection,50mg,60ml bottle,india,Suspicious,1
metformin,hovid nigeria ltd,q7-1586,6197152386763,l24-8935,2027-01-20,drops,400mg,60ml bottle,nigeria,Genuine,0
vitamin b complex,fidson healthcare plc,m1-3288,6198463985546,l25-4129,2028-06-07,drops,1g,20 capsules,nigeria,Genuine,0
omeprazole,skg pharma ltd,y8-5582,6199912165588,lot24-3361,2029-09-02,tablet,500mg,30 tablets,nigeria,Genuine,0
nifedipine,fidson healthcare plc,p6-5294,6198467357424,bt24-3650,2027-03-06,powder,500mg,5 vials,nigeria,Genuine,0
total cure tablets,healthmax pharma,cz-jwue,867471520351919,batch-668,12/11/2025,suspension,125mg/5ml,20 tablets,pakistan,Suspicious,1
ors,hovid nigeria ltd,y3-3466,6190603850509,l26-5138,2026-04-17,suspension,20mg,100ml bottle,nigeria,Genuine,0
emzor paracetamol,juhel nigeria ltd,u0-8439,6198593110917,b24-9491,2027-11-17,injection,10mg,60ml bottle,nigeria,Genuine,0
amoxicilin,skg pharma ltd,-6429,0000000000000,juiev,2021-02-21,powder,unknown,10 capsules,nigeria,Suspicious,1
amatem,pfizer nigeria,d0-3797,6195625889674,b24-4344,2026-11-17,syrup,125mg/5ml,30 tablets,nigeria,Genuine,0
azithromycin,tuyil pharmaceutical industries,-4305,6192496737196,---,11/08/2025,syrup,125mg/5ml,200ml bottle,ghana,Suspicious,1
prednisolone,may & baker nigeria plc,b9-4437,6194596262288,bt26-3075,2028-02-26,syrup,500mg,100ml bottle,nigeria,Genuine,0
agumentin,swiss pharm anigeria ltd,ns-sfpl,6197041167886,pvoot,08/09/2026,cream,500mg,1 vial,india,Suspicious,1
metformin,fastrelief drugs,9rumpp,313001618,23,2022-03-19,tablet,1g,30 tablets,ghana,Suspicious,1
total cure tablets,hovid nigeira ltd,i-34,951452,jawhk,2023-01-26,ointment,500mg,20 capsules,china,Suspicious,1
ferrous sulphate,swiss pharma nigeria ltd,i5-1648,6198640355339,b24-4168,2027-10-28,ointment,5mg,20 capsules,nigeria,Genuine,0
panadol,mopson pharmaceutical ltd,j8-3540,6191423691433,bn25-5910,2027-11-21,ointment,20mg,60ml bottle,nigeria,Genuine,0
cotrimoxazole,may & baker nigeria plc,m5-4892,6190745054445,l26-1709,2027-03-10,drops,500mg/5ml,20 capsules,nigeria,Genuine,0
augmentin,chi pharmaceuticals ltd,q0-2043,6195619318371,lot25-5920,2026-09-09,syrup,250mg/5ml,200ml bottle,nigeria,Genuine,0
antacid,evans medical plc,k9-7465,6190945449010,lot26-5359,2028-03-15,drops,500mg,100ml bottle,nigeria,Genuine,0
augmenti,emzor pharmaceuticla industries,z-58,2222222222222,vrsszcgt,06/02/2025,drops,20mg,100 tablets,china,Suspicious,1
pormethazine,emzro pharmaceutical industries,b6-7806,1568387027853798214,40,2021-08-04,drops,unknown,60ml bottle,pakistan,Suspicious,1
prednisolone,glaxosmithkline nigeria,not registered,0000000000000,87,05/07/2025,ointment,125mg/5ml,20 tablets,pakistan,Suspicious,1
augmenti,mopson pharmaceutical ltd,unknown,6198383193465,batch-714,???,tablet,1g,1 tube,unknown,Suspicious,1
ferrous sulphate,chi pharmaceuticals ltd,g3-3186,6198293020257,l26-1866,2027-04-01,suspension,500mg,100 tablets,nigeria,Genuine,0
folic acid,may & baker nigeria plc,k5-8723,6193857368011,bn26-2344,2027-07-28,tablet,200mg,100ml bottle,nigeria,Genuine,0
ciproflxoacin,megadrug industries,h6-1587,0000000000000,5,UNKNOWN,cream,unknown,60ml bottle,ghana,Suspicious,1
tramadol,pharma deko plc,l0-5952,6199627322627,l24-1549,2028-03-09,suspension,500mg/5ml,60ml bottle,nigeria,Genuine,0
metronidazol,hovid nigeria ltd,ax1,3333333333333,18,16/02/2026,pwoder,unknown,10 tablets,nigeria,Suspicious,1
ampiclox,glaxosmithkline nigeria,a8-1646,6192851553331,lot24-7051,2028-04-07,cream,500mg,30 tablets,nigeria,Genuine,0
amatem,bioraj pharmaceuticals ltd,v1-3221,6196042232531,l25-2429,2028-11-14,ointment,50mg,20 tablets,nigeria,Genuine,0
diazepam,pharmaplus international,dmx1vo,0000000000000,unknown,UNKNOWN,sachte,200mg,20 capsules,china,Suspicious,1
ibuprofen,medline drugs ltd,j4-9875,3333333333333,60,20/12/2025,sachet,10mg,10 capsules,pakistan,Suspicious,1
augmentin,sanofi nigeria,r5-9049,6199736383182,bt26-5317,2029-01-11,suspension,1g,30g tube,nigeria,Genuine,0
loperamide,mopson pharmaceutical ltd,a8-3369,6190388065334,bt24-5695,2027-11-16,drops,1g,1 tube,nigeria,Genuine,0
prednisolone,hovid nigeria ltd,a5-6580,6195572773828,l25-6701,2026-11-28,sachet,250mg,5 vials,nigeria,Genuine,0
furosemide,wonderdrug co,h-68,6199376699766,jtvrqzep,20/11/2025,cream,1g,30g tube,pakistan,Suspicious,1
azithromycin,may & baker nigeria plc,j5-1293,6196917679935,lot26-3751,2029-05-10,tablet,200mg,5 vials,nigeria,Genuine,0
prednisolone,quickcure labs,b4-337071,6666666666666,---,23/03/2026,ointment,125mg/5ml,30 tablets,nigeria,Suspicious,1
hydrocortisone,chi pharmaceuticals ltd,p8-2702,6190509222165,bn24-7364,2026-06-04,powder,400mg,100 tablets,nigeria,Genuine,0
atenolol,skg pharma ltd,d7-6085,6197733294562,bt26-5512,2028-08-16,tablet,250mg,100ml bottle,nigeria,Genuine,0
ranitidine,swiss pharma nigeria ltd,w4-9818,6199808806786,bt24-4548,2026-08-09,ointment,5mg,20 tablets,nigeria,Genuine,0
magic cure pill,goodhealth generics,q3-218168,7777777777777,54,16/01/2026,ointemnt,500mg/5ml,bulk,nigeria,Suspicious,1
power drug,drugfield pharmaceuitcals ltd,f-57,2455711627,batch-739,20/03/2026,suspension,250mg,10 capsules,china,Suspicious,1
atenolol,chi pharmaceuticals ltd,z5-9335,6193132370586,b25-7757,2027-10-03,capsule,400mg,60ml bottle,nigeria,Genuine,0
diazepam,emzor pharmaceutical industries,y4-1659,6192787429670,bn25-5800,2029-06-11,capsule,100mg,20 capsules,nigeria,Genuine,0
folic acid,goodhealth generics,plyxkio,7777777777777,82,22/04/2026,tablet,400mg,bulk,unknown,Suspicious,1
loperamide,megadrug industries,j4-5178,6193736090859,??,2023-10-10,drops,20mg,100 tablets,pakistan,Suspicious,1
doxycycline,tuyil pharmaceutical industries,e4-4965,6194266179793,l26-8400,2029-09-02,cream,250mg/5ml,30g tube,nigeria,Genuine,0
emzor paracetamol,pfizer nigeria,j4-3522,6195892225601,l24-5630,2027-06-21,tablet,20mg,100 tablets,nigeria,Genuine,0
ors,evansm edical plc,j8-1001,0000000000000,unknown,2022-02-01,drops,125mg/5ml,30 tablets,pakistan,Suspicious,1
vitamin b complex,evans medical plc,z2-4009,6195216025238,b25-1448,2027-12-22,tablet,1g,10 capsules,nigeria,Genuine,0
cotrimoxazole,hovid nigeria ltd,b-58,0000000000000,batch-451,unknown,cream,1g,100 tablets,china,Suspicious,1
ferrous sulphate,healwell pharma ltd,u19-547,6193359847427,74,unknown,cream,unknown,unknown,ghana,Suspicious,1
vitamin cc,glaxosmithkline nigeria,drw,vmuz5x7ai8nx8,---,17/01/2026,tbalet,500mg,unknown,ghana,Suspicious,1
chlorpheniramine,dana pharmaceuticals ltd,a4-1959,6197859321333,lot26-1016,2027-10-28,ointment,10mg,30 tablets,nigeria,Genuine,0
folic acid,dana pharmaceuticals ltd,f6-5861,6199684364530,b24-4223,2028-03-03,tablet,250mg,100ml bottle,nigeria,Genuine,0
vitamin b complex,juhel nigeria ltd,e1-9456,6192307681045,bn26-9836,2026-06-15,tablet,250mg,200ml bottle,nigeria,Genuine,0
ors,skg pharma ltd,zu9nyrv,1729940369481126649,unknown,???,drops,50mg,60ml bottle,india,Suspicious,1
paracetmol,skg pharma ltd,m6-511180,qn5yqjtgf2u4b,batch-317,06/10/2026,syrup,500mg/5ml,10 capsules,china,Suspicious,1
lisinopril,pharma deko plc,u1-629415,3iqjawi2cnwai,65,13/06/2026,craem,400mg,5 vials,pakistan,Suspicious,1
megavit plus,medline drugs ltd,unknown,6190287574050,31,unknown,suspension,500mg,30g tube,unknown,Suspicious,1
vitamin c,goodhealth generics,s9-3501,6199247688349,lee,2020-02-28,powder,500mg,5 vials,nigeria,Suspicious,1
amatem,bioraj pharmaceuticals ltd,a8-9265,6190622072234,b25-9502,2028-08-08,drops,100mg,1 tube,nigeria,Genuine,0
multivitamin,bioraj pharmaceuticals ltd,q2-5512,6195279050406,lot24-3452,2027-04-25,cream,200mg,200ml bottle,nigeria,Genuine,0
antacid,emzor pharmaceutical industries,x1-4506,6198759271254,l25-3610,2027-07-04,cream,250mg,100ml bottle,nigeria,Genuine,0
amatem,alphahealth industries,y4-9775,9999999999999,unknown,???,ointment,10mg,bulk,china,Suspicious,1
erythromycin,swiss pharma nigeria ltd,n6-3257,6191719553568,bn24-3901,2026-10-01,suspension,20mg,1 tube,nigeria,Genuine,0
amoxil,pharma deko plc,b7-5065,6192748835656,bn25-9619,2029-03-10,tablet,1g,60ml bottle,nigeria,Genuine,0
ferrous sulphate,dana pharmaceuticals ltd,p8-4538,6191869289720,b25-5534,2028-01-22,capsule,5mg,30 tablets,nigeria,Genuine,0
augmentin,topnotch drugs ltd,hj-fivs,6193387895919,mbhnd,19/06/2025,powder,???,10 capsules,china,Suspicious,1
megavit plus,healthmax pharma,p9-9912,6190211682318,63,unknown,powder,250mg,30g tube,china,Suspicious,1
antacid,topnotch drugs ltd,pu-qufz,98012201631852002391,batch-101,21/11/2025,cpasule,10mg,30 tablets,china,Suspicious,1
spironolacotne,dana pharmaceuticals ltd,s6-8293,9xeo2xrkcdhhn,lrfk,2020-05-07,tablet,unknown,1 vial,china,Suspicious,1
ibuprofen,biofix pharmaceuticals,7docbi,7876028749,ivjbdr,2021-10-03,ointment,100mg,20 capsules,pakistan,Suspicious,1
nifedipine,fidson healthcare plc,s1-9796,6192553714788,lot26-6467,2029-10-04,cream,10mg,100ml bottle,nigeria,Genuine,0
hydrocortisone,tuyil pharmaceutical industries,y5-8036,6195555356697,bn25-5510,2026-01-15,ointment,250mg/5ml,30 tablets,nigeria,Genuine,0
flagyl,may & baker nigeria plc,h2-1587,6197427617073,lot26-9289,2029-08-16,capsule,250mg/5ml,30 tablets,nigeria,Genuine,0
ferrous sulphate,evans medical plc,u0-3567,6190348042474,unknown,unknown,tablet,1g,10 tablets,pakistan,Suspicious,1
amlodipine,bioraj pharmaceuticals ltd,r7-8503,6194924243750,lot24-2530,2028-05-15,syrup,1g,30 tablets,nigeria,Genuine,0
chloroquine,bestpills international,a3-733556,6198221803969,unknown,unknown,suspension,250mg/5ml,30g tube,ghana,Suspicious,1
vitamin c,dana pharmaceuticals ltd,x0-7020,6196694239438,93,12/11/2026,syrup,1g,30g tube,china,Suspicious,1
chloroquine,nigerian geramn chemicals plc,ss-sqxb,6194158933359,70,23/12/2026,tablet,125mg/5ml,5 vials,ghana,Suspicious,1
ibuprofen,pharma deko plc,d4-3305,6194426078195,l25-5067,2027-08-07,injection,50mg,60ml bottle,nigeria,Genuine,0
lonart ds extra,healwell pharma ltd,0v33li,4xsvs9rzxo1mu,batch-503,2022-08-14,injection,unknown,100 tablets,india,Suspicious,1
erythromycin,sanofi nigeria,g9-6259,6197875207024,bn25-2864,2029-03-22,tablet,unknown,1 vial,nigeria,Genuine,0
augmentin,drugfiedl pharmaceuticals ltd,xkzrh,0000000000000,??,???,powder,500mg/5ml,10 tablets,pakistan,Suspicious,1
ciprofloxacn,megadrug industries,is-dxvz,090168011536096439,batch-381,20/08/2025,syrup,unknown,20 tablets,nigeria,Suspicious,1
instant relief caps,alphahealth industries,v1-4848,75942501657555748632,jii,2022-07-02,craem,20mg,1 vial,nigeria,Suspicious,1
chlorpheniramine,bioraj pharmaceuticals ltd,p3-2066,6193797166982,lot24-6831,2029-02-05,suspension,50mg,10 capsules,nigeria,Genuine,0
multivitamin,topnotch drugs ltd,b3-7955,0000000000000,??,16/06/2025,cream,50mg,200ml bottle,ghana,Suspicious,1
panado,dana pharmaceuticals ltd,h-55,55019354503698884,80,2021-04-06,injection,10mg,unknown,china,Suspicious,1
ampiclox,mopson pharmaceutical ltd,u7-1022,6191658046497,b26-3493,2026-10-11,tablet,5mg,5 vials,nigeria,Genuine,0
amoxicilin,alphahealth industries,t0-4770,6197661366287,pezjwds,UNKNOWN,drpos,500mg,1 tube,ghana,Suspicious,1
lisinopril,nigerian german chemicals plc,k1-9943,6192530925114,lot24-6901,2027-12-12,powder,100mg,100ml bottle,nigeria,Genuine,0
nifedipine,novadrug industries,i7-3483,35668303253695255,---,07/06/2025,drops,100mg,20 tablets,ghana,Suspicious,1
amoxicilin,megadrug industries,-1712,6191828051665,unknown,unknown,syrup,400mg,bulk,pakistan,Suspicious,1
augmenti,wonderdrug co,n4-1200,siyd3byjsh1mv,39,unknown,capslue,125mg/5ml,1 vial,ghana,Suspicious,1
nifedipine,nigerian german chemicals plc,s1-6514,6194522675281,b25-3757,2027-07-10,injection,100mg,30 tablets,nigeria,Genuine,0
atenolol,hovid nigeria ltd,v7-3536,6193430980500,bn26-7911,2027-01-17,capsule,100mg,20 tablets,nigeria,Genuine,0
super paracetamol,wonderdrug co,sq-masj,0509083069,47,2020-06-12,oinmtent,100mg,1 vial,nigeria,Suspicious,1
ferrous sulphate,pfizer nigeria,t7-1507,6196296201536,bt25-9178,2028-11-10,injection,200mg,20 tablets,nigeria,Genuine,0
paracetamol,bioraj pharmaceuticals ltd,h3-6956,6190615814889,b24-1017,2029-10-17,suspension,200mg,10 capsules,nigeria,Genuine,0
augmentin,pfizer nigeria,b0-5081,6196221173273,l24-7073,2028-09-21,powder,250mg/5ml,100 tablets,nigeria,Genuine,0
ampiclox,hovid nigeria ltd,x8-7802,6191957612287,l26-5629,2027-09-20,drops,10mg,20 capsules,nigeria,Genuine,0
paracetamol,emzor pharmaceutical industries,a1-8282,6193759493309,unknown,2020-08-04,sachet,250mg,20 tablets,india,Suspicious,1
lisinopril,fastrelief drugs,j3-3226,6195651812752,cmmnol,2022-07-26,dorps,125mg/5ml,60ml bottle,unknown,Suspicious,1
diazepam,emzor pharmaceutical industries,n3-3129,6192481554203,bt26-4776,2026-04-02,capsule,500mg,1 vial,nigeria,Genuine,0
chloroquine,dana pharmaceuticals ltd,i2-5933,6195798894253,l25-2479,2026-12-26,ointment,125mg/5ml,10 tablets,nigeria,Genuine,0
metronidazole,sanofi nigeria,u6-9026,6198994053912,bn24-8151,2026-08-26,tablet,10mg,200ml bottle,nigeria,Genuine,0
tramadol,evans medical plc,d8-5788,6193368750923,l24-2895,2027-04-20,sachet,5mg,30 tablets,nigeria,Genuine,0
ranitidine,chi pharmaceuticals ltd,c9-3273,6195967908989,lot24-7144,2028-09-28,tablet,100mg,30 tablets,nigeria,Genuine,0
augmenti,mopson pahrmaceutical ltd,c-92,347561961765021,oib,22/10/2026,powder,250mg,10 tablets,india,Suspicious,1
metformin,hovid nigeria ltd,w2-3733,6197422579055,bn25-2336,2027-07-18,powder,125mg/5ml,100ml bottle,nigeria,Genuine,0
metronidazole,neimeth international pharmaceuticals,a4-5949,6193619951710,lot24-3541,2026-01-25,syrup,125mg/5ml,1 vial,nigeria,Genuine,0
erythromycin,sunrise medications,f-43,6197039190568,??,unknown,injection,1g,60ml bottle,nigeria,Suspicious,1
spironolactone,mopson pharmaceutical ltd,r4-8970,6194570545895,l24-4522,2026-03-14,suspension,125mg/5ml,30 tablets,nigeria,Genuine,0
chloroquine,sanofi nigeria,b2-2637,6199620710025,bn26-9827,2028-07-23,drops,250mg/5ml,30 tablets,nigeria,Genuine,0
chloroquine,megadrug industries,-6856,21412022417561680,batch-460,UNKNOWN,injection,20mg,60ml bottle,unknown,Suspicious,1
metformin,topnotch drugs ltd,-7190,10661690,56,02/06/2025,injection,unknown,bulk,unknown,Suspicious,1
metformin,healthmax pharma,dffi7mghdu,egxetrpnyc8l8,batch-373,22/08/2026,sachet,20mg,100ml bottle,nigeria,Suspicious,1
spironolactone,tuyil pharmaceutical industries,e3-3535,6194407931105,bt26-2083,2026-04-07,capsule,50mg,10 tablets,nigeria,Genuine,0
doxycycline,tuyil pharmaceutical industries,n7-9006,6192190340432,b25-2855,2029-10-24,drops,5mg,200ml bottle,nigeria,Genuine,0
vitamin cc,medexpress ltd,2xkd5r,6191346310787,zwrmxtfp,unknown,tbalet,125mg/5ml,200ml bottle,ghana,Suspicious,1
chlorpheniramine,emzor pharmaceutical industries,r0-9486,6198235130525,bt24-2173,2028-05-16,suspension,250mg,20 capsules,nigeria,Genuine,0
furosemide,glaxosmithkline nigeria,p7-8848,6193926030290,b24-2307,2026-10-05,tablet,100mg,10 capsules,nigeria,Genuine,0
ors,tuyil pharmaceutical industries,t2-8687,6194907280123,bt25-2457,2027-12-04,capsule,200mg,30 tablets,nigeria,Genuine,0
doxycycline,sanofi nigeria,g6-3484,6196894301201,lot26-8007,2026-04-15,syrup,125mg/5ml,100ml bottle,nigeria,Genuine,0
flagy,fidson healthcare plc,5mcayj,v1vw3fd4ogkaj,ukbi,unknown,drops,200mg,100ml bottle,china,Suspicious,1
ibuprofen,fidson healthcare plc,f6-9037,6197319227601,l25-9549,2029-11-18,ointment,10mg,100 tablets,nigeria,Genuine,0
metronidazole,emzor pharmaceutical industries,o9-5739,6192007494655,bt26-8461,2028-01-06,powder,1g,20 tablets,nigeria,Genuine,0
ferrous sulphate,dana pharmaceuticals ltd,j9-3568,6199298316871,bt26-7857,2029-05-01,ointment,250mg/5ml,100 tablets,nigeria,Genuine,0
amoxicillin,emzor pharmaceutical industries,nnzdnc02g2,218922400613865496,unknown,2022-02-09,ssupension,5mg,bulk,nigeria,Suspicious,1
amoxil,fidson healthcare plc,s0-9362,6196240580083,lot24-4723,2026-04-14,sachet,20mg,5 vials,nigeria,Genuine,0
gentamicin,quickcure labs,fq-epgo,bqaevwjqebs0t,scocq,2020-03-25,ointment,50mg,bulk,pakistan,Suspicious,1
azithromycin,medline drugs ltd,un-ikvk,0000000000000,49,28/02/2025,powder,20mg,30 tablets,india,Suspicious,1
ceftriaxone,drugfield pharmaceuticals ltd,y3-5543,6198734714349,lot25-8949,2026-03-05,suspension,20mg,1 tube,nigeria,Genuine,0
perdnisolone,megadrug industries,h9-3300,6193782803564,vdhbyals,2021-10-21,sachet,10mg,5 vials,unknown,Suspicious,1
panadol,tuyil pharmaceutical industries,k9-9693,6190111000519,lot25-3426,2027-04-10,capsule,10mg,1 vial,nigeria,Genuine,0
augmentin,glaxosmithkline nigeria,s1-6766,6190576449748,l24-0918,2026-03-14,powder,50mg,60ml bottle,nigeria,Genuine,0
amoxil,pharma deko plc,j2-1645,6198737530014,bn26-8195,2027-02-25,powder,250mg,1 tube,nigeria,Genuine,0
azithromycin,tuyil pharmaceutical industries,o1-2352,6198372742209,b24-3003,2028-02-18,ointment,100mg,20 tablets,nigeria,Genuine,0
lonart,fidson healthcare plc,c4-9907,6193753745848,bt26-4483,2028-12-18,powder,250mg,10 tablets,nigeria,Genuine,0
cotrimoxazole,mopson pharmaceutical ltd,j1-2479,6193407851697,b25-7791,2026-09-20,tablet,10mg,30g tube,nigeria,Genuine,0
tramadol,tuyil pharmaceutical industries,z3-6635,6192595332223,l24-3214,2027-01-10,cream,50mg,1 tube,nigeria,Genuine,0
erythromycin,skg pharma ltd,x7-2102,6191964215228,l25-5331,2029-07-16,ointment,1g,30g tube,nigeria,Genuine,0
atenolol,sanofi nigeria,t6-1091,6194387875352,l26-8013,2026-02-14,capsule,20mg,30 tablets,nigeria,Genuine,0
vitamin cc,tuyil pharmaceutical industries,none,6440261,46,2022-03-11,craem,100mg,60ml bottle,china,Suspicious,1
flagy,fastrelief drugs,w9-494187,6195302618405,48,27/09/2026,tablet,500mg/5ml,20 tablets,india,Suspicious,1
lonart,chi pharmaceuticals ltd,unknown,8888888888888,---,2020-09-10,tablet,5mg,30g tube,india,Suspicious,1
cotrimoxazole,pharma deko plc,n0-9508,6191126003083,bt25-6499,2029-10-03,tablet,20mg,30 tablets,nigeria,Genuine,0
amatem,fidson healthcare plc,t2-9751,6193276483500,bt24-5268,2029-05-03,suspension,1g,1 tube,nigeria,Genuine,0
super paracetamol,healwell pharma ltd,u8-7043,gvdnuj6unsrmq,unknown,2020-09-03,syrup,250mg/5ml,1 pack,ghana,Suspicious,1
total cure tablets,topnotch drugs ltd,1jqedl,0000000000000,bqoxw,06/08/2026,tablet,10mg,1 tube,unknown,Suspicious,1
cotrimoxazole,glaxosmithkline nigeria,e5-1886,6194729277424,bt24-3305,2026-06-24,sachet,250mg,5 vials,nigeria,Genuine,0
lonart,bioraj pharmaceuticals ltd,d9-6929,6198837340315,bt26-7872,2029-03-06,tablet,500mg,5 vials,nigeria,Genuine,0
artemether lumefantrine,glaxosmithkline nigeria,e2-7916,6199166978484,bn26-1976,2028-11-11,capsule,400mg,60ml bottle,nigeria,Genuine,0
folic acid,glaxosmithkline nigeria,w8-5480,6194989266596,bn26-4221,2029-04-17,ointment,10mg,20 capsules,nigeria,Genuine,0
flagy,fastrelief drugs,u9-719766,0000000000000,??,2021-03-08,sachet,10mg,5 vials,china,Suspicious,1
vitamin b complex,dana pharmaceuticals ltd,f5-2137,6192257207654,bn24-4422,2026-03-22,tablet,1g,20 capsules,nigeria,Genuine,0
erythromycin,mopson pharmaceutical ltd,s9-2600,6196247314988,l25-3196,2026-12-24,tablet,1g,200ml bottle,nigeria,Genuine,0
diclofenac,evans medical plc,w4-8438,6191349361830,bt25-2430,2026-01-06,injection,1g,1 tube,nigeria,Genuine,0
emzor paracetamol,juhel nigeria ltd,g9-9644,6198547281236,lot25-7512,2027-07-07,capsule,400mg,60ml bottle,nigeria,Genuine,0
coartem,tuyil pharmaceutical industries,u1-8370,6195455884504,l24-5852,2027-10-19,powder,100mg,30g tube,nigeria,Genuine,0
tramadol,juhel nigeria ltd,e2-5697,6196209355615,bn24-9420,2028-03-25,sachet,50mg,10 tablets,nigeria,Genuine,0
ciprofloxacin,curefast pharmaceuticals,r-89,71193600608277056,batch-497,2023-07-28,syrup,1g,60ml bottle,ghana,Suspicious,1
metronidazol,medline drugs ltd,unknown,0000000000000,unknown,unknown,cpasule,50mg,20 capsules,nigeria,Suspicious,1
erythromcyin,curefast pharmaceuticals,z3-4980,mbqehfvhgl26a,batch-478,2023-09-07,tablet,250mg/5ml,1 vial,unknown,Suspicious,1
furosemide,bioraj pharmaceuticals ltd,a0-4028,6193009156183,bt26-8683,2026-04-23,ointment,10mg,100ml bottle,nigeria,Genuine,0
coartem,curefast pharmaceuticals,meqrl,0000000000000,unknown,2023-03-08,saceht,5mg,20 capsules,unknown,Suspicious,1
super paracetamol,drugking industries,unknown,0729850230,batch-678,15/02/2026,podwer,50mg,60ml bottle,nigeria,Suspicious,1
hydrocortisone,swiss pharma nigeria ltd,p-25,6fayiyl0vfsrx,58,2022-08-21,powder,250mg/5ml,10 tablets,pakistan,Suspicious,1
tetracycline,emzor pharmaceutical industries,s6-1525,6198587495112,b24-9247,2026-09-06,powder,250mg,1 vial,nigeria,Genuine,0
tramadol,drugfield pharmaceuticals ltd,5rhcjt,9910042,brvv,2023-09-02,capsule,250mg,100ml bottle,india,Suspicious,1
antacid,mopson pharmaceutical ltd,k4-7563,6190158517438,bt26-0744,2029-11-07,injection,250mg/5ml,60ml bottle,nigeria,Genuine,0
promethazine,skg pharma ltd,p9-8146,6191208780574,bt24-5906,2026-12-09,sachet,400mg,1 tube,nigeria,Genuine,0
power drug,supercure pharma,rv-bxrn,6199232468727,7,2023-04-08,drops,5mg,20 tablets,unknown,Suspicious,1
ampiclox,dana pharmaceuticals ltd,i2-6567,6198323024101,bt25-1918,2028-04-10,drops,200mg,20 capsules,nigeria,Genuine,0
lisinopril,neimeth international pharmaceuticals,i7-3481,6197274231835,bn25-1202,2029-09-20,suspension,250mg/5ml,30 tablets,nigeria,Genuine,0
ceftriaxone,healwell pharma ltd,eh-yyvj,t4juufvftw8wm,batch-231,07/03/2026,syrpu,???,20 capsules,pakistan,Suspicious,1
prednisolone,juhel nigeria ltd,k1-4065,6195427820790,l26-9536,2029-12-13,drops,200mg,10 capsules,nigeria,Genuine,0
amoxicillin,novadrug industries,e-98,6197323964400,72,2022-04-25,syrup,unknown,30g tube,pakistan,Suspicious,1
ors,hovid nigeria ltd,m3-2578,6190505243836,b26-0131,2028-09-23,syrup,20mg,30g tube,nigeria,Genuine,0
antacid,bioraj pharmaceuticals ltd,y1-2526,6197298068653,bn26-8780,2029-04-26,drops,500mg/5ml,30g tube,nigeria,Genuine,0
flagy,pharmaplus international,o-29457,0000000000000,batch-148,unknown,syrup,100mg,60ml bottle,india,Suspicious,1
promethazine,skg pharma ltd,br-oxkj,3333333333333,unknown,unknown,tablet,50mg,1 tube,nigeria,Suspicious,1
magic cure pill,evans medical plc,qj39qz,0000000000000,unknown,04/09/2026,cream,125mg/5ml,20 tablets,pakistan,Suspicious,1
panadol,drugfield pharmaceuticals ltd,j5-2965,6190762268382,b26-5902,2026-07-28,tablet,20mg,10 tablets,nigeria,Genuine,0
atenolol,bioraj pharmaceuticals ltd,o0-5082,6191727889574,b26-8370,2029-09-15,syrup,250mg/5ml,100ml bottle,nigeria,Genuine,0
folic acid,evans medical plc,k8-3139,6199750017018,bt25-7579,2026-07-07,syrup,125mg/5ml,10 capsules,nigeria,Genuine,0
ciprofloxacin,sanofi nigeria,u6-8130,6195533077040,l24-2133,2029-03-20,cream,1g,60ml bottle,nigeria,Genuine,0
multivitamin,dana pharmaceuticals ltd,c5-3758,6192910732288,bt25-0186,2028-10-26,suspension,50mg,200ml bottle,nigeria,Genuine,0
tetracycline,neimeth international pharmaceuticals,k2-5481,zycgugml2cg7d,2,UNKNOWN,suspnesion,100mg,60ml bottle,ghana,Suspicious,1
metformin,nigerian german chemicals plc,l8-3621,6190297021353,lot25-9393,2026-10-05,drops,10mg,20 capsules,nigeria,Genuine,0
promtehazine,pharmafast nigeria,none,6666666666666,24,???,ssupension,100mg,30 tablets,india,Suspicious,1
chloroquine,curefast pharmaceuticals,e4-906676,1557826,69,unknown,suspension,400mg,1 pack,nigeria,Suspicious,1
augmenti,fidson healthcare plc,-6315,3094621470616537,2,07/05/2025,powder,500mg,bulk,ghana,Suspicious,1
magic cure pill,dana pharmaceuticals ltd,not registered,0vevqrhm5jka7,36,27/05/2026,syrup,500mg/5ml,100 tablets,china,Suspicious,1
tetracycline,skg pharma ltd,f2i,6197190952036,unknown,2021-02-25,cream,5mg,1 tube,ghana,Suspicious,1
total cure tablets,fastrelief drugs,j9-5299,398313549014599,---,2023-10-06,capsule,125mg/5ml,1 pack,china,Suspicious,1
gentamicin,may & baker nigeria plc,g2-5468,6192044820707,bn24-5243,2028-02-14,cream,125mg/5ml,5 vials,nigeria,Genuine,0
lisinopril,healwell pharma ltd,h9-1912,6196028586962,unknown,???,suspesnion,unknown,30g tube,nigeria,Suspicious,1
flagy,emzor pharmaceutical industries,-2387,6193847513407,??,unknown,pwoder,250mg/5ml,10 capsules,ghana,Suspicious,1
diazepam,emzor pharmaceutical industries,c7-3671,6192240507648,b25-1764,2029-11-21,drops,10mg,10 capsules,nigeria,Genuine,0
metronidazole,dana pharmaceuticals ltd,t2-6775,6191999452957,bn25-1771,2027-03-05,drops,20mg,1 tube,nigeria,Genuine,0
amlodipine,medline drugs ltd,-9471,7777777777777,batch-365,2022-11-22,powder,10mg,10 tablets,nigeria,Suspicious,1
amoxicilin,medline drugs ltd,-3635,6191548720124,batch-613,11/06/2025,tabelt,250mg,20 tablets,ghana,Suspicious,1
ranitidine,bioraj pharmaceuticals ltd,d6-5084,6195111424129,batch-759,14/08/2025,capsule,100mg,bulk,ghana,Suspicious,1
ceftriaxone,glaxosmithkline nigeria,m0-8273,6193607763363,b24-1621,2027-09-19,powder,250mg,30 tablets,nigeria,Genuine,0
spironolactone,dana pharmaceuticals ltd,n3-3363,6191234764906,l26-6239,2026-06-18,ointment,50mg,5 vials,nigeria,Genuine,0
vitamin c,chi pharmaceuticals ltd,i7-9410,6192613750602,l26-6226,2027-07-03,cream,200mg,10 tablets,nigeria,Genuine,0
doxycycline,hovid nigeria ltd,x8-4613,6197346706568,bt25-2191,2026-07-19,sachet,125mg/5ml,10 tablets,nigeria,Genuine,0
ampiclox,drugfield pharmaceutcials ltd,oh-vztm,0ivf7g7u951ob,batch-357,UNKNOWN,sachet,125mg/5ml,100 tablets,unknown,Suspicious,1
amatem,drugfield pharmaceuticals ltd,j6-4957,6190600025894,lot25-2892,2029-04-18,ointment,200mg,1 vial,nigeria,Genuine,0
total cure tablets,sunrise medications,asw1di,52032865918198052,78,2022-04-01,ointment,50mg,10 tablets,ghana,Suspicious,1
atenolol,hovid nigeria ltd,n9-3531,6196179640537,l25-3968,2028-02-22,cream,5mg,5 vials,nigeria,Genuine,0
loperamide,hovid nigeria ltd,x7-4845,6196826911638,bt24-9451,2028-03-28,syrup,500mg/5ml,30g tube,nigeria,Genuine,0
chlorpheniramine,emzor pharmaceutical industries,s7-4878,6198468950099,l26-6138,2026-10-16,capsule,100mg,1 tube,nigeria,Genuine,0
hydrocortisone,emzor pharmaceutical industries,t9-7844,6192543848073,lot24-0952,2027-12-10,injection,50mg,60ml bottle,nigeria,Genuine,0
atenolol,bioraj pharmaceuticals ltd,g9-3286,6192501425766,bt25-0113,2027-04-06,injection,400mg,20 tablets,nigeria,Genuine,0
tetracycline,evans medical plc,h0-4946,6199117182274,b24-4442,2029-04-18,suspension,250mg/5ml,10 capsules,nigeria,Genuine,0
ciprofloxacin,swiss pharma nigeria ltd,d0-4924,6191421751887,l26-2100,2029-11-20,injection,500mg/5ml,20 tablets,nigeria,Genuine,0
flagyl,nigerian german chemicals plc,m5-7541,6198629591253,l24-5147,2027-06-11,suspension,1g,10 capsules,nigeria,Genuine,0
tramadol,swiss pharma nigeria ltd,z9-8243,6195170281404,l26-3710,2029-06-03,cream,500mg,1 vial,nigeria,Genuine,0
flagyl,pharma deko plc,u2-2225,6197459615863,lot26-8094,2026-10-03,suspension,125mg/5ml,5 vials,nigeria,Genuine,0
augmentin,alphahealth industries,m-53992,6197318020401,batch-084,2020-03-20,injection,50mg,1 pack,nigeria,Suspicious,1
folic acid,fidson healthcare plc,m1-4027,6192753046375,lot25-5047,2026-05-21,cream,250mg/5ml,100 tablets,nigeria,Genuine,0
lonart,bioraj pharmaceuticals ltd,e7-6918,6194801571648,l26-5211,2029-04-18,ointment,400mg,60ml bottle,nigeria,Genuine,0
amoxil,glaxosmithkline nigeria,d6-5754,6193690283779,bt25-0561,2027-09-20,ointment,500mg/5ml,5 vials,nigeria,Genuine,0
tetracycline,pfizer nigeria,k7-5501,6197284639201,b25-7936,2026-09-12,ointment,125mg/5ml,30g tube,nigeria,Genuine,0
tramadol,dana pharmaceuticals ltd,i6-7357,6197665061805,b24-9694,2026-12-28,capsule,10mg,200ml bottle,nigeria,Genuine,0
chloroquine,pharmafast nigeria,-1386,0000000000000,??,04/04/2025,tbalet,200mg,5 vials,unknown,Suspicious,1
magic cure pill,tuyil hparmaceutical industries,owlzcwd,0000000000000,zhvel,UNKNOWN,injection,250mg,30g tube,ghana,Suspicious,1
promethazine,evans medical plc,e1-8574,6199428179345,bn25-5648,2027-12-16,drops,10mg,200ml bottle,nigeria,Genuine,0
ciporfloxacin,evans medical plc,none,722982,gkh,2022-11-07,sachet,250mg/5ml,20 tablets,nigeria,Suspicious,1
panado,megadrug industries,z2-2380,6192206591001,batch-812,2023-05-10,injection,unknown,30 tablets,india,Suspicious,1
tetracycline,goodhealth generics,9mnrn8,cyexrhl5kz7ha,41,???,sachet,50mg,5 vials,unknown,Suspicious,1
gentamicin,nigerian german chemicals plc,j6-5640,6199111109611,l26-9024,2026-11-15,powder,1g,30g tube,nigeria,Genuine,0
chlorpheniramine,may & baker nigeria plc,x6-7564,6199849027706,bt26-8589,2028-04-02,sachet,5mg,200ml bottle,nigeria,Genuine,0
cotrimoxazole,may & baker nigeria plc,l6-9381,6197611249127,lot25-5667,2027-04-26,drops,200mg,10 capsules,nigeria,Genuine,0
lonart ds extra,healthmax pharma,u4-7685,0drvmfhrt8yc6,zmmtlwan,2020-07-18,sachet,1g,5 vials,china,Suspicious,1
gentamicin,skg pharma ltd,n9-5451,6195919663959,lot26-1152,2029-03-02,powder,400mg,1 vial,nigeria,Genuine,0
ors,healwell pharma ltd,r2-7580,6192936756275,batch-738,2021-05-19,powder,50mg,1 pack,india,Suspicious,1
tetracycline,hovid nigeria ltd,w1-8409,6193906375793,bn26-5189,2028-03-26,capsule,250mg,200ml bottle,nigeria,Genuine,0
artemether lumefantrine,supercure pharma,l9-5897,10797,??,12/05/2026,ointemnt,400mg,1 pack,china,Suspicious,1
spironolactone,pfizer nigeria,v9-3734,6191779055286,l25-9687,2027-04-27,cream,250mg,5 vials,nigeria,Genuine,0
flagyl,fastrelief drugs,q5-7997,6196767809643,batch-829,UNKNOWN,sachte,125mg/5ml,10 capsules,nigeria,Suspicious,1
omeprazole,pfizer nigeria,n1-2874,6198367365765,l26-1657,2028-07-11,injection,10mg,30 tablets,nigeria,Genuine,0
total cure tablets,bestpills international,glo1bx,346754182,55,unknown,tablet,400mg,1 pack,china,Suspicious,1
prednisolone,dana pharmaceuticals ltd,z6-5873,6197102767734,lot26-2453,2028-12-11,cream,20mg,30 tablets,nigeria,Genuine,0
ibuprofen,glaxosmithkline nigeria,p9-6871,6195633185744,b24-7586,2026-01-13,ointment,20mg,20 tablets,nigeria,Genuine,0
augmentin,juhel nigeria ltd,s2-3656,6192206447421,bn24-3423,2026-10-25,injection,500mg,100ml bottle,nigeria,Genuine,0
atenolol,wonderdrug co,c-51,42610703,47,2022-03-10,suspension,400mg,1 vial,pakistan,Suspicious,1
ranitidine,tuyil pharmaceutical industries,n3-6690,6191484685365,l25-8543,2029-11-25,powder,100mg,10 tablets,nigeria,Genuine,0
predinsolone,swiss pharma nigeria ltd,i7-6218,6196461209619,unknown,2020-10-19,syrup,5mg,5 vials,china,Suspicious,1
unknown,medexpress ltd,u017wt,0znu2imtlqpch,jcjmm,28/08/2025,podwer,500mg,100 tablets,pakistan,Suspicious,1
lisinopril,skg pharma ltd,c5-4487,6191234550684,b24-7247,2026-08-21,drops,20mg,30g tube,nigeria,Genuine,0
paracetmol,sanofi nigeira,none,5777917,batch-296,2022-11-11,suspnesion,100mg,30 tablets,ghana,Suspicious,1
cotrimoxazole,drugfield pharmaceuticals ltd,a3-2196,6190651801706,lot25-3048,2027-11-24,ointment,10mg,60ml bottle,nigeria,Genuine,0
doxycycline,tuyil pharmaceutical industries,j6-1601,6197154516809,b25-6870,2026-04-17,cream,1g,30g tube,nigeria,Genuine,0
folic acid,emzor pharmaceutical industries,u4-8381,6197358662968,bn26-4939,2027-12-03,capsule,400mg,30 tablets,nigeria,Genuine,0
multivitamin,juhel nigeria ltd,w8-4560,6193394522884,lot26-1990,2028-09-16,sachet,1g,5 vials,nigeria,Genuine,0
panadol,fidson healthcare plc,j5-7807,6192328588422,lot25-4935,2028-02-15,capsule,100mg,30g tube,nigeria,Genuine,0
chlorpheniramine,drugfield pharmaceuticals ltd,q9-9087,6198610313109,bn26-4461,2027-02-18,capsule,400mg,100 tablets,nigeria,Genuine,0
diazepam,nigerian german chemicals plc,q1-7484,6194535218185,b24-5824,2028-12-27,syrup,200mg,20 tablets,nigeria,Genuine,0
ampiclox,supercure pharma,h-76,6191612921358,ihm,2020-02-01,dorps,250mg/5ml,20 tablets,china,Suspicious,1
loperamide,pharmafast nigeria,ru-opmx,043817,unknown,13/10/2025,injection,500mg,1 vial,pakistan,Suspicious,1
ranitidine,pfizer nigeria,m9-2676,6190858994416,l24-5609,2028-11-11,injection,400mg,5 vials,nigeria,Genuine,0
promethazine,chi pharmaceuticals ltd,v4-2388,6192513412525,b25-6952,2027-10-13,ointment,100mg,100ml bottle,nigeria,Genuine,0
emzor paracetamol,dana pharmaceuticals ltd,o1-3324,6194365858568,lot24-3573,2026-05-03,syrup,500mg,30 tablets,nigeria,Genuine,0
artemether lumefantrine,may & baker nigeria plc,z4-7382,6192776572561,lot26-3114,2026-03-09,ointment,250mg,100ml bottle,nigeria,Genuine,0
antacid,pfizer nigeria,u1-2791,6193529096563,bn24-1715,2028-04-17,powder,5mg,1 vial,nigeria,Genuine,0
promethazine,mopson pharmaceutical ltd,h9-7825,6192185188889,b24-6497,2029-01-21,ointment,10mg,10 capsules,nigeria,Genuine,0
coartem,pharmafast nigeria,l3gtvjdfmj,6192974511652,auopeq,2021-04-19,ointment,500mg,5 vials,unknown,Suspicious,1
vitamin b complex,wonderdrug co,2kocwd,w7cscd8jqqlwu,unknown,unknown,drops,100mg,bulk,ghana,Suspicious,1
furosemide,tuyil pharmaceutical industries,h1-5322,6194158331179,bn24-0315,2027-08-27,ointment,200mg,100ml bottle,nigeria,Genuine,0
paracetmol,goodhealth generics,oormr9,971763506427299043,vvuwit,2021-12-12,injection,500mg/5ml,100ml bottle,pakistan,Suspicious,1
tramadol,bioraj pharmaceuticals ltd,z6-6931,6195049444077,l25-3316,2028-10-25,suspension,250mg/5ml,100 tablets,nigeria,Genuine,0
ampiclox,dana pharmaceuticals ltd,s5-6878,6199059929371,b25-2976,2029-01-03,tablet,200mg,1 vial,nigeria,Genuine,0
amoxil,evans medical plc,p8-1136,6197740649300,b25-3189,2029-09-14,ointment,200mg,30 tablets,nigeria,Genuine,0
promethazine,glaxosmithkline nigeria,j3-8020,6193910257436,bt25-3448,2026-04-24,sachet,50mg,1 tube,nigeria,Genuine,0
nifediipne,juhel nigeria ltd,not registered,0000000000000,??,2022-07-06,tablet,125mg/5ml,unknown,china,Suspicious,1
tetracycline,dana pharmaceuticals ltd,u4-5425,6190777946206,l24-6706,2029-11-05,sachet,100mg,20 capsules,nigeria,Genuine,0
ors,medexpress ltd,e0-319707,07917913,unknown,2022-08-04,capsule,200mg,60ml bottle,china,Suspicious,1
nifedipine,juhel nigeria ltd,z7-9508,6197298259525,l26-5002,2028-09-27,powder,5mg,100ml bottle,nigeria,Genuine,0
metformin,healthmax pharma,b5-483807,17748565264243742,20,2021-03-02,injection,unknown,1 vial,pakistan,Suspicious,1
vitamin c,unknown,l5-2329,6196517680867,l26-2639,2026-04-15,syrup,250mg,30g tube,nigeria,Genuine,0
megavit plus,medexpress ltd,43rsas,6983443695805045,zbjny,unknown,tablet,20mg,200ml bottle,china,Suspicious,1
flagyl,evans medical plc,b4-2294,6195747338487,lot24-1889,2027-04-02,powder,200mg,5 vials,nigeria,Genuine,0
emzor paracetamol,juhel nigeria ltd,s7-5991,6191218209706,bt24-1238,2029-05-07,suspension,400mg,5 vials,nigeria,Genuine,0
amoxicillin,mopson pharmaceutical ltd,j2-4509,6195733221410,b26-8726,2026-11-11,sachet,100mg,1 vial,nigeria,Genuine,0
emzor paracetamol,medline drugs ltd,tb-dmfx,00642276434946526,batch-031,16/11/2026,capsule,500mg,20 capsules,pakistan,Suspicious,1
panadol,healwell pharma ltd,z-29,8484264833,55,22/10/2026,tablet,10mg,30g tube,unknown,Suspicious,1
atenolol,evans medical plc,t6-7287,6198349604783,lot24-1161,2029-01-05,powder,10mg,20 tablets,nigeria,Genuine,0
panadol,biofix pharmaceuticals,d7-1628,6193514244962,unknown,unknown,tablet,250mg/5ml,60ml bottle,pakistan,Suspicious,1
vitamin cc,medexpress ltd,rmoqz,32861780581380573,15,2023-08-28,powder,500mg/5ml,1 vial,india,Suspicious,1
artemether lumefantrine,novadrug industries,l2-1550,6195893771251,69,17/09/2025,sachet,1g,1 tube,nigeria,Suspicious,1
gentamicin,may & baker nigeria plc,k6-1453,6193567932793,b25-2676,2027-10-17,injection,50mg,30g tube,nigeria,Genuine,0
ampiclox,juhel nigeria ltd,j5-1362,6198095948155,bt25-9863,2027-06-26,cream,1g,60ml bottle,nigeria,Genuine,0
furosemide,neimeth international pharmaceuticals,p5-8178,6193839597248,l25-6002,2029-03-20,suspension,400mg,1 tube,nigeria,Genuine,0
lonart,bioraj pharmaceuticals ltd,i8-5098,6197697357792,bn25-2004,2028-02-13,suspension,125mg/5ml,1 tube,nigeria,Genuine,0
coartem,sanofi nigeria,p6-7729,6199042338104,unknown,unknown,drops,250mg/5ml,10 capsules,china,Suspicious,1
folic acid,sanofi nigeria,c1-7776,6196553559042,bt25-7345,2027-08-02,suspension,200mg,5 vials,nigeria,Genuine,0
hydrocortisone,supercure pharma,-7399,4444444444444,batch-542,2021-01-22,drops,100mg,10 capsules,china,Suspicious,1
prednisolone,dana pharmaceuticals ltd,w9-4350,6196385467850,lot25-5992,2029-08-04,drops,500mg/5ml,20 capsules,nigeria,Genuine,0
super paracetamol,novadrug industries,w0dt,8oxnr2lqovc3k,batch-790,unknown,syurp,1g,100ml bottle,ghana,Suspicious,1
ors,unknown,a2-1558,6193265097756,bt26-9556,2029-08-07,drops,1g,10 capsules,nigeria,Genuine,0
nifedipine,nigerian german chemicals plc,m3-5308,6191638944843,l24-1221,2027-03-10,capsule,125mg/5ml,100ml bottle,nigeria,Genuine,0
megavit plus,topnotch drugs ltd,-8405,1660191090488660732,??,25/08/2025,drops,250mg/5ml,1 tube,ghana,Suspicious,1
unknown,supercure pharma,e5-792142,6199563603859,batch-171,2021-03-20,sachet,???,60ml bottle,india,Suspicious,1
folic acid,neimeth international pharmaceuticals,y2-9163,6198774701682,l24-3624,2028-01-02,injection,50mg,1 vial,nigeria,Genuine,0
hydrocortisone,neimeth international pharmaceuticals,l4-6576,6194948083134,l25-9196,2027-12-16,drops,50mg,30g tube,nigeria,Genuine,0
coartme,emzor pharmaceutical industries,z4czqcva,9999999999999,batch-502,UNKNOWN,caspule,500mg,1 vial,pakistan,Suspicious,1
magic cure pill,dana pharmaceuticals ltd,b5-4072,6192590677183,batch-147,2023-05-08,tbalet,10mg,1 tube,unknown,Suspicious,1
ampiclox,skg pharma ltd,u0-2058,6197130232129,b26-3448,2027-09-03,ointment,250mg/5ml,100ml bottle,nigeria,Genuine,0
atenolol,dana pharmaceuticals ltd,d2-8289,6191026767207,b26-6037,2029-10-19,syrup,50mg,10 tablets,nigeria,Genuine,0
megavit plus,wonderdrug co,rxjb,0000000000000,wpfds,unknown,cream,5mg,10 capsules,unknown,Suspicious,1
lonart,supercure pharma,v7-5625,6199250075167,??,???,drops,200mg,10 capsules,ghana,Suspicious,1
metformin,glaxosmithkline nigeria,a4-5012,6193218196000,bn24-3911,2026-09-07,powder,20mg,100 tablets,nigeria,Genuine,0
lonart ds extra,pharmaplus international,d2-7234,5555555555555,batch-811,2023-05-09,injection,5mg,100ml bottle,ghana,Suspicious,1
tramadol,glaxsomithkline nigeria,a84n1w,6192737989797,aprcre,???,drpos,50mg,20 tablets,nigeria,Suspicious,1
power drug,alphahealth industries,r-80,306343594882188496,vtasqz,2020-03-27,ceram,5mg,30 tablets,ghana,Suspicious,1
amoxil,fidson healthcare plc,mu-thjl,019453911776665052,---,2021-01-26,sachet,100mg,5 vials,unknown,Suspicious,1
azithromycin,may & baker nigeria plc,j3-1717,6193054868741,bn26-3231,2028-06-28,tablet,125mg/5ml,20 capsules,nigeria,Genuine,0
total cure tablets,alphahealth industries,gm-ujhh,0sivluw217wdc,??,2022-03-01,drops,unknown,1 tube,nigeria,Suspicious,1
ors,mopson pharmaceutical ltd,q9-3486,6199880858383,bt25-2700,2026-11-06,sachet,200mg,30g tube,nigeria,Genuine,0
amoxicillin,drugking industries,mr-buoc,6191116271430,batch-620,2023-06-01,injection,10mg,5 vials,india,Suspicious,1
amlodipine,bioraj pharmaceuticals ltd,z2-4295,6193921883525,l26-9931,2026-09-16,cream,250mg/5ml,30g tube,nigeria,Genuine,0
multivitamin,sanofi nigeria,k3-3815,6196389021997,lot25-2140,2026-04-28,ointment,200mg,100 tablets,nigeria,Genuine,0
metformin,goodhealth generics,ws-lirk,6198967621827,40,19/11/2025,syurp,500mg/5ml,unknown,unknown,Suspicious,1
metronidazol,pharmaplus international,q-34,4889334375186694,wqqjmdt,unknown,powedr,500mg,1 pack,india,Suspicious,1
ferrous uslphate,healthmax pharma,p3-453950,2222222222222,batch-409,14/02/2026,suspension,20mg,10 capsules,pakistan,Suspicious,1
azithromycin,novadrug industries,h-12,p3boq6gnv64pv,53,2021-08-01,ointment,???,5 vials,unknown,Suspicious,1
vitamin c,neimeth international pharmaceuticals,t8-1866,6199837801820,bn25-3471,2027-12-27,sachet,50mg,20 tablets,nigeria,Genuine,0
ceftriaxone,megadrug industries,y5-9197,569640101460193,42,2020-07-06,syrup,250mg,60ml bottle,nigeria,Suspicious,1
metronidazol,glaxosmithkline nigeria,vy-dcvj,69962083479100593257,98,2023-01-23,suspension,500mg,20 tablets,ghana,Suspicious,1
ibuprofen,megadrug industries,a-69,0000000000000,batch-617,06/05/2026,suspension,unknown,20 capsules,unknown,Suspicious,1
diclofenac,hovid nigeria ltd,x0-3868,6196206724001,lot26-9975,2026-06-10,drops,125mg/5ml,200ml bottle,nigeria,Genuine,0
vitamin c,juhel nigeria ltd,h7-1668,6193824073337,bt25-3638,2027-01-10,suspension,500mg,1 vial,nigeria,Genuine,0
metformin,juhel nigerai ltd,k9-3599,6197487411482,unknown,15/06/2025,capsule,???,unknown,india,Suspicious,1
augmentin,drugfield pharmaceuticals ltd,w8-9697,6199957298937,l25-2920,2029-05-11,injection,1g,100 tablets,nigeria,Genuine,0
loperamide,pfizer nigeria,j5-2697,6199832731580,lot24-4664,2027-07-28,powder,500mg/5ml,1 vial,nigeria,Genuine,0
flagyl,pharma deko plc,m9-1897,6196908726174,l24-7341,2027-12-07,injection,5mg,1 tube,nigeria,Genuine,0
metronidazole,tuyil pharmaceutical industries,-2839,bncvrcnsw7nvl,batch-129,unknown,ointment,100mg,200ml bottle,unknown,Suspicious,1
hydrocortisone,tuyil pharmaceutical industries,t0-9222,6192723184328,bt24-6034,2026-11-08,ointment,500mg/5ml,20 capsules,nigeria,Genuine,0
augmentin,drugfield pharmaceuticals ltd,c5-5102,6191520643618,bn24-3596,2029-02-05,sachet,200mg,200ml bottle,nigeria,Genuine,0
metformin,swiss pharma nigeria ltd,e4-9912,6197098726494,l24-3103,2027-06-03,drops,400mg,30g tube,nigeria,Genuine,0
vitamin b complex,nigerian german chemicals plc,v5-3166,6198092428759,l24-1568,2028-12-17,ointment,100mg,10 capsules,nigeria,Genuine,0
amoxicilin,healwell pharma ltd,l3-4386,67027728715659695,??,16/06/2026,sachet,250mg/5ml,1 tube,nigeria,Suspicious,1
vitamin b complex,alphahealth industries,q7-7550,6195049221708,batch-657,2023-11-24,drops,500mg/5ml,60ml bottle,china,Suspicious,1
diazepam,tuyli pharmaceutical industries,k-82,0000000000000,??,2021-10-02,suspension,50mg,1 tube,unknown,Suspicious,1
hydrocortisone,biofix pharmaceuticals,n4-3154,525576881,batch-952,unknown,sachet,125mg/5ml,1 vial,india,Suspicious,1
prednisolone,may & baker nigeria plc,-1068,7sfkci1td4nnl,batch-557,23/09/2026,syrup,10mg,60ml bottle,china,Suspicious,1
amatem,topnotch drugs ltd,-2871,7777777777777,rxfpli,???,injection,unknown,20 tablets,india,Suspicious,1
metronidazole,juhel nigeria ltd,c8-4899,6194738299738,l25-3219,2026-02-22,ointment,10mg,60ml bottle,nigeria,Genuine,0
vitamin b complex,chi pharmaceuticals ltd,x3-5012,6196293449733,lot25-1410,2028-07-13,syrup,50mg,100ml bottle,nigeria,Genuine,0
artemether lumefantrine,glaxosmithkline nigeria,v1-7716,6198809255029,bn26-3928,2026-07-01,sachet,500mg,60ml bottle,nigeria,Genuine,0
amoxil,swiss pharma nigeria ltd,i0-8951,6197848739286,lot25-7774,2028-10-28,powder,100mg,20 tablets,nigeria,Genuine,0
folic acid,juhel nigeria ltd,c3-1091,6195570836822,bn25-5068,2028-09-17,sachet,20mg,60ml bottle,nigeria,Genuine,0
spironolactone,fidson healthcare plc,v7-3115,6192329716749,bt24-9223,2026-01-12,injection,10mg,5 vials,nigeria,Genuine,0
artemether lumefantrine,drugfield pharmaceuticals ltd,m6-7972,6191459011076,b25-7757,2026-05-02,tablet,250mg/5ml,5 vials,nigeria,Genuine,0
diclofenac,juhel nigeria ltd,t2-7463,6196486989398,l26-9103,2029-05-17,ointment,1g,10 capsules,nigeria,Genuine,0
prednisolone,medline drugs ltd,9c6pkdnnfp,0000000000000,unknown,???,sachet,125mg/5ml,5 vials,nigeria,Suspicious,1
vitamin cc,fidson healthcare plc,wr-xeuh,1111111111111,batch-997,28/03/2026,capsule,1g,20 tablets,unknown,Suspicious,1
hydrocortisone,nigerian german chemicals plc,x9-2333,6195671649321,b26-8367,2026-03-16,capsule,400mg,5 vials,nigeria,Genuine,0
multivitamin,dana pharmaceuticals ltd,p-97,315922912706593410,batch-076,unknown,capsule,unknown,20 capsules,china,Suspicious,1
metronidazole,bestpills international,s0-3317,924941801695991129,batch-422,2021-09-15,sachet,unknown,1 tube,pakistan,Suspicious,1
ors,megadrug industries,unknown,8790522,batch-325,15/10/2026,tablet,5mg,1 tube,china,Suspicious,1
furosemide,bioraj pharmaceuticals ltd,e7-4312,6194813104506,bt25-9299,2029-04-22,syrup,250mg,100ml bottle,nigeria,Genuine,0
glibenclamide,evans medical plc,h6-2841,6197213145193,lot24-6006,2026-01-20,syrup,100mg,60ml bottle,nigeria,Genuine,0
loperamide,tuyil pharmaceutical industries,a6-2113,6190390339706,lot26-1420,2028-09-27,syrup,20mg,100 tablets,nigeria,Genuine,0
ciprofloxacin,emzor pharmaceutical industries,y-30,804374,ifqwatqg,???,capsule,unknown,10 tablets,unknown,Suspicious,1
metronidazole,juhel nigeria ltd,z0-4765,6198694842496,lot26-8491,2026-11-03,injection,10mg,100ml bottle,nigeria,Genuine,0
atenolol,neimeth international pharmaceuticals,e5-4750,6199933797058,b24-6393,2027-10-11,capsule,5mg,100ml bottle,nigeria,Genuine,0
paracetamol,swiss pharma nigeria ltd,d5-8138,6193213580040,bn24-0886,2028-02-09,cream,250mg/5ml,1 vial,nigeria,Genuine,0
metronidazole,medexpress ltd,-3321,0000000000000,unknown,2021-03-05,sryup,250mg,5 vials,china,Suspicious,1
ceftriaxone,emzor pharmaceutical industries,t0-9807,6191441529824,bn25-3264,2027-10-11,drops,125mg/5ml,200ml bottle,nigeria,Genuine,0
ciprofloxacn,healwell pharma ltd,rtnfgz,a4zkv7uvtnv75,??,2021-08-08,ceram,1g,1 pack,china,Suspicious,1
power drug,hovid nigeria ltd,unknown,0640980587715559,vkizyfis,2021-01-23,injection,50mg,1 pack,china,Suspicious,1
coartem,drugking industries,-5553,217816780664315,tst,unknown,powder,500mg,60ml bottle,unknown,Suspicious,1
coartem,dana pharmaceuticals ltd,h8-8444,6192205422160,bt25-5351,2028-10-21,ointment,200mg,100 tablets,nigeria,Genuine,0
cotrimoxazole,neimeth international pharmaceuticals,w6-7935,6199411800539,l25-9901,2026-01-09,powder,1g,60ml bottle,nigeria,Genuine,0
amoxil,mopson pharmaceutical ltd,j1-8113,6194316704500,bt24-3005,2026-03-17,syrup,100mg,1 tube,nigeria,Genuine,0
augmentin,dana pharamceuticals ltd,t2-3360,0000000000000,mpotdx,UNKNOWN,injection,250mg,20 tablets,unknown,Suspicious,1
doxycycline,drugfield pharmaceuticals ltd,a7-1364,6195696591711,bt25-8238,2028-03-20,injection,10mg,60ml bottle,nigeria,Genuine,0
antacid,mopson pharmaceutical ltd,l3-7124,6199520561000,l25-9428,2026-11-01,ointment,1g,60ml bottle,nigeria,Genuine,0
prednisolone,may & baker nigeria plc,p1-6775,6195348201289,lot24-0504,2027-11-17,cream,500mg,100ml bottle,nigeria,Genuine,0
ors,pfizer nigeria,o4-3668,6199250105871,lot24-5265,2029-09-01,ointment,125mg/5ml,20 capsules,nigeria,Genuine,0
chlorpheniramine,swiss pharma nigeria ltd,a5-3583,6192941156305,bt26-5305,2028-11-23,sachet,20mg,100 tablets,nigeria,Genuine,0
emzor paracetamol,skg pharma ltd,r4-4010,6199029233453,bn24-0349,2026-10-02,ointment,125mg/5ml,10 tablets,nigeria,Genuine,0
power drug,sanofi nigeria,g8-421583,6191115703475,batch-368,10/11/2025,ointment,125mg/5ml,5 vials,india,Suspicious,1
aetnolol,healthmax pharma,not registered,6324051026,batch-584,???,suspension,500mg/5ml,1 pack,india,Suspicious,1
amatem,drugking industries,czafr0,4444444444444,batch-251,2020-09-26,capsule,unknown,100 tablets,china,Suspicious,1
metronidazole,medline drugs ltd,o8-866248,348573654044927,66,2020-04-04,drops,50mg,30g tube,india,Suspicious,1
prednisolone,alphahealth industries,m-51,0000000000000,wory,23/06/2025,inejction,unknown,1 tube,china,Suspicious,1
lonart,healwell pharma ltd,-7413,6190742906952,24,2021-04-14,sachet,500mg,30g tube,china,Suspicious,1
augmentin,medline drugs ltd,j1-6893,91842519561765589223,batch-315,???,tablet,20mg,10 tablets,ghana,Suspicious,1
azithromycin,topnotch drugs ltd,-8220,zr3kirataflcd,batch-705,2020-07-12,sryup,200mg,1 tube,pakistan,Suspicious,1
amoxil,may & baker nigeria plc,g8-9348,4104043,vurjr,2020-05-17,suspension,1g,1 pack,india,Suspicious,1
doxycycline,drugfield pharmaceuticals ltd,p2-4341,6198750827689,bn26-7571,2027-03-12,drops,50mg,20 capsules,nigeria,Genuine,0
lonart,evans medical plc,h4-2996,6190369711793,b24-8543,2027-12-05,injection,20mg,10 tablets,nigeria,Genuine,0
amoxicilin,topnotch drugs ltd,pending,i7eekjlxdy1uq,batch-139,11/07/2025,suspension,50mg,100 tablets,nigeria,Suspicious,1
lonart,sanofi nigeria,a3-2814,6190615372211,lot25-6835,2029-11-17,injection,50mg,5 vials,nigeria,Genuine,0
lonart ds extra,medexpress ltd,d4-1545,5762648163849368063,batch-527,2020-02-28,syrup,500mg/5ml,5 vials,nigeria,Suspicious,1
amlodipine,hovid nigeria ltd,l9-2579,6197793238223,bt26-1446,2026-12-13,injection,1g,20 tablets,nigeria,Genuine,0
paandol,drugfield pharmaceuticals ltd,uv-mauq,6199876674089,---,2020-01-15,cream,250mg,10 tablets,china,Suspicious,1
ferrous sulphate,swiss pharma nigeria ltd,z9-1046,6194228421021,bn25-3998,2028-01-06,injection,500mg,30 tablets,nigeria,Genuine,0
atenolol,sanofi nigeria,h7-7129,6196798250711,lot25-1506,2026-12-05,cream,400mg,20 capsules,nigeria,Genuine,0
magic cure pill,hovid nigeria ltd,l-62,6196050337464,28,2023-08-21,drops,500mg/5ml,bulk,ghana,Suspicious,1
spironolactone,tuyil pharmaceutical industries,k3-8046,6195968078520,lot25-8522,2027-05-05,capsule,125mg/5ml,200ml bottle,nigeria,Genuine,0
chlorpheinramine,may & baker nigeria plc,qlvinj,6195461679460,---,unknown,powder,unknown,60ml bottle,ghana,Suspicious,1
vitamin c,bioraj pharmaceuticals ltd,s3-5549,6190655782018,b24-4609,2027-03-27,syrup,200mg,1 tube,nigeria,Genuine,0
multivtiamin,medexpress ltd,t3anrserkl,9999999999999,batch-465,unknown,tablet,200mg,5 vials,unknown,Suspicious,1
metformin,juhel nigeria ltd,e3-7278,6196878878835,l24-9618,2029-09-19,suspension,250mg/5ml,20 tablets,nigeria,Genuine,0
chloroquine,healwell pharma ltd,i6-2015,6196089706491,61,20/01/2026,injection,250mg,5 vials,ghana,Suspicious,1
ampiclox,mopson pharmaceutical ltd,a1-3384,6194955289383,b24-1723,2026-09-07,suspension,400mg,30 tablets,nigeria,Genuine,0
ors,evans medical plc,s6-1834,6195016679983,lot24-8087,2029-08-17,sachet,250mg/5ml,1 vial,nigeria,Genuine,0
ors,drugfield pharmaceuticals ltd,n7-8224,6191167507625,l26-5791,2028-04-24,tablet,100mg,10 capsules,nigeria,Genuine,0
augmentin,sanofi nigeria,x5-1393,6191437483093,bt24-9546,2029-08-03,suspension,125mg/5ml,1 vial,nigeria,Genuine,0
panadol,may & baker nigeria plc,q2-9831,6193230898135,b26-1469,2028-09-18,capsule,400mg,10 capsules,nigeria,Genuine,0
metformin,drugking industries,-1935,6199416795205,60,unknown,injectino,5mg,30 tablets,nigeria,Suspicious,1
tramadol,bioraj pharmaceuticals ltd,t2-7876,6192566093146,bn26-1902,2029-02-11,capsule,10mg,20 capsules,nigeria,Genuine,0
augmenti,swiss pharam nigeria ltd,e-91,h38quiu9pwigf,unknown,2022-08-13,drops,500mg/5ml,30g tube,ghana,Suspicious,1
glibenclamide,wonderdrug co,ferxc,0000000000000,batch-021,07/11/2026,powder,250mg/5ml,60ml bottle,india,Suspicious,1
azithromycin,mopson pharmaceutical ltd,h3-697052,989582477339129903,unknown,unknown,syrup,250mg/5ml,100ml bottle,pakistan,Suspicious,1
diazepam,pharma deko plc,d7-4191,6199970469475,bt25-8411,2029-09-10,injection,400mg,200ml bottle,nigeria,Genuine,0
artemether lumefantrine,nigerian german chemicals plc,s8-9043,6192050614970,bt24-0521,2027-03-21,injection,250mg,100ml bottle,nigeria,Genuine,0
loperamide,bestpills international,h6-368269,8754036488,16,28/12/2026,drops,250mg/5ml,200ml bottle,ghana,Suspicious,1
vitamin b complex,sanofi nigeria,t0-2625,6193341232811,bt24-6793,2029-12-20,drops,400mg,10 tablets,nigeria,Genuine,0
amlodipine,nigerian german chemicals plc,q6-3954,6197036924920,l26-3340,2027-07-11,drops,200mg,1 tube,nigeria,Genuine,0
ranitidine,swiss pharma nigeria ltd,j2-3653,6195358414389,lot24-5061,2026-09-21,syrup,1g,1 vial,nigeria,Genuine,0
metronidazole,juhel nigeria ltd,1v6bb3,6191904878605,dkhlx,26/06/2025,syrup,400mg,200ml bottle,india,Suspicious,1
unknown,hovid nigeri altd,g6-617843,6192415712761,96,unknown,ceram,1g,unknown,pakistan,Suspicious,1
nifedipine,nigerian german chemicals plc,l5-1420,6197846850952,l26-4807,2028-04-01,suspension,400mg,5 vials,nigeria,Genuine,0
artemether lumefantrnie,pharmaplus international,v6-724580,3360809,cvn,24/02/2025,suspension,400mg,bulk,pakistan,Suspicious,1
flagyl,bioraj pharmaceuticals ltd,pending,710816922397662,nsyde,unknown,drops,unknown,10 capsules,pakistan,Suspicious,1
coartem,juhel nigeria ltd,w4-7676,6191719281706,l25-5119,2027-07-02,syrup,200mg,30g tube,nigeria,Genuine,0
flagy,novadrug industries,not registered,6190434741250,10,unknown,drops,125mg/5ml,30g tube,nigeria,Suspicious,1
augmenti,biofix pharmaceuticals,fn-jzmn,6198233097011,38,16/01/2026,cream,400mg,100 tablets,nigeria,Suspicious,1
ibuprofen,megadrug industries,r8-529406,gmdpcixpbkqhq,batch-001,???,capsule,250mg,10 tablets,nigeria,Suspicious,1
metronidazole,swiss pharma nigeria ltd,h1-5385,6192900185131,bt25-9321,2029-03-10,cream,50mg,30 tablets,nigeria,Genuine,0
gentamicin,mopson pharmaceutical ltd,m5-1199,6194554781370,l25-4828,2027-12-14,ointment,100mg,1 vial,nigeria,Genuine,0
lisinopril,alphahealth industries,not registered,6198812988617,4,???,tablet,500mg/5ml,20 tablets,nigeria,Suspicious,1
vitamin c,pharma deko plc,e7-3977,6190465375561,lot25-4233,2026-08-01,powder,500mg,20 capsules,nigeria,Genuine,0
magic cure pill,curefast pharmaceuticals,f-32,arujl9ksaftic,tokw,22/01/2026,suspensino,400mg,20 capsules,ghana,Suspicious,1
lonart ds extra,emzor pharmaceutical industries,-1868,6194665895249,---,2023-12-27,tablet,5mg,1 pack,china,Suspicious,1
hydrocortisone,chi pharmaceuticals ltd,w7-9122,4444444444444,ejapmukc,???,sachet,125mg/5ml,30g tube,pakistan,Suspicious,1
cotrimoxazole,chi pharmaceuticals ltd,a5-5570,6195967150067,l26-6488,2029-05-03,capsule,500mg,5 vials,nigeria,Genuine,0
vitamin c,juhel nigeria ltd,o0-5345,6193315410061,l26-6975,2027-07-16,ointment,10mg,200ml bottle,nigeria,Genuine,0
tramadol,quickcure labs,p8-6932,549723,5,2020-11-06,sachet,250mg/5ml,bulk,india,Suspicious,1
flagy,drugfield pharmaceuticals ltd,h423l9,6195513444862,unknown,2021-10-01,injection,50mg,100ml bottle,nigeria,Suspicious,1
paracetmol,tuyil pharmaceutical industries,z4-3830,0000000000000,34,???,cream,1g,10 tablets,ghana,Suspicious,1
chlrooquine,dana pharmaceuticals ltd,y9-6420,6196557374856,43,2021-03-11,powdre,unknown,20 tablets,nigeria,Suspicious,1
coartem,chi pharmaceuticals ltd,n2-1431,6193708782119,l24-2694,2026-11-26,injection,250mg,200ml bottle,nigeria,Genuine,0
diazepam,neimeth international pharmaceuticals,g7-2616,6191895473827,bn24-3240,2029-09-23,injection,500mg/5ml,200ml bottle,nigeria,Genuine,0
amoxicillin,may & baker nigeria plc,c6-4597,6195640723243,l24-8342,2027-09-20,cream,250mg/5ml,30g tube,nigeria,Genuine,0
gentamicin,hovid nigeria ltd,m4-9779,6196478686236,l25-1063,2026-09-17,injection,400mg,100ml bottle,nigeria,Genuine,0
spironolactone,emzor pharmaceutical industries,w8-4203,6193444704888,l26-9917,2028-01-09,drops,500mg,30g tube,nigeria,Genuine,0
spironolactone,glaxosmithkline nigeria,e0-8068,6190212886654,bt25-9224,2027-12-10,capsule,10mg,20 capsules,nigeria,Genuine,0
augmentin,dana pharmaceuticals ltd,v5-9014,6191558686397,lot26-6784,2026-04-21,drops,100mg,1 tube,nigeria,Genuine,0
erythromycin,juhel nigeria ltd,r8-4267,6193987411328,lot26-7959,2029-01-25,ointment,250mg/5ml,1 tube,nigeria,Genuine,0
loperamide,hovid nigeria ltd,s5-6693,6194393769041,bt25-8394,2026-09-03,powder,400mg,20 capsules,nigeria,Genuine,0
azithromycin,pfizer nigeria,x4-2096,6197634250735,bt26-0150,2028-06-27,sachet,50mg,200ml bottle,nigeria,Genuine,0
ampiclox,bestpills international,-6692,optmq8sgzahdv,batch-118,UNKNOWN,syrup,20mg,30 tablets,ghana,Suspicious,1
coartem,neimeth internationalp harmaceuticals,none,6191388655006,tsuxjxdh,UNKNOWN,sachet,500mg,100 tablets,pakistan,Suspicious,1
hydrocortisone,sunrise medications,b3-539399,3333333333333,krme,unknown,sachet,???,60ml bottle,china,Suspicious,1
metronidazol,mopson pharmaceutical ltd,-8130,6195587745261,99,UNKNOWN,powder,400mg,60ml bottle,ghana,Suspicious,1
multivitamin,goodhealth generics,x3-374712,6195713399627,---,???,capsule,50mg,1 vial,china,Suspicious,1
glibenclmaide,pharmaplus international,f9-646137,40032,unknown,2021-03-10,powder,unknown,1 vial,ghana,Suspicious,1
atenolol,dana pharmaceuticals ltd,q5-5148,6195400644542,l25-2486,2027-02-04,syrup,200mg,30 tablets,nigeria,Genuine,0
lonart,glaxosmithkline nigeria,s0-2861,6193994901331,35,07/08/2026,drops,5mg,100 tablets,india,Suspicious,1
antacid,emzor pharmaceutical industries,h3-3044,6198361133896,bt25-0713,2029-09-18,syrup,500mg/5ml,200ml bottle,nigeria,Genuine,0
multivitamin,tuyil pharmaceutical industries,y8-4578,6193918785191,bn24-9072,2027-10-18,syrup,100mg,20 capsules,nigeria,Genuine,0
diaezpam,biofix pharmaceuticals,-2384,0000000000000,36,2020-08-19,ointmetn,250mg,100ml bottle,ghana,Suspicious,1
loperamide,fidson healthcare plc,r9-4955,6198984690813,b25-4409,2026-01-11,ointment,400mg,100 tablets,nigeria,Genuine,0
doxycycline,fastrelief drugs,vi-klhw,0000000000000,unknown,2021-06-26,capsuel,250mg/5ml,10 tablets,nigeria,Suspicious,1
chloroquine,juhel nigeria ltd,-9248,6192410740271,batch-064,17/03/2026,drops,400mg,1 tube,pakistan,Suspicious,1
hydrocortisone,pfizer nigeria,w1-3956,6197997029276,bn24-1008,2028-04-22,sachet,50mg,30g tube,nigeria,Genuine,0
multivitamin,neimeth international pharmaceuticals,n6-9982,6193482689994,l24-6463,2029-01-17,suspension,5mg,60ml bottle,nigeria,Genuine,0
ceftriaxone,pharma deko plc,d7-9243,6191596983847,lot26-8250,2027-12-22,tablet,250mg/5ml,1 tube,nigeria,Genuine,0
multivitamin,pharmaplus international,yo-czmn,6666666666666,unknown,21/01/2026,cream,10mg,30g tube,unknown,Suspicious,1
amoxicilin,drugfield pharmaceuticals ltd,ygbs,6197404515699,28,2023-07-23,sachet,5mg,1 pack,china,Suspicious,1
magic cure pill,biofix pharmaceuticals,l6-765444,6191257804733,unknown,UNKNOWN,capsule,unknown,30g tube,pakistan,Suspicious,1
ibuprofen,chi pharmaceuticals ltd,w8-2734,6192312392042,b24-1066,2029-12-01,capsule,5mg,100 tablets,nigeria,Genuine,0
erythromycin,megadrug industries,uy-wlyb,0000000000000,batch-528,2023-04-09,injeciton,500mg,30 tablets,pakistan,Suspicious,1
nifedipine,skg pharma ltd,i9-3713,6196999699647,b26-9935,2029-02-17,injection,100mg,200ml bottle,nigeria,Genuine,0
paracetamol,evans medical plc,i3-3360,6194006157272,l26-2671,2029-06-04,injection,50mg,10 capsules,nigeria,Genuine,0
hydrocortisone,sanofi nigeria,l5-2392,6195122946214,bt26-5354,2028-12-26,capsule,10mg,1 vial,nigeria,Genuine,0
diazepam,fidson healthcare plc,q3-7929,6192644886943,l26-1556,2026-11-19,cream,100mg,10 capsules,nigeria,Genuine,0
tramadol,nigerian german chemicals plc,c0-6478,6195661390608,lot26-0774,2028-09-19,syrup,10mg,200ml bottle,nigeria,Genuine,0
erythromycin,swiss pharma nigeria ltd,f2-3712,6197065379470,bt26-4018,2028-08-27,suspension,10mg,5 vials,nigeria,Genuine,0
ibuprofen,goodhealth generics,rkqyuy,0000000000000,batch-802,12/07/2026,powder,125mg/5ml,bulk,china,Suspicious,1
folic acid,emzor pharmaceutical industries,m3-8516,6193149501362,lot26-8285,2026-12-18,sachet,100mg,10 capsules,nigeria,Genuine,0
amatem,bioraj pharmaceuticals ltd,t2-7618,6197389975631,lot24-0705,2028-07-24,syrup,5mg,200ml bottle,nigeria,Genuine,0
furosemide,fidson healthcare plc,c6-7510,6198548709982,l24-6890,2027-03-19,sachet,1g,30g tube,nigeria,Genuine,0
augmentin,bioraj pharmaceuticals ltd,w3-2816,6198003666027,bn24-0188,2028-04-24,syrup,unknown,20 capsules,nigeria,Genuine,0
vitamin b complex,drugking industries,u9-591569,8888888888888,ias,27/04/2025,dorps,5mg,10 tablets,pakistan,Suspicious,1
cotrimoxazole,alphahealth industries,pending,6191641700535,unknown,???,tablte,500mg/5ml,10 tablets,china,Suspicious,1
ciprofloxacn,mopson pharmaceutiacl ltd,a-70,708428741,unknown,20/12/2026,suspension,125mg/5ml,30 tablets,china,Suspicious,1
metronidazole,pharma deko plc,w4-7230,6199357824347,l25-6525,2028-09-16,injection,250mg,100 tablets,nigeria,Genuine,0
lisinopril,tuyil pharmaceutical industries,c1-2398,6191615280988,b25-2102,2029-06-28,ointment,250mg/5ml,10 tablets,nigeria,Genuine,0
amoxicilin,biofix pharmaceuticals,xh-zhkf,w07tcdtabfs3m,??,UNKNOWN,craem,unknown,unknown,china,Suspicious,1
lisinopril,glaxosmithkline nigeria,f4-9876,6192554428677,b25-3313,2027-06-27,sachet,400mg,30 tablets,nigeria,Genuine,0
paracetmol,unknown,7viz75,7745998413376870,batch-959,19/02/2025,onitment,500mg,unknown,india,Suspicious,1
emzor paracetamol,pharma deko plc,e6-607504,0000000000000,unknown,???,powder,5mg,unknown,ghana,Suspicious,1
loperamide,skg pharma ltd,f6-5823,6199082771817,bt26-9052,2027-07-14,cream,50mg,10 tablets,nigeria,Genuine,0
antacid,swiss pharma nigeria ltd,i0-1893,6198427109476,l25-5682,2027-01-09,drops,250mg,20 tablets,nigeria,Genuine,0
fruosemide,supercure pharma,pvuh,hyjqguxxpcjeu,batch-071,2020-06-04,dorps,500mg/5ml,bulk,pakistan,Suspicious,1
azithromycin,pfizer nigeria,u3-2197,6196477251299,lot25-8746,2029-01-13,sachet,400mg,10 tablets,nigeria,Genuine,0
amoxicilin,drugfield pharmaceuticals ltd,p4-305552,54959,74,2023-10-24,capsule,500mg/5ml,20 tablets,pakistan,Suspicious,1
lonart,neimeth international pharmaceuticals,s9-1405,6193669332767,28,05/03/2026,ointment,50mg,1 pack,china,Suspicious,1
augmentin,tuyil pharmaceutical industries,f0-1884,6192839482325,bt24-4228,2026-05-09,drops,400mg,5 vials,nigeria,Genuine,0
prednisolone,drugfield pharmaceuticals ltd,u6-7399,4444444444444,uqq,21/07/2026,drops,250mg/5ml,bulk,ghana,Suspicious,1
coartem,dana pharmaceuticals ltd,h0-1396,6190370033228,b25-5391,2029-11-22,ointment,500mg,200ml bottle,nigeria,Genuine,0
unknown,hovid nigeria ltd,t0-1785,6191001676180,lot25-2608,2027-12-22,tablet,400mg,60ml bottle,nigeria,Genuine,0
erythromycin,swiss pharma nigeria ltd,f5-4983,6196488208930,lot26-6655,2027-10-02,ointment,100mg,10 capsules,nigeria,Genuine,0
ors,tuyil pharmaceutical industries,f8-2806,6197932302341,l25-1889,2027-02-10,capsule,20mg,20 tablets,nigeria,Genuine,0
emzor paracetamol,dana pharmaceuticals ltd,o1-2970,6198425476815,b24-6613,2027-03-27,suspension,500mg/5ml,10 tablets,nigeria,Genuine,0
artemether lumefantrine,bioraj pharmaceuticals ltd,z0-2847,6198498042535,l24-3191,2029-08-16,suspension,250mg,30 tablets,nigeria,Genuine,0
augmenti,pharmaplus international,x6-9812,6197482300972,nqesg,2021-07-15,syrup,125mg/5ml,30g tube,unknown,Suspicious,1
panado,emzor pharmaceutical industries,a9-4976,0000000000000,92,UNKNOWN,ointmnet,1g,200ml bottle,china,Suspicious,1
cotrimoxazole,chi pharmaceuticals ltd,j8-5549,6193379766272,bn25-1836,2026-06-23,drops,1g,10 capsules,nigeria,Genuine,0
amoxil,nigerian german chemicals plc,f0-3044,6197537030458,bt24-5067,2027-04-16,cream,500mg,10 capsules,nigeria,Genuine,0
coartem,emzor pharmaceutical industries,q3-8181,6198191907490,b24-1504,2029-05-02,tablet,20mg,1 vial,nigeria,Genuine,0
flagyl,fidson healthcare plc,f7-7194,6190250826117,bt24-1299,2027-07-04,ointment,200mg,1 tube,nigeria,Genuine,0
megavit plus,topnotch drugs ltd,none,8888888888888,batch-261,unknown,powder,50mg,20 capsules,ghana,Suspicious,1
glibenclamide,pfizer nigeria,x0-6450,6195295806605,bn24-8316,2027-12-09,capsule,100mg,100ml bottle,nigeria,Genuine,0
vitamin b complex,drugfield pharmaceuticals ltd,b8-3869,6196870568567,l24-5013,2029-03-25,powder,50mg,100 tablets,nigeria,Genuine,0
artemether lumefantrine,juhel nigeria ltd,q3-2194,6199971791100,bn25-5232,2026-03-02,drops,500mg,10 capsules,nigeria,Genuine,0
diclfoenac,pfizer ingeria,ze-htnk,0000000000000,batch-077,???,drops,250mg/5ml,60ml bottle,unknown,Suspicious,1
paracetamol,nigerian german chemicals plc,p7-7176,6192550325017,l24-6317,2028-05-05,ointment,100mg,10 capsules,nigeria,Genuine,0
augmentin,neimeth international pharmaceuticals,p9-5095,6191269789301,l25-6847,2028-12-11,syrup,500mg,20 capsules,nigeria,Genuine,0
metronidazole,bestpills international,nvkees,1111111111111,ndcyl,06/12/2025,capsuel,10mg,10 tablets,india,Suspicious,1
nifedipine,tuyil pharmaceutical industries,q6-7708,6199125177859,bt26-9730,2027-03-14,powder,500mg,20 tablets,nigeria,Genuine,0
multivitamin,swiss pharma nigeria ltd,t3-9593,6194401348084,l24-5713,2028-04-16,powder,250mg/5ml,200ml bottle,nigeria,Genuine,0
paracetmol,drugking industries,-3016,0000000000000,evejtjl,2021-09-16,powder,125mg/5ml,30g tube,pakistan,Suspicious,1
total cure tablets,curefast pharmaceuticals,w6n080,k1ykridbmxrfm,5,22/12/2025,drops,100mg,20 tablets,ghana,Suspicious,1
diazepam,may & baker nigeria plc,v7-1516,6197550476813,l26-9719,2028-11-16,tablet,20mg,10 tablets,nigeria,Genuine,0
chlorpheniramine,neimeth international pharmaceuticals,c2-2180,6196376182090,bn25-6391,2026-02-27,tablet,500mg/5ml,5 vials,nigeria,Genuine,0
power drug,pharma deko plc,5hwgpb,unknown,batch-068,unknown,tablet,50mg,20 capsules,ghana,Suspicious,1
instant relief caps,medexpress ltd,m0-3303,875480293,99,18/04/2026,suspension,100mg,10 tablets,unknown,Suspicious,1
multivitamin,glaxosmithkline nigeria,b8-1241,6191326773601,bt25-0135,2029-05-26,drops,400mg,60ml bottle,nigeria,Genuine,0
loperamide,neimeth international pharmaceuticals,c8-6115,6198520089439,lot26-7026,2026-12-02,cream,400mg,5 vials,nigeria,Genuine,0
doxycycline,bioraj pharmaceuticals ltd,g3-1953,6191981794690,lot25-8708,2028-03-20,sachet,50mg,200ml bottle,nigeria,Genuine,0
ciprofloxacin,mopson pharmaceutical ltd,z2-8862,6198730486257,bn25-3074,2026-08-23,injection,20mg,20 capsules,nigeria,Genuine,0
total cure tablets,pfizer nigeria,pending,xmwfq8js49ya1,batch-802,2022-08-07,drops,20mg,100 tablets,india,Suspicious,1
amoxil,wonderdrug co,d5-991114,6193307066672,uklvedzl,unknown,capsule,125mg/5ml,5 vials,ghana,Suspicious,1
atenolol,swiss pharma nigeria ltd,k3-9819,6199218785190,bt26-5807,2027-08-09,sachet,500mg,100ml bottle,nigeria,Genuine,0
total cure tablets,evans medical plc,m5-992060,6198463924880,unknown,???,suspension,unknown,bulk,unknown,Suspicious,1
ibuprofen,emzor pharmaceuticali ndustries,f0-8585,0000000000000,??,09/08/2026,suspension,unknown,1 vial,ghana,Suspicious,1
prednisolone,skg pharma ltd,n8-4149,6196289696455,lot25-6165,2028-04-11,powder,10mg,20 tablets,nigeria,Genuine,0
tetracycline,sanofi nigeria,m9-5066,6192591408496,b24-2969,2027-02-06,suspension,400mg,30g tube,nigeria,Genuine,0
lonart,hovid nigeria ltd,l3-8404,6194741124904,bt25-2530,2026-12-08,cream,20mg,200ml bottle,nigeria,Genuine,0
hydrocortisone,fidson healthcare plc,t1-3378,6196022132172,l25-2387,2026-02-20,capsule,250mg,20 tablets,nigeria,Genuine,0
cotrimoxazole,pharma deko plc,z8-6822,eo5uq4qlu9w4a,batch-893,14/12/2025,sachet,1g,10 capsules,unknown,Suspicious,1
ranitidine,tuyil pharmaceutical industries,y8-3525,6199456511810,bn24-3026,2026-04-04,drops,200mg,20 tablets,nigeria,Genuine,0
amoxil,swiss pharma nigeria ltd,l7-9845,6192841067275,lot24-0170,2028-11-23,injection,50mg,10 capsules,nigeria,Genuine,0
amoxicilin,curefast pharmaceuticals,-6093,6666666666666,82,10/03/2026,syurp,unknown,30g tube,pakistan,Suspicious,1
artemether lumefantrine,nigerian german chemicals plc,j4-3188,6190062987785,l24-5239,2028-12-13,ointment,400mg,60ml bottle,nigeria,Genuine,0
promethazine,swiss pharma nigeria ltd,o5-9396,6199551687403,b26-1034,2027-12-27,powder,500mg,30 tablets,nigeria,Genuine,0
metronidazol,curefast pharmaceuticals,c6-150539,10715558709404224,batch-305,2022-06-28,capsule,50mg,20 tablets,unknown,Suspicious,1
amatem,pharma deko plc,i0-9615,6198223095867,bt26-7915,2027-10-22,powder,125mg/5ml,30g tube,nigeria,Genuine,0
artemether lumefantrine,pharma deko plc,u7-2770,6197665122155,bn24-1251,2028-02-18,powder,400mg,30 tablets,nigeria,Genuine,0
amatem,evans medical plc,p3-254592,dauiobsny6mhb,unknown,unknown,sachte,500mg,100ml bottle,india,Suspicious,1
erythromycin,hovid nigeria ltd,u8-2161,6192282178196,bt24-6874,2028-04-27,injection,20mg,10 tablets,nigeria,Genuine,0
flagy,neimeth international pharmaceuticals,h-50,6193693010006,qedxfaw,unknown,syrup,50mg,5 vials,ghana,Suspicious,1
flagy,chi pharmaceuticalsl td,fe-bvyg,6197349852972,46,27/02/2026,syrup,500mg/5ml,1 tube,india,Suspicious,1
amatme,alphahealth industries,t3-5721,91294,batch-821,23/11/2025,injection,50mg,200ml bottle,ghana,Suspicious,1
cotrimoxazole,sanofi nigeria,jn-oapk,22750,89,22/01/2026,drops,250mg,100ml bottle,china,Suspicious,1
paracetamol,skg pharma ltd,e7-2596,6190336829636,lot24-3231,2026-06-27,cream,500mg,10 capsules,nigeria,Genuine,0
ibuprofen,pharma deko plc,z9-6279,6197773872140,b26-5591,2026-04-22,injection,200mg,30g tube,nigeria,Genuine,0
amoxil,mopson pharmaceutical ltd,n5-1924,6193334911419,lot24-0422,2028-01-15,ointment,1g,200ml bottle,nigeria,Genuine,0
floic acid,medline drugs ltd,not registered,84202435094765118,unknown,14/05/2025,sachet,1g,100 tablets,india,Suspicious,1
megavit plus,alphahealth industries,b7-7634,6195359771009,xhy,2022-10-09,suspension,???,10 capsules,china,Suspicious,1
magic cure pill,novadrug industries,not registered,42253939224257772774,batch-431,2022-03-03,capsuel,1g,unknown,nigeria,Suspicious,1
erythromycin,evans medical plc,r7-1691,6194947873002,bt25-5017,2029-02-21,injection,20mg,30 tablets,nigeria,Genuine,0
glibenclamide,emzor pharmaceutical industries,p8-3445,6196333738988,l26-7659,2028-02-11,suspension,20mg,30g tube,nigeria,Genuine,0
ranitidine,mopson pharmaceutical ltd,t8-9365,6193103032437,bt26-9145,2027-10-12,injection,100mg,1 tube,nigeria,Genuine,0
panadol,dana pharmaceuticals ltd,d4-2143,6193577594929,b26-6071,2028-07-06,tablet,10mg,100 tablets,nigeria,Genuine,0
artemether lumefantrine,tuyil pharmaceutical industries,unknown,6193325623895,b25-9649,2026-10-15,tablet,250mg,1 tube,nigeria,Genuine,0
doxycycline,curefast pharmaceuticals,owypn3,32237185921268485,unknown,03/02/2026,syrup,1g,60ml bottle,nigeria,Suspicious,1
amoxicilin,biofix pharmaceuticals,none,6197862902512,batch-132,2023-08-08,tablet,250mg,1 vial,nigeria,Suspicious,1
amoxicillin,pharma deko plc,h5-6156,6193730964965,b24-7708,2029-02-04,sachet,125mg/5ml,20 capsules,nigeria,Genuine,0
ciprofloxacn,sunrise medications,c0-2642,6196759149993,batch-877,02/04/2025,drops,unknown,10 capsules,india,Suspicious,1
tetracycline,bioraj pharmaceuticals ltd,r1-6228,6193714732108,lot25-6950,2027-03-27,cream,1g,1 tube,nigeria,Genuine,0
metformin,neimeth international pharmaceuticals,u9-6058,6193191654306,b26-9573,2028-03-08,capsule,100mg,10 tablets,nigeria,Genuine,0
doxycycline,bioraj pharmaceuticals ltd,j4-3788,6194648849979,b25-7276,2027-09-12,drops,10mg,5 vials,nigeria,Genuine,0
ors,may & baker nigeria plc,u7-3812,6192113869088,l24-6487,2029-03-06,capsule,500mg,30g tube,nigeria,Genuine,0
atenolol,healwell pharma ltd,unknown,5555555555555,batch-344,UNKNOWN,syrup,200mg,200ml bottle,pakistan,Suspicious,1
ciprofloxacn,hovid nigeria ltd,k3-8186,6198667155448,unknown,08/10/2025,ointment,???,200ml bottle,ghana,Suspicious,1
tramadol,sanofi nigeria,l1-3824,6193972835122,b25-9504,2027-08-23,syrup,5mg,30 tablets,nigeria,Genuine,0
diclofenac,medexpress ltd,a0-1453,0000000000000,88,16/06/2025,capslue,50mg,100 tablets,india,Suspicious,1
cotrimoxazole,bioraj pharmaceuticals ltd,z1-9099,6192031369554,bt26-6502,2027-12-01,sachet,125mg/5ml,30 tablets,nigeria,Genuine,0
tramadol,fidson healthcare plc,p7-9368,6195079252413,b26-1989,2027-12-17,tablet,500mg,10 tablets,nigeria,Genuine,0
spironolactone,bioraj pharmaceuticals ltd,y3-7439,6199235348484,l25-7457,2026-09-06,capsule,200mg,1 vial,nigeria,Genuine,0
augmentin,pharmafast nigeria,e7-8326,0000000000000,batch-978,UNKNOWN,ointment,unknown,1 pack,india,Suspicious,1
panado,quickcure labs,vd-xoym,2770354,---,27/04/2025,drops,???,5 vials,nigeria,Suspicious,1
omeprazole,mopson pharmaceutical ltd,n6-7869,6199541329719,lot24-7237,2029-07-05,ointment,50mg,10 tablets,nigeria,Genuine,0
panadol,dana pharmaceuticals ltd,u2-3406,6199031028795,lot24-9167,2027-01-23,injection,400mg,10 tablets,nigeria,Genuine,0
coartem,pharma deko plc,v9-6074,6193460666436,l25-9932,2026-11-23,ointment,500mg,1 tube,nigeria,Genuine,0
amoxicilin,bestpills international,a2-5971,881411,69,28/11/2026,cream,100mg,60ml bottle,unknown,Suspicious,1
megavit plus,glaxosmithkline nigeria,pending,934891800381463,batch-168,06/02/2026,sachet,50mg,20 tablets,pakistan,Suspicious,1
folic aicd,emzor pharmaceutical industries,n9-5158,6191440004070,batch-417,2020-12-14,injection,???,20 capsules,pakistan,Suspicious,1
metronidazol,neimeth internaitonal pharmaceuticals,q8-9693,4202593645,hjlfnynw,06/10/2025,capusle,500mg,1 vial,ghana,Suspicious,1
lonart,drugfield pharmaceuticals ltd,w3-8031,6193718923922,bt24-2267,2029-01-09,suspension,100mg,60ml bottle,nigeria,Genuine,0
omeprazole,skg pharma ltd,m0-2995,6194672384972,b24-7183,2027-11-01,syrup,100mg,1 tube,nigeria,Genuine,0
total cure tablets,pharmafast nigeria,n-62,6197941908787,??,2022-11-20,tablet,???,60ml bottle,pakistan,Suspicious,1
amoxicillin,pfizer nigeria,ty-iwlg,56707897755426190384,24,07/07/2025,drops,250mg,20 capsules,china,Suspicious,1
amlodipine,may & baker nigeria plc,p9-4496,6198841368527,b26-3381,2026-11-14,capsule,10mg,5 vials,nigeria,Genuine,0
erythromycin,tuyil pharmaceutical industries,s0-5753,6192271133229,b26-8673,2028-08-26,syrup,10mg,10 capsules,nigeria,Genuine,0
flagyl,pfizer nigeria,x1-7257,6198154660240,bn25-2007,2027-10-09,injection,1g,200ml bottle,nigeria,Genuine,0
atenolol,megadrug industries,plbxl3,6194088609690,41,2021-07-02,capsule,100mg,100 tablets,ghana,Suspicious,1
power drug,healthmax pharma,zd-psni,54245866729299072,92,16/10/2026,tablet,500mg,100 tablets,india,Suspicious,1
megavit plus,biofix pharmaceuticals,crfg8k2n3,07204,qndgjuj,22/08/2025,injection,1g,unknown,unknown,Suspicious,1
flagyl,unknown,none,9999999999999,??,unknown,syrpu,1g,bulk,ghana,Suspicious,1
ferrous sulphate,mopson pharmaceutical ltd,d4-4861,6197769366349,bt26-2801,2028-03-20,cream,1g,60ml bottle,nigeria,Genuine,0
furosemide,neimeth international pharmaceuticals,b4-7179,6199901398379,bt25-5067,2026-04-07,capsule,250mg/5ml,30g tube,nigeria,Genuine,0
flagyl,hovid nigeria ltd,a9-5610,6194858623949,lot24-5458,2028-07-04,injection,50mg,10 tablets,nigeria,Genuine,0
ranitidine,healthmax pharma,i6-2179,lnlopovy14urp,qgruzla,???,suspension,400mg,100 tablets,nigeria,Suspicious,1
metformin,evans medical plc,n4-1702,6195103880278,bt24-4426,2027-08-14,suspension,20mg,30 tablets,nigeria,Genuine,0
lisinopril,drugfield pharmaceuticals ltd,k0-1542,6190000152916,bn26-3219,2029-02-15,powder,125mg/5ml,20 capsules,nigeria,Genuine,0
multivitamin,juhel nigeria ltd,i7-9037,6197252287281,bn26-0654,2026-11-02,tablet,20mg,30 tablets,nigeria,Genuine,0
gentamicin,sanofi nigeria,m6-1092,6196065274037,bt26-4293,2028-06-01,cream,20mg,30g tube,nigeria,Genuine,0
folic acid,pharmaplus international,q9-902505,6586972232,batch-120,08/12/2025,sachet,unknown,bulk,nigeria,Suspicious,1
doxycycline,swiss pharma nigeria ltd,i4-8576,6199513305314,b25-7647,2029-11-20,cream,5mg,60ml bottle,nigeria,Genuine,0
ampiclox,nigerian german chemicals plc,m9-4677,6190089317343,bt24-6670,2029-10-09,syrup,250mg,20 capsules,nigeria,Genuine,0
tetracycline,swiss pharma nigeria ltd,y1-2841,6190392405140,l25-0472,2028-04-24,powder,200mg,100 tablets,nigeria,Genuine,0
augmentin,chi pharmaceuticals ltd,t2-6335,6198796434742,lot24-5117,2028-12-12,cream,50mg,10 capsules,nigeria,Genuine,0
nifedipine,skg pharma ltd,j8-9048,6199177633426,l24-0603,2027-09-18,ointment,125mg/5ml,30 tablets,nigeria,Genuine,0
vitamin c,juhel nigeria ltd,h9-2946,6191498307482,bt26-0204,2029-04-26,ointment,10mg,20 tablets,nigeria,Genuine,0
flagyl,fidson healthcare plc,v2-3956,6193552165052,b25-1818,2028-07-19,syrup,250mg/5ml,20 tablets,nigeria,Genuine,0
tramadol,nigerian german chemicals plc,h6-1715,6195766270287,b25-1744,2029-02-17,drops,500mg,1 tube,nigeria,Genuine,0
ciprofloxacin,pharmafast nigeria,y-20,0000000000000,batch-136,unknown,tablet,unknown,200ml bottle,nigeria,Suspicious,1
panado,healthmax pharma,x5-5761,0000000000000,unknown,01/05/2025,syrpu,100mg,10 tablets,ghana,Suspicious,1
diazepam,neimeth international pharmaceuticals,h2-7806,6191454307969,bt26-7602,2027-02-22,tablet,500mg,200ml bottle,nigeria,Genuine,0
promethazine,glaxosmithkline nigeria,v8-2220,6191797203850,b24-4509,2026-02-27,cream,200mg,60ml bottle,nigeria,Genuine,0
ciprofloxacin,pfizer nigeria,w6-3758,6196335564349,bt25-9937,2029-01-22,sachet,200mg,5 vials,nigeria,Genuine,0
amoxil,hovid nigeria ltd,o8-2890,8888888888888,batch-998,20/10/2025,crema,125mg/5ml,1 tube,unknown,Suspicious,1
atenolol,sunrise medications,b1-921084,6194747299057,batch-325,unknown,injection,???,1 tube,unknown,Suspicious,1
folic acid,neimeth international pharmaceuticals,u7-7482,6197242388493,l26-6643,2028-04-05,powder,50mg,20 tablets,nigeria,Genuine,0
folic acid,swiss pharma nigeria ltd,a1-4600,6196260846398,l26-6086,2029-02-11,injection,500mg/5ml,100ml bottle,nigeria,Genuine,0
promethazine,supercure pharma,p5-4013,0000000000000,batch-054,2023-09-26,syrup,250mg,1 pack,china,Suspicious,1
coartem,mopson pharmaceutical ltd,s3-4817,6194419693152,l24-8099,2026-10-21,injection,500mg,1 tube,nigeria,Genuine,0
ceftriaxone,healthmax pharma,unknown,6197740545862,unknown,unknown,injection,???,1 vial,nigeria,Suspicious,1
spironolactone,tuyil pharmaceutical industries,j8ur63,oeufsi71dqkbs,9,12/10/2026,cream,250mg,10 capsules,ghana,Suspicious,1
metronidazole,pharma deko plc,q1-6359,6195839386617,bt24-1834,2028-06-06,tablet,20mg,5 vials,nigeria,Genuine,0
metformin,tuyil pharmaceutical industries,z3-2092,6191804674130,bn25-5265,2027-09-10,capsule,125mg/5ml,200ml bottle,nigeria,Genuine,0
ibuprofen,skg pharma ltd,g6-2141,6195873662715,bt26-5812,2029-10-08,suspension,10mg,100 tablets,nigeria,Genuine,0
nifedipine,swiss pharma nigeria ltd,l8-8059,6193144170648,l24-5911,2028-05-28,tablet,100mg,60ml bottle,nigeria,Genuine,0
ranitidnie,novadrug industries,pending,6190522589870,8,25/04/2025,capsule,500mg/5ml,1 tube,unknown,Suspicious,1
omeprazole,tuyil pharmaceutical industries,s5-7897,6195442094947,bn26-7852,2027-10-02,injection,500mg/5ml,1 tube,nigeria,Genuine,0
lisinopril,medline drugs ltd,swkoc5br,7777777777777,??,???,sachet,5mg,200ml bottle,pakistan,Suspicious,1
metronidazol,fastrelief drugs,not registered,4444444444444,batch-627,???,suspension,unknown,60ml bottle,pakistan,Suspicious,1
paracetamol,may & baker nigeria plc,v6-5365,6192569087760,l26-1248,2027-01-13,drops,250mg,1 vial,nigeria,Genuine,0
chloroquine,tuyil pharmaceutical industries,m1-4949,6197918055261,b25-6086,2027-08-25,capsule,500mg,1 vial,nigeria,Genuine,0
coatrem,alphahealth industries,nugye,424253690912375,2,2022-10-15,ointment,unknown,1 pack,nigeria,Suspicious,1
omeprazoel,fastrelief drugs,i2c7rw,0000000000000,zihgock,2022-04-11,tablet,unknown,20 capsules,unknown,Suspicious,1
amoxil,pharma deko plc,w9-8966,6194132834832,bn25-2425,2026-04-23,drops,125mg/5ml,30g tube,nigeria,Genuine,0
ceftriaxone,mopson pharmaceutical ltd,s4-7951,6194743671369,b25-9517,2028-12-10,tablet,125mg/5ml,60ml bottle,nigeria,Genuine,0
amatem,supercure pharma,n4-945920,0000000000000,dtwucg,???,ceram,???,1 pack,pakistan,Suspicious,1
vitamin b complex,tuyil pharmaceutical industries,k8-4117,6193920567754,l25-7708,2029-03-05,ointment,20mg,10 tablets,nigeria,Genuine,0
amoxil,juhel nigeria ltd,c5-9452,6194826691369,bt25-8483,2027-06-12,tablet,10mg,10 capsules,nigeria,Genuine,0
ampiclox,healwell pharma ltd,k-75,1111111111111,80,12/11/2026,drops,unknown,60ml bottle,pakistan,Suspicious,1
multivtiamin,glaxosmithkline nigeria,o7-6398,vegwj0nvycoxj,batch-479,14/08/2026,syrup,100mg,1 pack,nigeria,Suspicious,1
multivitamin,bestpills international,h8-2483,8965583445,---,2021-10-26,cream,???,bulk,nigeria,Suspicious,1
amatem,glaxosmithkline nigeria,z9-3967,6196764921515,unknown,2026-07-18,powder,500mg/5ml,30g tube,nigeria,Genuine,0
amoxil,dana pharmaceuticals ltd,a8-7783,6198430211661,l24-2329,2026-05-22,cream,50mg,20 capsules,nigeria,Genuine,0
chloroquine,juhel nigeria ltd,i8-9242,6194712705873,l24-3029,2026-07-22,injection,250mg,100ml bottle,nigeria,Genuine,0
ciprofloxacin,mopson pharmaceutical ltd,v8-7598,6199886497678,l26-6930,2027-03-17,syrup,50mg,1 tube,nigeria,Genuine,0
folic acid,fidson healthcare plc,j0-6843,6194683565216,lot25-8350,2026-09-26,syrup,500mg,1 vial,nigeria,Genuine,0
ibuprofen,swiss pharma nigeria ltd,u4-9570,6197632909277,b24-5034,2028-07-01,powder,200mg,100 tablets,nigeria,Genuine,0
cotrimoxazole,juhel nigeria ltd,i1-5573,6195868501425,b25-0726,2026-10-14,cream,250mg/5ml,30g tube,nigeria,Genuine,0
ibuprofen,sanofi nigeria,f0-6389,6191460745557,bt25-7407,2026-06-15,injection,500mg/5ml,30g tube,nigeria,Genuine,0
furosemide,neimeth international pharmaceuticals,k1-9779,6192337498941,bn24-4953,2027-06-06,injection,500mg,1 tube,nigeria,Genuine,0
tetracycline,nigerian german chemicals plc,p9-8396,6195649157957,lot25-7065,2027-04-09,drops,250mg,30 tablets,nigeria,Genuine,0
promethazine,pharmafast nigeria,g-87,6360712,batch-882,2022-10-03,syrpu,100mg,100ml bottle,unknown,Suspicious,1
furosemide,emzor pharmaceutical industries,g6-5842,6196871912031,b24-9276,2029-07-21,sachet,250mg/5ml,1 tube,nigeria,Genuine,0
total cure tablets,healthmax pharma,pending,4444444444444,hplwjek,UNKNOWN,cream,500mg,20 tablets,unknown,Suspicious,1
lonart,may & baker nigeria plc,g3-4874,6197886140570,b25-1172,2029-01-14,suspension,500mg,10 capsules,nigeria,Genuine,0
cotrimoxazole,tuyil pharmaceutical industries,e8-8293,6199916091142,bn24-1950,2027-06-22,sachet,125mg/5ml,30 tablets,nigeria,Genuine,0
chloroquine,sanofi nigeria,a4-1292,6199074260886,bn25-0366,2026-08-04,ointment,250mg/5ml,10 capsules,nigeria,Genuine,0
emzor paracetamol,pharma deko plc,p0-5569,6196861114575,l26-4085,2027-02-01,syrup,250mg,1 vial,nigeria,Genuine,0
magic cure pill,may & baker nigeria plc,x1-382050,17236850448526023,batch-248,02/06/2026,suspension,100mg,100 tablets,china,Suspicious,1
promethazine,mopson pharmaceutical ltd,r5-6263,6198522942527,lot24-6753,2026-09-11,drops,10mg,1 vial,nigeria,Genuine,0
glibenclamide,biofix pharmaceuticals,fdsh7fmf,3678621,pexcig,14/05/2025,cream,250mg,unknown,ghana,Suspicious,1
spironolactone,fidson healthcare plc,g2-7505,6191117800684,bn24-4400,2027-02-21,ointment,400mg,100 tablets,nigeria,Genuine,0
vitamin c,medline drugs ltd,i-91,dvalo10cnvduv,batch-740,2023-04-24,syrup,250mg/5ml,1 pack,nigeria,Suspicious,1
hydrocortisone,novadrug industries,-7089,62941,58,20/02/2025,syrup,unknown,30 tablets,ghana,Suspicious,1
cotrimoxazole,juhel nigeria ltd,z9-8541,6195954508918,l25-7200,2026-11-25,powder,250mg/5ml,1 tube,nigeria,Genuine,0
ranitidien,neimeth international pharmaceuticals,i9p8tf,1111111111111,58,2022-02-20,suspension,1g,200ml bottle,ghana,Suspicious,1
amoxil,pharma deko plc,h5-1779,6192000534747,b24-7159,2027-05-16,cream,10mg,10 capsules,nigeria,Genuine,0
chloroquine,may & baker nigeria plc,p5-7274,6192208635369,lot25-1376,2028-02-17,tablet,100mg,100 tablets,nigeria,Genuine,0
amatem,may & baker nigeria plc,m5-8356,6199551562397,bt26-0259,2026-09-11,cream,250mg,10 tablets,nigeria,Genuine,0
diclofenac,bioraj pharmaceuticals ltd,t3-6337,6199538280405,lot25-2030,2027-12-19,sachet,20mg,20 capsules,nigeria,Genuine,0
panado,goodhealth generics,t8-286481,5974776565907055494,82,08/07/2026,drops,unknown,20 capsules,china,Suspicious,1
ampiclox,dana pharmaceuticals ltd,g6-2477,6193285072511,l26-6556,2027-08-22,ointment,50mg,1 tube,nigeria,Genuine,0
augmentin,neimeth international pharmaceuticals,r8-6273,6196527155980,bt25-5110,2026-12-03,ointment,10mg,1 vial,nigeria,Genuine,0
glibenclamdie,quickcure labs,c-51,6199875175792,iawb,2023-01-20,injection,125mg/5ml,10 tablets,china,Suspicious,1
ferrous sulphate,may & baker nigeria plc,e3-9963,6195037199057,bn25-9900,2026-09-16,syrup,400mg,1 tube,nigeria,Genuine,0
ciprofloxacn,curefast pharmaceuticals,12dkz4,6192861223286,unknown,01/12/2025,injcetion,400mg,10 capsules,india,Suspicious,1
tetracycline,sanofi nigeria,r2-8041,6192045053319,lot26-6758,2027-04-28,syrup,500mg/5ml,30g tube,nigeria,Genuine,0
emzor paracetamol,emzor pharmaceutical industries,c5-2524,6199956046614,b24-9470,2027-11-13,syrup,100mg,10 capsules,nigeria,Genuine,0
glibecnlamide,biofix pharmaceuticals,not registered,4231697920,---,26/05/2025,sachet,50mg,30g tube,pakistan,Suspicious,1
diazepam,sunrise medications,h-78,5555555555555,gcn,unknown,sachet,400mg,200ml bottle,ghana,Suspicious,1
tramadol,pharmafast nigeria,-2404,6193316166974,batch-694,02/08/2025,capsule,125mg/5ml,30 tablets,nigeria,Suspicious,1
hydrocortisone,emzor pharmaceutical industries,b0-5933,6192489420463,l26-4588,2029-07-16,ointment,500mg,20 capsules,nigeria,Genuine,0
amoxil,pfizer nigeria,h7-8486,6197569198324,bn26-0475,2027-10-03,ointment,125mg/5ml,5 vials,nigeria,Genuine,0
amlodipine,pfizer nigeria,m5-2742,5781314,batch-981,08/01/2025,tablet,100mg,100ml bottle,nigeria,Suspicious,1
ferrous sulphate,pharma deko plc,v2-6615,6197532603329,bt26-0459,2027-02-12,tablet,20mg,5 vials,nigeria,Genuine,0
antacid,mopson pharmaceutical ltd,wd-wtky,6191541858992,hyk,unknown,tablet,1g,5 vials,nigeria,Suspicious,1
glibenclamide,glaxosmithkline nigeria,p8-6837,6192211587181,lot25-2662,2027-06-27,injection,250mg/5ml,30 tablets,nigeria,Genuine,0
ferrous sulphate,emzor phramaceutical industries,not registered,6192488880497,unknown,14/05/2026,ceram,500mg/5ml,60ml bottle,china,Suspicious,1
lpoeramide,dana pharmaceuticals ltd,i3-725081,jtutbnbzpfioz,qbynois,unknown,cream,500mg,5 vials,nigeria,Suspicious,1
paracetamol,chi pharmaceuticals ltd,q1-3722,6193710672873,bt26-9063,2029-07-01,injection,250mg,60ml bottle,nigeria,Genuine,0
ampiclox,neimeth international pharmaceuticals,g0-5087,6190705345781,l26-2129,2026-04-12,drops,1g,100ml bottle,nigeria,Genuine,0
flagyl,tuyil pharmaceutical industries,v6-3224,6191267969279,b25-9144,2029-07-12,suspension,100mg,60ml bottle,nigeria,Genuine,0
furosemide,drugfield pharmaceuticals ltd,f4-1256,6198916498371,bt25-4503,2027-10-21,ointment,100mg,100ml bottle,nigeria,Genuine,0
cotrimoxazole,bioraj pharmaceuticals ltd,o6zhdq,03883331518016648,mhdg,unknown,powder,250mg/5ml,60ml bottle,nigeria,Suspicious,1
folic acdi,medexpress ltd,y5-922279,802410415074931,---,2020-07-25,capsule,250mg/5ml,30g tube,unknown,Suspicious,1
diazepam,novadrug industries,unknown,922906419,??,UNKNOWN,tablet,50mg,1 pack,unknown,Suspicious,1
instant relief caps,biofix pharmaceuticals,l7-2941,816254993,qlrkv,04/04/2026,drpos,100mg,unknown,nigeria,Suspicious,1
ors,nigerian german chemicals plc,k1-6198,6195973714703,b24-7799,2027-11-07,cream,1g,10 tablets,nigeria,Genuine,0
viatmin c,topnotch drugs ltd,j7-3892,6193922689492,batch-244,2021-12-24,suspension,20mg,10 capsules,india,Suspicious,1
diazepam,emzor pharmaceutical industries,w0-2837,6190898573909,b24-5676,2027-02-23,capsule,5mg,1 vial,nigeria,Genuine,0
amatem,swiss pharma nigeria ltd,z3-5483,6190163611282,lot26-8121,2026-09-12,sachet,400mg,200ml bottle,nigeria,Genuine,0
artemether lumefantrine,swiss pharma nigeria ltd,w4-2524,6190386571912,b24-6561,2026-10-19,tablet,20mg,5 vials,nigeria,Genuine,0
chlorpheniramine,nigerian german chemicals plc,g4-5358,j6069xsmcmrhf,mgabk,22/04/2026,tablet,???,100 tablets,nigeria,Suspicious,1
flagy,healthmax pharma,9z7a9u4ry,6192223499809,lycu,12/10/2025,capsule,unknown,30 tablets,india,Suspicious,1
coartem,bioraj pharmaceuticals ltd,p4-1832,6191640052420,l26-7107,2026-02-03,syrup,5mg,10 tablets,nigeria,Genuine,0
ciprofloxacn,healwell pharma ltd,s5-2195,6194845422593,batch-318,2020-12-11,sachet,1g,100 tablets,pakistan,Suspicious,1
metformin,pfizer nigeria,o1-8571,6190598445148,bt25-8232,2027-09-13,powder,250mg,20 tablets,nigeria,Genuine,0
cotrimoxazole,medline drugs ltd,be-mlfv,7777777777777,??,23/03/2026,suspension,unknown,100 tablets,india,Suspicious,1
promethazine,nigerian german chemicals plc,m6-2659,6193473235490,lot26-0150,2026-03-17,sachet,50mg,1 tube,nigeria,Genuine,0
instant relief caps,quickcure labs,e1-9205,bfcg8dndbxlvr,unknown,2021-01-09,suspensino,5mg,60ml bottle,ghana,Suspicious,1
hydrocortisone,dana pharmaceuticals ltd,i9-7144,6190105485742,bn25-2300,2026-06-25,ointment,100mg,30 tablets,nigeria,Genuine,0
flagyl,skg pharm altd,w6-8964,0000000000000,unknown,2023-04-02,cream,250mg,200ml bottle,ghana,Suspicious,1
gentamicin,fidson healthcare plc,s9-4578,6191458434562,l24-1486,2026-04-18,powder,10mg,10 tablets,nigeria,Genuine,0
erythromycni,healthmax pharma,cy-rugi,0000000000000,amp,2023-06-14,sahcet,250mg,bulk,ghana,Suspicious,1
amoxicilin,fastrelief drugs,w8-442655,455965765786800,batch-381,21/12/2026,ointmetn,5mg,200ml bottle,china,Suspicious,1
loperamide,neimeth international pharmaceuticals,z5-8173,6194835268064,lot26-7233,2026-12-14,drops,200mg,1 vial,nigeria,Genuine,0
metronidazol,supercure pharma,w7lr,8416290628815660,4,unknown,cream,5mg,60ml bottle,india,Suspicious,1
multivitamin,chi pharmaceuticals ltd,o9-6901,6190145561680,bn25-7813,2027-02-23,injection,10mg,200ml bottle,nigeria,Genuine,0
ferrous sulphate,swiss pharma nigeria ltd,b2-4932,6198974326005,lot26-5719,2028-06-01,capsule,50mg,30g tube,nigeria,Genuine,0
tramadol,sanofi nigeria,a-25,z4vgy8ufz1p9o,batch-623,26/03/2025,suspension,20mg,1 tube,unknown,Suspicious,1
ampiclox,bioraj pharmaceuticals ltd,m9-1305,6194137977237,l26-2438,2027-10-22,powder,400mg,30 tablets,nigeria,Genuine,0
flagyl,neimeth international pharmaceuticals,c6-7678,6195876036698,bn26-6332,2029-01-12,injection,500mg/5ml,60ml bottle,nigeria,Genuine,0
tetracycilne,biofix pharmaceuticals,mb-ldcs,6192834914302,15,06/08/2025,cream,???,100ml bottle,china,Suspicious,1
tramadol,tuyil pharmaceutical industries,o7-1640,6191475469264,bt24-7179,2029-07-22,syrup,250mg/5ml,1 vial,nigeria,Genuine,0
megavit plus,megadrug industries,not registered,070677693,fsup,2021-04-13,injection,125mg/5ml,10 tablets,china,Suspicious,1
magic cure pill,chi pharmaceuticals ltd,g6-9547,6190083476121,1,???,injection,200mg,100 tablets,ghana,Suspicious,1
lonart,bioraj pharmaceuticals ltd,a6-4365,6195651269440,b25-9351,2028-10-09,ointment,500mg/5ml,100 tablets,nigeria,Genuine,0
cotrimoxazole,tuyil pharmaceutical industries,c9-1878,6192294131868,b26-3797,2029-08-15,injection,1g,60ml bottle,nigeria,Genuine,0
omeprazole,swiss pharma nigeria ltd,t5-9850,6192923616186,b24-8612,2026-10-01,injection,5mg,5 vials,nigeria,Genuine,0
ibuprofen,neimeth international pharmaceuticals,p6-2364,6198518626714,bt25-9146,2028-02-01,capsule,200mg,30 tablets,nigeria,Genuine,0
metronidazol,quickcure labs,-6310,9999999999999,unknown,unknown,tablet,20mg,10 capsules,china,Suspicious,1
vitamin b complex,pfizer nigeria,f6-2468,6197647501114,bn25-8451,2027-01-19,sachet,1g,100ml bottle,nigeria,Genuine,0
panado,biofix pharmaceuticals,d9q,6196991548271,idl,unknown,suspension,20mg,bulk,india,Suspicious,1
instant relief caps,topnotch drugs ltd,-1430,6197119475059,17,2020-02-05,drops,400mg,10 capsules,ghana,Suspicious,1
multivitamin,hovid nigeria ltd,f6-2244,6193119642583,lot25-2279,2029-02-28,injection,1g,1 vial,nigeria,Genuine,0
magic cure pill,curefast pharmaceuticals,xorjgr,0000000000000,twyg,unknown,drops,200mg,30 tablets,india,Suspicious,1
spironolactone,nigerian german chemicals plc,r6-6767,6193694551584,b26-6525,2027-07-16,drops,400mg,100ml bottle,nigeria,Genuine,0
instant relief caps,drugking industries,none,14096170998731709,yxvful,UNKNOWN,ointment,200mg,20 capsules,pakistan,Suspicious,1
panadol,wonderdrug co,r0-8608,0104194534195281447,---,24/11/2025,powder,100mg,100ml bottle,nigeria,Suspicious,1
prednisolone,curefast pharmaceuticals,f8-6687,09185805581157449,??,2020-07-02,drops,500mg,20 tablets,india,Suspicious,1
vitamin c,alphahealth industries,none,2036686427786268,batch-114,01/12/2025,syrup,unknown,100ml bottle,india,Suspicious,1
furosemide,alphahealth industries,c5-8036,2222222222222,batch-755,UNKNOWN,syrpu,10mg,20 capsules,nigeria,Suspicious,1
lonart ds extra,sunrise medications,ez-wtmf,6194913943036,47,2021-08-09,sachet,400mg,100ml bottle,pakistan,Suspicious,1
doxyccyline,drugfield pharmaceuticals ltd,m9-6588,8985664301,??,UNKNOWN,ointment,???,1 pack,ghana,Suspicious,1
unknown,topnotch drugs ltd,gegbut,6192758881186,batch-614,2022-02-13,cream,10mg,30g tube,nigeria,Suspicious,1
diazepam,drugfield pharmaceuticals ltd,m4-1070,6198303736062,bn24-4583,2029-01-17,injection,500mg/5ml,1 vial,nigeria,Genuine,0
ciprofloxacn,curefast pharmaceuticals,none,6195239188675,unknown,2023-04-11,suspension,500mg,30g tube,ghana,Suspicious,1
artemether lumefantrine,evans medical plc,i2-1509,6196788317127,bn24-1110,2027-03-07,ointment,10mg,5 vials,nigeria,Genuine,0
ceftriaxone,may & baker nigeria plc,s2-4270,6190071695008,l25-1519,2028-09-23,cream,250mg/5ml,10 capsules,nigeria,Genuine,0
super paracetamol,pharmafast nigeria,h7-1927,2smbpiy9krexa,batch-350,unknown,drops,100mg,1 tube,pakistan,Suspicious,1
doxycycline,hovid nigeria ltd,x1-2681,6198723335104,lot24-9725,2029-02-09,sachet,50mg,100 tablets,nigeria,Genuine,0
vitamin cc,bestpills international,-2199,3186679066747720,ida,2022-04-24,drops,10mg,30g tube,nigeria,Suspicious,1
vitamin b complex,fidson healthcare plc,k4-8433,6191553132592,bt25-7896,2026-04-26,ointment,50mg,20 capsules,nigeria,Genuine,0
vitamin c,dana pharmaceuticals ltd,l9-9404,6199897211706,b26-9728,2028-11-17,tablet,250mg,200ml bottle,nigeria,Genuine,0
nifedipine,swiss pharma nigeria ltd,w0-3684,6197588425241,bn24-5588,2029-05-17,capsule,400mg,1 tube,nigeria,Genuine,0
ciprofloxacn,quickcure labs,zwadnjf,1111111111111,jnn,06/10/2025,ointment,5mg,10 capsules,unknown,Suspicious,1
prednisolone,healwell pharma ltd,p-49,2850725532052851550,rnep,???,cream,200mg,60ml bottle,pakistan,Suspicious,1
spironolactone,hovid nigeria ltd,t1-8674,unknown,lot24-1810,2026-06-20,cream,500mg,100 tablets,nigeria,Genuine,0
super paracetamol,megadrug industries,j2-4277,huccoyw63uaqw,batch-198,26/02/2026,ceram,unknown,10 tablets,nigeria,Suspicious,1
multivitamin,medline drugs ltd,a7-5774,jgumdjulesili,bdkwg,04/07/2026,drops,20mg,30 tablets,china,Suspicious,1
erythromycin,pharmaplus international,-9014,5555555555555,3,UNKNOWN,drosp,50mg,1 tube,ghana,Suspicious,1
diclofenac,may & baker nigeria plc,d6-6411,6197120826772,bt25-5362,2028-11-02,capsule,125mg/5ml,1 vial,nigeria,Genuine,0
megavit plus,dana pharmaceuticals ltd,k-84,370089,batch-129,2021-12-15,talbet,20mg,100ml bottle,china,Suspicious,1
ciprofloxacn,pharmafast nigeria,m4-6657,6193309074064,43,2023-09-11,syrup,unknown,30g tube,ghana,Suspicious,1
loperamide,juhel nigeria ltd,k1-2335,6196682973276,bn24-2079,2029-05-25,powder,250mg/5ml,100ml bottle,nigeria,Genuine,0
multivitamin,medexpress ltd,be-mowi,tfs8um5vuengd,batch-808,2023-11-17,ointment,5mg,1 pack,nigeria,Suspicious,1
unknown,sunrise medications,d6j,2222222222222,63,2021-07-23,cream,unknown,30 tablets,unknown,Suspicious,1
diclofenac,nigerian german chemicals plc,z8-6992,6191604817546,b25-6186,2026-11-08,drops,500mg,1 vial,nigeria,Genuine,0
flagyl,hovid nigeria ltd,k6-2083,6194630316175,b26-1001,2028-11-24,syrup,250mg,10 tablets,nigeria,Genuine,0
vitamin c,pfizer nigeria,v9-7711,6196365807416,bt26-0506,2028-09-21,capsule,125mg/5ml,200ml bottle,nigeria,Genuine,0
panado,bestpills international,f-97,5555555555555,unknown,09/05/2026,ointmnet,20mg,10 tablets,nigeria,Suspicious,1
folic acid,hovid nigeria ltd,b0-5117,6193973598934,bt25-7453,2027-11-03,syrup,100mg,1 tube,nigeria,Genuine,0
paracetmol,hovid nigeria ltd,c6kh1x,qomu94v2abqqy,fkd,2021-07-28,syrpu,10mg,1 vial,pakistan,Suspicious,1
amoxicillin,topnotch drugs ltd,unknown,6190049332676,33,13/10/2025,capsule,10mg,200ml bottle,unknown,Suspicious,1
megavit plus,pfiezr nigeria,fn-whew,9999999999999,??,UNKNOWN,cream,100mg,20 tablets,pakistan,Suspicious,1
cotrimoxazole,mopson pharmaceutical ltd,o8-8397,6191331509837,b24-0217,2026-12-21,tablet,200mg,20 tablets,nigeria,Genuine,0
diclofenac,evans medical plc,w4-2195,6194916999399,bt26-4334,2028-10-15,injection,200mg,1 vial,nigeria,Genuine,0
power drug,biofix pharmaceuticals,s8-1693,6197338079267,unknown,UNKNOWN,tabelt,unknown,1 tube,nigeria,Suspicious,1
lisinopril,juhel nigeria ltd,l9-4650,6199652138354,bn25-1440,2027-05-11,cream,200mg,20 tablets,nigeria,Genuine,0
vitamin b complex,sanofi nigeria,c6-1636,6191692364588,l26-6132,2026-11-13,ointment,250mg/5ml,100 tablets,nigeria,Genuine,0
artemether lumefantrine,neimeth international pharmaceuticals,d3-8113,6195024916308,bn26-7886,2027-06-25,capsule,200mg,30 tablets,nigeria,Genuine,0
artemether lumefantrine,pharmafast nigeria,afyhonito,hivzcp1art6os,unknown,2023-04-02,suspension,5mg,unknown,ghana,Suspicious,1
erythromycin,nigerian german chemicals plc,d2-3960,6190190725877,bt24-3607,2026-05-19,suspension,20mg,60ml bottle,nigeria,Genuine,0
gentamicin,bioraj pharmaceuticals ltd,unknown,hee5qdg6lvmuj,batch-943,2023-05-14,inejction,50mg,100 tablets,unknown,Suspicious,1
ceftriaxone,hovid nigeria ltd,o4-5893,6192275854854,b25-6059,2028-12-27,sachet,400mg,30 tablets,nigeria,Genuine,0
lonart ds extra,wonderdrug co,jj-rbef,0000000000000,batch-719,unknown,syrup,???,10 tablets,nigeria,Suspicious,1
panadol,medline drugs ltd,q-11,6193865626004,ebtsn,unknown,tablet,500mg,5 vials,china,Suspicious,1
furosemide,mopson pharmaceutical ltd,t5-8906,6196403816646,b25-9816,2026-03-17,syrup,400mg,1 vial,nigeria,Genuine,0
chlorpheniramine,bioraj pharmaceuticals ltd,y5-3821,6194013223427,bt24-1387,2029-12-25,capsule,250mg,10 tablets,nigeria,Genuine,0
power drug,curefast pharmaceuticals,pending,6195975980960,65,2020-10-13,tablet,???,bulk,ghana,Suspicious,1
amoxicillin,bioraj pharmaceuticals ltd,e4-1107,6194335048883,b26-2634,2026-01-15,cream,100mg,30 tablets,nigeria,Genuine,0
tramadol,novadrug industries,o-30,6193734483653,---,2023-11-04,sachet,500mg/5ml,5 vials,unknown,Suspicious,1
ceftriaxone,goodhealth generics,p1-372808,0148333540112728,50,2021-01-17,drops,1g,1 pack,unknown,Suspicious,1
antacid,nigerian german chemicals plc,-3042,656477,rdt,unknown,powder,250mg,200ml bottle,nigeria,Suspicious,1
ciprofloxacin,emzor pharmaceutical industries,i3-1652,6190684866611,b26-2601,2028-02-10,capsule,5mg,100 tablets,nigeria,Genuine,0
coartem,may & baker nigeria plc,c1-9292,6194582603408,b25-8850,2029-03-19,drops,250mg/5ml,20 capsules,nigeria,Genuine,0
augmentin,chi pharmaceuticals ltd,m4-1054,6198572169660,l24-0575,2027-03-20,sachet,5mg,20 tablets,nigeria,Genuine,0
megavit plus,mopson pharmaceutical ltd,q3-8143,9999999999999,31,UNKNOWN,tablet,20mg,60ml bottle,unknown,Suspicious,1
ciprofloxacn,medexpress ltd,y7rw78,0000000000000,38,UNKNOWN,capsule,unknown,30g tube,china,Suspicious,1
amoxil,tuyil pharmaceutical industries,a3-8056,6195313614878,b24-4446,2028-06-13,sachet,20mg,10 capsules,nigeria,Genuine,0
loperamide,fastrelief drugs,fstt88,0000000000000,bcqfp,unknown,capsule,unknown,bulk,unknown,Suspicious,1
gentamicin,drugfield pharmaceuticals ltd,f0-6091,6195657758092,l25-5325,2027-04-26,powder,500mg/5ml,1 vial,nigeria,Genuine,0
amoxicillin,pfizer nigeria,g1-1834,6196684335676,bn26-7097,2026-05-04,injection,10mg,10 capsules,nigeria,Genuine,0
paracetmol,novadrug industries,rk9cdfdw,6191759896229,batch-664,21/02/2026,sahcet,10mg,1 tube,nigeria,Suspicious,1
magic cure pill,sunrise medications,t-30,6666666666666,6,2021-11-06,tablet,200mg,200ml bottle,ghana,Suspicious,1
lisinopril,skg pharma ltd,a0-6629,6191627136112,bn25-6122,2028-03-13,syrup,125mg/5ml,5 vials,nigeria,Genuine,0
power drug,bestpills international,v0-565243,6199629010799,91,2021-07-12,syrup,10mg,1 tube,india,Suspicious,1
promethazine,megadrug industries,s1-224675,6196755004371,batch-618,27/08/2026,syrup,125mg/5ml,20 tablets,ghana,Suspicious,1
amoxil,fidson healthcare plc,b6-8883,6199497567920,bt26-7651,2029-11-15,syrup,250mg/5ml,20 capsules,nigeria,Genuine,0
amatem,emzor pharmaceutical industries,b1-8954,6198822473127,l24-6481,2028-01-16,capsule,500mg,30g tube,nigeria,Genuine,0
megavit plus,emzor pharmaceutical industries,q6-2295,6198044306579,unknown,2020-03-15,capsule,200mg,10 tablets,pakistan,Suspicious,1
diazepam,evans medical plc,s3-2441,6197359848842,bn24-1214,2028-06-25,drops,250mg/5ml,100 tablets,nigeria,Genuine,0
coartem,megadrug industries,4ayuf1,pxjdq64y0dm5e,batch-654,21/04/2026,crema,unknown,30 tablets,pakistan,Suspicious,1
vitamin c,glaxosmithkline nigeria,c5-4082,6191952569043,bn26-8875,2027-07-14,cream,500mg/5ml,20 capsules,nigeria,Genuine,0
amoxicilin,curefast pharmaceuticals,x51-349,6194941971575,batch-398,14/04/2025,powder,unknown,100ml bottle,nigeria,Suspicious,1
diclofenac,evans medical plc,n5-7089,6194947170996,b24-7836,2027-09-04,ointment,5mg,10 capsules,nigeria,Genuine,0
panado,emzor pharmaceutical industries,-6552,6192741168065,fusiyuab,2020-04-20,capsule,250mg,20 capsules,unknown,Suspicious,1
megavit plus,bestpills international,ot-xjge,4444444444444,unknown,08/03/2026,tablet,50mg,20 capsules,pakistan,Suspicious,1
nifedipine,tuyil pharmaceutical industries,a5-7820,6192271043313,b25-5523,2026-01-20,drops,1g,30 tablets,nigeria,Genuine,0
metformin,fidson healthcare plc,m8-5558,6195775901752,bn26-6616,2027-07-27,suspension,50mg,10 capsules,nigeria,Genuine,0
unknown,emzor pharmaceutical industries,z8-2766,6197214364388,bn24-0485,2026-01-10,capsule,200mg,30 tablets,nigeria,Genuine,0
diazepam,megadrug industries,h4-841457,0707750,batch-566,07/06/2026,ointment,unknown,unknown,china,Suspicious,1
spironolactone,fidson healthcare plc,p4-7195,6199029831048,bt26-8967,2028-02-20,ointment,20mg,30 tablets,nigeria,Genuine,0
ciprofloxacin,drugfield pharmaceuticals ltd,u5-1202,6198993588910,l26-4172,2029-06-22,ointment,100mg,200ml bottle,nigeria,Genuine,0
amoxicilin,healthmax pharma,cu-rksm,0000000000000,1,unknown,tablet,20mg,100 tablets,nigeria,Suspicious,1
diazepam,pfizer nigeria,w7-3360,unknown,bt25-8542,2027-06-10,suspension,250mg,200ml bottle,nigeria,Genuine,0
ampiclox,skg pharma ltd,s3-8449,6191452111759,bn26-6392,2027-07-18,ointment,500mg,30g tube,nigeria,Genuine,0
artemether lumefantrine,glaxosmithkline nigeria,m0-2410,6196629979545,lot24-8840,2026-08-19,syrup,250mg,30g tube,nigeria,Genuine,0
tramadol,curefast pharmaceuticals,a6cv41,0000000000000,20,2020-02-07,drops,500mg,30 tablets,pakistan,Suspicious,1
azithromycin,swiss pharma nigeria ltd,w8-9669,6191377028514,b25-1907,2026-06-19,injection,500mg,200ml bottle,nigeria,Genuine,0
chloroquine,dana pharmaceuticals ltd,j1-1519,6191666870022,bn25-7209,2028-10-28,capsule,5mg,10 tablets,nigeria,Genuine,0
omeprazole,healwell pharma ltd,um-jmev,8967808,50,UNKNOWN,sachet,400mg,100 tablets,india,Suspicious,1
lisinopril,sanofi nigeria,d7-8493,6199827080860,b25-8428,2027-12-19,syrup,250mg/5ml,30 tablets,nigeria,Genuine,0
instant relief caps,goodhealth generics,wb-haeb,6193608164183,npvcc,2023-02-09,tablet,50mg,200ml bottle,unknown,Suspicious,1
ciprofloxacin,may & baker nigeria plc,i0-3005,6196481880447,bt26-7860,2029-04-17,suspension,20mg,1 tube,nigeria,Genuine,0
chloroquine,evans medical plc,o2-3150,6198200557784,lot26-7388,2027-12-18,syrup,1g,1 vial,nigeria,Genuine,0
total cure tablets,supercure pharma,dh-kgsc,9999999999999,8,???,ceram,1g,bulk,china,Suspicious,1
megavit plus,topnotch drugs ltd,ljfedt,9747676660919193526,batch-156,2020-08-14,sachet,500mg,1 tube,unknown,Suspicious,1
tetracycline,glaxosmithkline nigeria,b-73,0000000000000,14,unknown,cream,1g,100 tablets,china,Suspicious,1
raniitdine,medline drugs ltd,-4345,6196816723869,??,???,tablet,???,bulk,india,Suspicious,1
tramadol,dana pharmaceuticals ltd,qk-ferg,40950,unknown,21/02/2026,suspension,250mg,1 vial,unknown,Suspicious,1
ranitidine,pharmafast nigeria,r7-3169,0000000000000,batch-179,2022-01-11,sachet,10mg,100ml bottle,india,Suspicious,1
super paracetamol,bestpills international,i7-311503,0000000000000,unknown,25/10/2025,sachet,unknown,30 tablets,pakistan,Suspicious,1
magic cure pill,quickcure labs,w1-8934,6193891918746,qbmki,2022-05-19,cream,500mg,bulk,nigeria,Suspicious,1
cotrimoxazole,pfizer nigeria,x7-5961,6199956412204,bt24-0360,2027-01-07,drops,125mg/5ml,30 tablets,nigeria,Genuine,0
hydrocortisone,drugking industries,cz-obcf,6666666666666,yjfrffsf,unknown,drops,400mg,60ml bottle,nigeria,Suspicious,1
amoxicillin,hovid nigeria ltd,z2-7655,6199582641863,b25-5747,2029-11-03,suspension,500mg,200ml bottle,nigeria,Genuine,0
power drug,healthmax pharma,p-41,s25ylk7tqkwqp,batch-894,2020-06-04,injection,500mg/5ml,30 tablets,pakistan,Suspicious,1
metformin,fidson healthcare plc,x1-1305,6198099693082,lot26-8942,2029-11-25,syrup,10mg,60ml bottle,nigeria,Genuine,0
chlorpheniramine,sanofi nigeria,x6-1374,6195932971505,b26-6478,2027-03-15,cream,250mg/5ml,100 tablets,nigeria,Genuine,0
ceftriaxone,sanofi nigeria,i0-3615,6196542351169,bn25-5735,2028-01-24,drops,5mg,20 tablets,nigeria,Genuine,0
erythromycin,dana pharmaceuticals ltd,h7-6671,6192431069030,bt24-1753,2026-08-20,tablet,200mg,1 tube,nigeria,Genuine,0
erythromycin,skg pharma ltd,d8-2072,6195352373606,lot24-7971,2026-09-03,cream,5mg,1 vial,nigeria,Genuine,0
tetracycline,may & baker nigeria plc,or-dvwr,6195254110552,unknown,UNKNOWN,capsule,unknown,1 pack,unknown,Suspicious,1
lisinopril,hovid nigeria ltd,e4-2505,6199962642220,b25-5576,2026-08-02,injection,250mg/5ml,1 tube,nigeria,Genuine,0
amoxicillin,fastrelief drugs,v4-742119,0000000000000,??,04/07/2026,syrup,400mg,1 tube,nigeria,Suspicious,1
hydrocortisone,may & baker nigeria plc,l42n3v,01900,unknown,UNKNOWN,injection,unknown,100ml bottle,ghana,Suspicious,1
folic acdi,medexpress ltd,m5jlsb,hghhplbevmlhn,33,05/05/2025,ointment,250mg/5ml,100ml bottle,india,Suspicious,1
vitamin cc,medline drugs ltd,m0-409002,178472146172758045,80,2023-08-28,ointment,unknown,1 pack,unknown,Suspicious,1
atenolol,medline drugs ltd,unknown,6192642597209,batch-828,???,powder,100mg,1 vial,unknown,Suspicious,1
emzor paracetamol,biofix pharmaceuticals,qz-qulq,0000000000000,jtsvo,2020-09-20,sahcet,100mg,30 tablets,ghana,Suspicious,1
emzor parcaetamol,healthmax pharma,i6-7985,6197761868704,batch-774,???,powder,500mg,1 tube,ghana,Suspicious,1
lonart ds extra,drugfield pharmaceuticals ltd,-3990,6196491371652,ohioitd,unknown,drops,100mg,100ml bottle,nigeria,Suspicious,1
amlodipine,emzor pharmaceutical industries,v4-3514,6197523083703,b26-1784,2029-12-10,drops,500mg,1 vial,nigeria,Genuine,0
spironolactone,curefast pharmaceuticals,f6-823041,4874781128269934517,74,2021-03-19,suspension,unknown,unknown,india,Suspicious,1
augmenti,supercure pharma,w2-143176,6194837444176,29,12/07/2026,suspension,500mg/5ml,200ml bottle,unknown,Suspicious,1
lisinopril,glaxosmithkline nigeria,r0-5166,0000000000000,3,unknown,powder,50mg,30g tube,india,Suspicious,1
power drug,topnotch drugs ltd,b4ei8tn5p8,1111111111111,hdssjj,unknown,ijnection,10mg,100 tablets,india,Suspicious,1
ciprofloxacin,chi pharmaceuticals ltd,g-42,0000000000000,batch-782,unknown,syrup,5mg,unknown,unknown,Suspicious,1
super paracetamol,dana pharmaceuticals ltd,a-19,kbzjptzvzvf97,unknown,UNKNOWN,injection,500mg,10 capsules,pakistan,Suspicious,1
lisinopril,healwell pharma ltd,d8-6790,6197564505813,bfdhu,16/10/2026,injetcion,unknown,30 tablets,pakistan,Suspicious,1
furosemide,curefast pharmaceuticals,tj5w,53071,23,02/01/2025,syrup,50mg,1 pack,unknown,Suspicious,1
promethazine,nigerian german chemicals plc,a0-4690,6195624395879,bt26-5910,2027-04-25,syrup,200mg,10 capsules,nigeria,Genuine,0
ciprofloxacn,dana pharmaceuticals ltd,j0-2713,0000000000000,unknown,unknown,sachet,125mg/5ml,10 tablets,unknown,Suspicious,1
diclofenac,pfizer nigeira,zumzue,6191123590425,??,2023-05-05,powder,500mg/5ml,20 capsules,ghana,Suspicious,1
super paracetamol,medexpress ltd,l0-1321,787387183,batch-879,unknown,ointment,125mg/5ml,1 vial,pakistan,Suspicious,1
ciprofloxacin,medline drugs ltd,q7-6441,4444444444444,94,2020-11-25,tablet,500mg,5 vials,india,Suspicious,1
chloroquine,swiss pharma nigeria ltd,a2-1818,6194179291117,l26-3713,2026-04-14,cream,500mg/5ml,1 tube,nigeria,Genuine,0
augmentin,bioraj pharmaceuticals ltd,p2-8929,6196015343325,lot26-2059,2027-06-16,drops,1g,5 vials,nigeria,Genuine,0
megavit plus,alphahealth industries,u2-3493,6193869742175,50,unknown,pwoder,125mg/5ml,1 pack,nigeria,Suspicious,1
ciprofloxacn,alphahealth industries,none,6191500111397,qyqjk,16/10/2025,capsuel,500mg,30 tablets,nigeria,Suspicious,1
tramadol,glaxosmithkline nigeria,h0-9938,6191079649673,bt26-8137,2028-06-21,drops,50mg,30 tablets,nigeria,Genuine,0
flagyl,topnotch drugs ltd,2nmcy,0000000000000,72,2020-07-23,ointment,unknown,unknown,pakistan,Suspicious,1
lonart,healwell pharma ltd,-6574,9999999999999,unknown,10/12/2026,ointment,unknown,unknown,unknown,Suspicious,1
tramadol,hovid nigeria ltd,z8-8391,6195921299641,bt25-0860,2027-04-14,syrup,500mg/5ml,10 tablets,nigeria,Genuine,0
tetracycline,mopson pharmaceutical ltd,k8-1026,6199961327302,bt25-7233,2026-06-13,syrup,20mg,30 tablets,nigeria,Genuine,0
amoxil,may & baker nigeria plc,r6-5073,6192181227643,lot25-4099,2029-01-03,cream,10mg,10 tablets,nigeria,Genuine,0
amatem,medexpress ltd,y6-425772,6199678963008,45,unknown,tablet,20mg,20 tablets,nigeria,Suspicious,1
vitamin cc,juhel nigeria ltd,os-mona,5555555555555,??,15/08/2025,ointment,unknown,10 capsules,pakistan,Suspicious,1
amoxicilin,quickcure labs,q5-2160,0000000000000,batch-580,27/10/2026,capsule,20mg,20 tablets,ghana,Suspicious,1
vitamin c,topnotch drugs ltd,alembf,6191891426933,---,UNKNOWN,tablet,???,unknown,unknown,Suspicious,1
super paracetamol,may & baker nigeria plc,y5-6274,unknown,batch-780,22/12/2026,ointment,500mg,30 tablets,ghana,Suspicious,1
augmenti,fidson heatlhcare plc,3q4pshem,6nuexaihzv2mu,batch-575,2022-11-18,ointment,???,60ml bottle,unknown,Suspicious,1
ceftriaxone,drugfield pharmaceuitcals ltd,l4-2924,93797900704559484,---,24/02/2026,ointment,125mg/5ml,unknown,ghana,Suspicious,1
diclofenac,drugfield pharmaceuticals ltd,09o08n,0926000,ime,14/02/2026,capsule,unknown,60ml bottle,pakistan,Suspicious,1
megavit plus,healwell pharma ltd,b2-154149,5555555555555,batch-495,???,ointmnet,1g,30 tablets,ghana,Suspicious,1
power drug,biofix pharmaceuticals,-8476,6991658723,unknown,25/02/2025,tabelt,unknown,unknown,unknown,Suspicious,1
tramadol,biofix pharmaceuticals,jw-imcl,9563431,ikwabsrr,25/04/2025,drops,???,100ml bottle,nigeria,Suspicious,1
doxycycline,goodhealth generics,a8-5437,3333333333333,---,07/07/2025,powder,50mg,60ml bottle,china,Suspicious,1
spironolactone,nigerian german chemical splc,hlw,kerztnbtpiawr,??,2021-11-26,powedr,250mg/5ml,1 pack,unknown,Suspicious,1
furosmeide,biofix pharmaceuticals,not registered,0000000000000,fbxnffmy,2021-09-28,cream,unknown,unknown,india,Suspicious,1
lonart ds extra,curefast pharmaceuticals,mm-norh,188374489239604244,batch-038,21/01/2025,capsule,10mg,5 vials,pakistan,Suspicious,1
furosemide,fidson healthcare plc,j5-6242,6199376618941,bt25-0654,2028-03-13,suspension,10mg,20 tablets,nigeria,Genuine,0
emzor paracetamol,juhel nigeria ltd,u1-8507,6197345475748,b25-9839,2026-03-05,powder,400mg,10 tablets,nigeria,Genuine,0
panadol,sanofi nigeria,w6-4649,6195305970258,lot24-2746,2027-08-14,suspension,20mg,10 capsules,nigeria,Genuine,0
chloroquine,skg pharma ldt,gb-fbzf,1dhbizetrx3bm,---,2022-05-04,injcetion,unknown,1 vial,unknown,Suspicious,1
doxycycline,fidson healthcare plc,y2-5954,6193985298945,bn25-2163,2029-11-01,drops,500mg/5ml,30g tube,nigeria,Genuine,0
chlorpheniramine,pfizer nigeria,l3-9102,6196601444856,l26-4216,2028-02-01,capsule,250mg/5ml,30g tube,nigeria,Genuine,0
furosemide,may & baker nigeria plc,z1-7358,6194876998425,l25-4003,2027-01-09,injection,250mg,100 tablets,nigeria,Genuine,0
amoxicillin,alphahealth industries,-7944,218600320319789990,pba,16/02/2025,capsule,200mg,1 pack,ghana,Suspicious,1
paracetamol,goodhealth generics,s1-3538,admvyhlaebtyq,unknown,08/10/2026,ointment,500mg/5ml,30g tube,unknown,Suspicious,1
hydrocortisone,pharmafast nigeria,d8-830134,0000000000000,rxgd,02/02/2026,drops,???,10 tablets,unknown,Suspicious,1
tetracycline,goodhealth generics,spj6sf,3333333333333,batch-753,UNKNOWN,capsule,unknown,20 capsules,china,Suspicious,1
metronidazole,evans medical plc,n3-4651,6197861371579,l26-6584,2026-06-26,suspension,5mg,10 capsules,nigeria,Genuine,0
panadol,juhel nigeria ltd,n2-4018,6192190533476,bn25-8274,2028-08-13,injection,5mg,10 capsules,nigeria,Genuine,0
erythromycin,drugfield pharmaceuticals ltd,w2-3257,6199712529672,bn26-8744,2027-10-16,drops,400mg,20 capsules,nigeria,Genuine,0
total cure tablets,glaxosmithkline nigeria,m86cxo,3gwsqdrdkymeb,zelgvizy,2021-07-28,cream,10mg,100 tablets,pakistan,Suspicious,1
omeprazole,pharmaplus international,omtf07,6193223072481,---,04/03/2026,capsule,250mg/5ml,1 tube,unknown,Suspicious,1
azithromycin,mopson pharmaceutical ltd,y4-3418,6197865619424,lot25-7744,2029-09-28,syrup,500mg,20 capsules,nigeria,Genuine,0
cotrimoxazole,nigerian german chemicals plc,z1-6617,0000000000000,iptfkeel,???,sachet,125mg/5ml,1 pack,india,Suspicious,1
panado,swiss pharma nigerai ltd,x-46833,603482367,71,???,suspension,20mg,10 capsules,china,Suspicious,1
gentamicin,chi pharmaceuticals ltd,r4-2780,6197722560531,bn24-4767,2026-03-13,ointment,250mg/5ml,20 capsules,nigeria,Genuine,0
gentamicin,sunrise medications,n4-5328,5555555555555,89,02/01/2026,sachet,200mg,unknown,india,Suspicious,1
glibenclamide,tuyil pharmaceutical industries,j8-1133,6191624565069,bn26-9304,2027-06-18,injection,250mg,60ml bottle,nigeria,Genuine,0
ibuprofen,evans medical plc,f3-7674,6192203347427,lot25-3506,2026-01-10,suspension,125mg/5ml,100ml bottle,nigeria,Genuine,0
chlorpheniramine,chi pharmaceuticals ltd,s8-9608,6194259959968,bn24-0583,2027-04-04,capsule,50mg,5 vials,nigeria,Genuine,0
folic acid,pharmaplus international,-6087,38825,23,2021-11-24,capsule,200mg,unknown,china,Suspicious,1
diclofenac,sanofi nigeria,i3-9373,6190403253760,lot25-6502,2027-08-16,powder,1g,10 capsules,nigeria,Genuine,0
prednisolone,hovid nigeria ltd,d2-8589,unknown,b26-3088,2026-11-07,injection,unknown,60ml bottle,nigeria,Genuine,0
megavit plus,biofix pharmaceuticals,w0-188301,279732829018320511,9,2022-01-14,suspension,500mg,30 tablets,pakistan,Suspicious,1
magic cure pill,medexpress ltd,d61-603,4716504,batch-734,12/11/2025,sachet,1g,1 tube,india,Suspicious,1
megavit plus,drugking industries,x16-715,0000000000000,batch-867,2022-01-25,cream,???,20 capsules,pakistan,Suspicious,1
ranitidine,tuyil pharmaceutical industries,x1-4510,6197529883222,bn26-1714,2027-06-13,tablet,5mg,100 tablets,nigeria,Genuine,0
metronidazol,drugfield pharmaceuticals ltd,b-22,0000000000000,unknown,unknown,sachet,250mg/5ml,20 tablets,pakistan,Suspicious,1
loperamide,bioraj pharmaceuticals ltd,v1-7102,6198268687645,bn24-9649,2026-09-11,injection,5mg,200ml bottle,nigeria,Genuine,0
loperamide,neimeth international pharmaceuticals,y8-1529,6195719838632,b26-4812,2026-07-13,ointment,500mg/5ml,5 vials,nigeria,Genuine,0
omeprazole,tuyil pharmaceutical industries,x1-3527,6195521376032,l25-4798,2027-02-09,cream,250mg/5ml,30g tube,nigeria,Genuine,0
vitamin b complex,evans medical plc,u6-7848,6193453372207,bn24-9728,2026-03-04,drops,100mg,30 tablets,nigeria,Genuine,0
ciprofloxacin,pfizer nigeria,c7-9108,6199876829960,b25-2621,2027-06-17,sachet,200mg,100ml bottle,nigeria,Genuine,0
omeprazole,mopson pharmaceutical ltd,d0-3043,6197490753999,b26-3931,2028-05-10,sachet,125mg/5ml,30 tablets,nigeria,Genuine,0
multivitamin,juhel nigeria ltd,g7-9521,6192143395274,lot24-6516,2029-12-09,sachet,50mg,200ml bottle,nigeria,Genuine,0
lonrat,goodhealth generics,an-bryx,1111111111111,37,13/12/2025,powder,10mg,unknown,nigeria,Suspicious,1
chloroquine,emzor pharmaceutical industries,p2-1130,6193827777119,batch-117,???,suspension,500mg,1 pack,nigeria,Suspicious,1
folic acid,pfizer nigeria,unknown,6196684482370,bt26-3174,2029-10-25,capsule,500mg/5ml,30 tablets,nigeria,Genuine,0
trmaadol,hovid nigeria ltd,l9-770370,6197592041550,68,unknown,suspension,500mg/5ml,200ml bottle,ghana,Suspicious,1
ampiclox,tuyil pharmaceutical industries,w3-6287,6192410397734,b25-4063,2027-08-17,capsule,500mg/5ml,1 vial,nigeria,Genuine,0
spironolactone,biofix pharmaceuticals,vd-nfkf,2222222222222,unknown,unknown,crema,???,1 tube,china,Suspicious,1
erythromycin,tuyil pharmaceutical industries,l4-9552,6195819324264,b25-8129,2028-11-04,powder,20mg,5 vials,nigeria,Genuine,0
cotrimoxazole,tuyil pharmaceutical industries,x8-9626,6199128672870,??,26/09/2026,sachet,1g,10 tablets,unknown,Suspicious,1
multivitamin,dana pharmaceuticals ltd,w4-5908,6198838425363,lot25-2359,2026-06-11,tablet,50mg,100ml bottle,nigeria,Genuine,0
hydrocortisone,curefast pharmaceuticals,d9-627552,349212233998215900,unknown,2021-11-23,tabelt,5mg,1 tube,unknown,Suspicious,1
amoxil,may & baker nigeria plc,t6-2309,6197015959196,lot26-5327,2029-06-24,drops,10mg,100ml bottle,nigeria,Genuine,0
emzor paracetamol,sanofi nigeria,d1-4909,6195996605774,b26-0710,2029-11-24,ointment,125mg/5ml,10 tablets,nigeria,Genuine,0
nifedipine,sanofi nigeria,j7-1272,6195516940972,lot26-9577,2027-12-02,sachet,50mg,30 tablets,nigeria,Genuine,0
amoxil,fidson healthcare plc,l2-7355,6193840911224,lot24-8653,2027-08-25,cream,500mg,20 capsules,nigeria,Genuine,0
tetracycline,sunrise medications,c8-339002,37244,unknown,???,cream,100mg,200ml bottle,india,Suspicious,1
ferrous sulphate,evans medical plc,c-99550,bttgfks5boepc,unknown,unknown,powder,unknown,30g tube,india,Suspicious,1
ampiclox,drugfield pharmaceuticals ltd,y1-3526,6194620952000,lot25-1717,2028-03-14,cream,400mg,60ml bottle,nigeria,Genuine,0
ranitidine,juhel nigeria ltd,t2-7967,6192494514751,lot26-1351,2026-03-25,syrup,10mg,30 tablets,nigeria,Genuine,0
nifedipine,sanofi nigeria,l8-3071,6198190221795,l26-8927,2026-03-10,powder,5mg,100 tablets,nigeria,Genuine,0
lisinopril,nigerian german chemicals plc,d9-6830,6193056418494,bt25-8969,2028-07-15,sachet,500mg,200ml bottle,nigeria,Genuine,0
amoxicillin,pharma deko plc,e3-7054,6194662265403,bn25-5572,2028-04-02,tablet,250mg/5ml,5 vials,nigeria,Genuine,0
lonart,dana pharmaceuticals ltd,f9-1692,6191620478769,b26-6717,2029-11-17,cream,500mg/5ml,1 vial,nigeria,Genuine,0
ibuprofen,skg pharma ltd,k5-1889,6193758997570,bn24-3733,2026-06-12,injection,5mg,200ml bottle,nigeria,Genuine,0
azithromycin,neimeth international pharmaceuticals,q7-6706,6197177514011,bn25-1891,2027-12-08,powder,100mg,200ml bottle,nigeria,Genuine,0
cotrimoxazole,tuyil pharmaceutical industries,a8-1063,6198974748593,b25-6745,2028-02-17,suspension,500mg/5ml,1 vial,nigeria,Genuine,0
tramadol,evans medical plc,o1-8679,6194648877194,bn25-5380,2028-01-03,suspension,125mg/5ml,1 vial,nigeria,Genuine,0
loperamide,pharma deko plc,l5-8743,6199220300442,b25-5087,2029-02-05,sachet,200mg,1 vial,nigeria,Genuine,0
doxycycline,hovid nigeria ltd,z8-8904,6192588744958,l26-2362,2026-12-08,drops,500mg/5ml,1 tube,nigeria,Genuine,0
erythromycin,quickcure labs,r081i1,5591698331,unknown,10/11/2026,tablet,5mg,1 vial,nigeria,Suspicious,1
glibenlcamide,novadrug industries,jknx,nfoepv8fnc8dd,bthbug,unknown,syrup,500mg/5ml,20 capsules,india,Suspicious,1
furosemide,sanofi nigeria,e3-1797,6194501896164,lot24-4033,2029-02-01,suspension,100mg,60ml bottle,nigeria,Genuine,0
amoxil,fidson healthcare plc,e4-1510,6195682996292,bn25-5252,2026-05-14,capsule,50mg,100 tablets,nigeria,Genuine,0
promethazine,pharma deko plc,c1-1914,6198046619639,b26-0273,2029-07-15,ointment,1g,1 vial,nigeria,Genuine,0
paracetmol,pharmafast nigeria,a9-8834,2222222222222,batch-354,13/01/2026,sachet,unknown,1 vial,unknown,Suspicious,1
chlorpheniramine,glaxosmithkline nigeria,w0-8173,6197119918082,bn24-2034,2027-06-06,injection,250mg/5ml,100ml bottle,nigeria,Genuine,0
gentamicin,skg pharma ltd,q2-8435,6194117674125,lot26-2008,2028-02-24,suspension,250mg/5ml,20 tablets,nigeria,Genuine,0
amoxil,skg pharma ltd,-1567,6193695756292,batch-154,27/08/2025,powder,125mg/5ml,5 vials,nigeria,Suspicious,1
augmentin,goodhealth generics,c9xpjbo4q,wrdrw1qqinmbd,unknown,UNKNOWN,suspension,5mg,unknown,unknown,Suspicious,1
amoxicillin,chi pharmaceuticals ltd,r2-7486,6192542041239,bn26-0670,2028-08-15,syrup,500mg,10 capsules,nigeria,Genuine,0
augmenti,medexpress ltd,frt20tf,rsc4b5z5vvrvn,batch-500,unknown,syrup,unknown,5 vials,india,Suspicious,1
diazepam,evans medical plc,e9-1197,6194588679254,bt26-8309,2028-09-12,ointment,50mg,5 vials,nigeria,Genuine,0
promethazine,pharma deko plc,q2-151228,3yfmglvf9yb3r,ykwhgmdp,unknown,tbalet,20mg,1 vial,nigeria,Suspicious,1
metronidazol,drugfield hparmaceuticals ltd,not registered,7777777777777,??,2021-04-22,powdre,125mg/5ml,1 tube,china,Suspicious,1
erythromycin,emzor pharmaceutical industries,r9-4253,6191992550278,bt25-5284,2026-11-14,injection,5mg,1 tube,nigeria,Genuine,0
folic acid,drugking industries,d5-8437,686127793333569420,npxyetl,2022-01-24,onitment,500mg,60ml bottle,nigeria,Suspicious,1
ranitidine,neimeth international pharmaceuticals,m6-8432,6195254599104,bt24-0915,2026-05-15,ointment,50mg,1 vial,nigeria,Genuine,0
super paracetamol,alphahealth industries,hx-hyhw,3876738,batch-279,24/06/2026,drops,125mg/5ml,1 pack,pakistan,Suspicious,1
cotrimoxazole,swiss pharma nigeria ltd,v4-8491,6195107991185,bt26-4445,2027-06-03,suspension,10mg,10 capsules,nigeria,Genuine,0
antacid,curefast pharmaceuticals,p0-2040,309442386020508983,oodneew,2023-10-16,sachet,400mg,200ml bottle,india,Suspicious,1
amoxil,swiss pharma nigeria ltd,j7-9665,6194171594971,bt25-4841,2027-01-11,suspension,50mg,200ml bottle,nigeria,Genuine,0
amoxil,mopson pharmaceutical ltd,o1-8145,6191768802945,bt25-0844,2026-12-07,ointment,50mg,5 vials,nigeria,Genuine,0
cotrimoxazole,evans medical plc,u2-2975,6194764925151,b24-8121,2029-07-16,injection,1g,1 vial,nigeria,Genuine,0
doxycycline,may & baker nigeria plc,e2-4281,6195697252178,lot26-2997,2028-11-02,tablet,50mg,10 capsules,nigeria,Genuine,0
ciprofloxacin,pharma deko plc,t0-7837,6191812054641,l26-5694,2028-09-20,cream,400mg,100ml bottle,nigeria,Genuine,0
ampiclox,dana pharmaceuticals ltd,t4-4183,6191290878142,bn25-1708,2027-12-19,drops,10mg,20 capsules,nigeria,Genuine,0
vitamin c,glaxosmithkline nigeria,c1-1139,6192867120077,bt24-2286,2028-06-22,cream,125mg/5ml,1 vial,nigeria,Genuine,0
prednisolone,evans medical plc,e5-6727,6191360908588,bn26-2115,2026-05-11,tablet,100mg,10 capsules,nigeria,Genuine,0
metronidazole,emzor pharmaceutical industries,t4-3452,6191410527691,b24-9794,2029-09-02,sachet,250mg/5ml,30 tablets,nigeria,Genuine,0
glibenclamide,neimeth international pharmaceuticals,s8-4639,6194301871866,bt25-5306,2026-11-12,ointment,100mg,1 tube,nigeria,Genuine,0
flagly,may & baker nigeria plc,f0-7524,5m2mty3ubz8zx,batch-538,2023-01-05,cream,???,60ml bottle,china,Suspicious,1
ferrous sulphate,may & baker nigeria plc,i7-2314,6195802909041,l24-7802,2029-07-02,injection,250mg/5ml,60ml bottle,nigeria,Genuine,0
paracetmol,drugking industries,c4-1554,0000000000000,dnoxsaa,2020-01-10,tablet,unknown,200ml bottle,india,Suspicious,1
lonart,mopson pharmaceutical ltd,p7-3798,6194599281613,lot26-1262,2028-09-15,ointment,1g,60ml bottle,nigeria,Genuine,0
ciprofloxacn,supercure pharma,7ucsp,5555555555555,??,08/11/2025,powder,500mg/5ml,1 vial,india,Suspicious,1
ranitidine,sanofi nigeria,i1-5082,6192109720218,l24-7946,2028-05-28,powder,10mg,100 tablets,nigeria,Genuine,0
super paracetamol,novadrug industries,-6532,6199096459879,81,24/01/2025,capsule,???,60ml bottle,india,Suspicious,1
amoxciillin,healwell pharma ltd,unknown,6194164776315,ylqkgxyi,13/02/2026,powedr,5mg,30g tube,pakistan,Suspicious,1
lonart ds extra,bioraj pharmaceuticals ltd,u-89,754807,llltu,2021-12-20,capsule,500mg/5ml,1 vial,ghana,Suspicious,1
spironolactone,neimeth international pharmaceuticals,x6-6047,6190270116861,lot26-7160,2027-03-12,syrup,250mg/5ml,30 tablets,nigeria,Genuine,0
omeprazole,healthmax pharma,z6-7077,vmqwcpguwhqzw,dyhrkox,2022-04-03,injection,200mg,200ml bottle,china,Suspicious,1
ors,swiss pharma nigeria ltd,g6-6786,6193377460400,l25-2698,2026-01-24,drops,5mg,10 capsules,nigeria,Genuine,0
gentaimcin,drugking industries,cgpc,2983584480,xduy,unknown,cream,125mg/5ml,60ml bottle,pakistan,Suspicious,1
antacid,bioraj pharmaceuticals ltd,y4-9991,6197920698043,bt24-4753,2027-12-20,injection,500mg,100ml bottle,nigeria,Genuine,0
amlodipine,may & baker nigeria plc,b0-3490,6197221425737,bn25-0533,2028-04-19,capsule,500mg/5ml,100 tablets,nigeria,Genuine,0
tetracycline,glaxosmithkline nigeria,b2-9067,6192614933165,bt25-3222,2028-02-25,ointment,500mg,5 vials,nigeria,Genuine,0
unknown,fidson healthcare plc,s9-5240,6191013721519,bn25-0929,2027-10-14,ointment,50mg,10 tablets,nigeria,Genuine,0
diazepam,healthmax pharma,i0-416963,6193109077180,31,UNKNOWN,suspension,???,100ml bottle,unknown,Suspicious,1
flagyl,dana pharmaceuticals ltd,q7-4545,unknown,unknown,2027-09-10,cream,250mg/5ml,20 capsules,nigeria,Genuine,0
flagyl,glaxosmithkline nigeria,l4-7135,6194470229604,lot25-3632,2027-12-16,tablet,250mg,200ml bottle,nigeria,Genuine,0
metformin,pfizer nigeria,a0-7250,6193140352635,lot25-0833,2027-03-20,suspension,1g,5 vials,nigeria,Genuine,0
vitamin c,topnotch drugs ltd,m-46,4444444444444,91,2023-04-16,sachet,500mg,100ml bottle,pakistan,Suspicious,1
chloroquine,curefast pharmaceuticals,-6389,6199308227814,batch-435,2023-10-17,syrup,250mg,1 pack,china,Suspicious,1
augmenti,supercure pharma,not registered,3vhjvr4rscbvz,10,unknown,saceht,50mg,5 vials,unknown,Suspicious,1
ors,wonderdrug co,not registered,fnvgnspd0eknq,48,UNKNOWN,syrup,50mg,200ml bottle,ghana,Suspicious,1
emzor paracetamol,skg pharma ltd,m2-4272,6193477433267,b24-1509,2026-11-22,capsule,200mg,10 tablets,nigeria,Genuine,0
magic cure pill,novadrug industries,qe-hwje,138078,72,18/01/2026,ointment,1g,1 tube,pakistan,Suspicious,1
nifedipine,sanofi nigeria,n8-7492,6198008529464,b24-2606,2026-11-22,drops,50mg,10 capsules,nigeria,Genuine,0
glibenclamide,mopson pharmaceutical ltd,g0-2281,6192398472300,bt25-2259,2026-03-18,injection,50mg,20 tablets,nigeria,Genuine,0
amaetm,evans medical plc,77e799,5962751934,unknown,unknown,capsule,1g,1 vial,unknown,Suspicious,1
magic cure pill,novadrug industries,e6eyox,6194460957722,batch-544,2020-11-18,suspensino,400mg,10 tablets,pakistan,Suspicious,1
super paracetamol,supercure pharma,none,37522964842109222514,batch-396,unknown,drops,???,30g tube,unknown,Suspicious,1
amoxil,curefast pharmaceuticals,ah-ecuy,ghzeknuir1y2d,29,2022-07-14,tablet,400mg,100ml bottle,pakistan,Suspicious,1
nifedipine,pharma deko plc,v8-5684,6196081062007,bt25-2736,2028-11-09,syrup,500mg,1 tube,nigeria,Genuine,0
amoxicillin,fidson healthcare plc,j3-7625,6193495788561,b25-5864,2029-05-10,injection,200mg,20 tablets,nigeria,Genuine,0
augmentin,chi pharmaceuticals ltd,h9-9473,6199830650319,bt24-9157,2026-05-03,powder,400mg,100ml bottle,nigeria,Genuine,0
paracetamol,nigerian german chemicals plc,n7-5227,6199843624185,l24-3571,2029-10-02,suspension,20mg,30 tablets,nigeria,Genuine,0
ors,medexpress ltd,j6-6935,6195317087302,meim,07/07/2026,suspension,500mg/5ml,1 pack,china,Suspicious,1
flagy,pharmaplus international,ek-lmmo,7777777777777,rqzz,2022-04-25,powder,10mg,unknown,unknown,Suspicious,1
panado,healthmax pharma,63rjlb,0000000000000,batch-761,08/08/2025,ointment,unknown,20 tablets,india,Suspicious,1
paracetmol,sanofi nigeria,pq-zwyq,tqnpxr0cy4kax,batch-227,19/02/2026,talbet,125mg/5ml,60ml bottle,pakistan,Suspicious,1
flagyl,chi pharmaceuticals ltd,v9-6531,6199001094393,l26-0596,2029-11-18,injection,125mg/5ml,10 capsules,nigeria,Genuine,0
amoxil,novadrug industries,pending,0000000000000,batch-742,2021-08-09,injection,unknown,10 tablets,pakistan,Suspicious,1
ferrous sulphate,neimeth international pharmaceuticals,r0-3930,6197481242112,lot24-9248,2029-11-17,syrup,10mg,10 tablets,nigeria,Genuine,0
prednisolone,juhel nigeria ltd,y3-4876,6191266109416,bn26-1294,2029-06-20,tablet,100mg,20 capsules,nigeria,Genuine,0
azithromycin,pharma deko plc,5muiv,8pm1oycfr97qm,vuwwsd,2023-04-27,cream,400mg,100 tablets,ghana,Suspicious,1
flagyl,evans medical plc,e6-5563,6192364281318,b24-9481,2027-05-18,drops,20mg,30 tablets,nigeria,Genuine,0
erythromycin,neimeth international pharmaceuticals,e2-8749,6190267288571,lot25-9310,2026-07-04,syrup,500mg,100 tablets,nigeria,Genuine,0
chlorpheniramine,fidson healthcare plc,v3-7615,6191939909169,b26-8665,2028-05-07,cream,200mg,10 capsules,nigeria,Genuine,0
emzor paracetamol,mopson pharmaceutical ltd,p1-8175,6193203093765,bn26-5141,2029-09-27,drops,500mg,10 tablets,nigeria,Genuine,0
amoxicillin,bioraj pharmaceuticals ltd,d8-7519,6197024403307,lot26-2125,2029-11-13,syrup,250mg/5ml,10 capsules,nigeria,Genuine,0
lisinopril,tuyil pharmaceutical industries,h0-9655,6190695814670,bn25-5781,2029-12-14,tablet,100mg,10 capsules,nigeria,Genuine,0
vitamin cc,bestpills international,-4010,699452,pegmfv,2023-11-13,sachet,250mg,10 capsules,china,Suspicious,1
diclofenac,emzor pharmaceutical industries,q7-1011,6195932525005,bt26-2420,2026-09-28,cream,250mg,20 capsules,nigeria,Genuine,0
coartem,sanofi nigeria,k1-7467,6193211197875,bn26-0891,2027-04-19,capsule,125mg/5ml,5 vials,nigeria,Genuine,0
folic acid,pharma deko plc,t8-2894,6196934060884,bt25-7166,2026-11-11,sachet,10mg,5 vials,nigeria,Genuine,0
diclofenac,mopson pharmaceutical ltd,s5-5771,6194294774229,bt26-4889,2029-05-21,suspension,500mg,100 tablets,nigeria,Genuine,0
coartem,medline drugs ltd,none,6191493181377,98,2021-09-24,tabelt,500mg,100ml bottle,nigeria,Suspicious,1
amoxicilin,healthmax pharma,pending,927431266656023,52,2023-06-11,powder,400mg,200ml bottle,unknown,Suspicious,1
paracetmol,novadrug industries,n9-2676,6198962980561,1,2023-11-12,suspension,unknown,unknown,nigeria,Suspicious,1
megavit plus,goodhealth generics,s-84,6194814140138,batch-635,2020-05-28,syrup,125mg/5ml,10 capsules,nigeria,Suspicious,1
artemether lumefantrine,pfizer nigeria,a2-6789,6195618444217,b24-9936,2029-05-16,powder,500mg/5ml,20 tablets,nigeria,Genuine,0
amoxiclilin,healthmax pharma,-9597,zctnos7p7sw2k,unknown,unknown,tbalet,100mg,1 pack,unknown,Suspicious,1
erythromycin,biofix pharmaceuticals,m8-9548,6199244940396,batch-096,14/02/2025,ijnection,50mg,100ml bottle,nigeria,Suspicious,1
amoxicilin,goodhealth generics,lu-hvjv,859271436,batch-492,UNKNOWN,drops,20mg,unknown,nigeria,Suspicious,1
ibuprofen,mopson pharmaceutical ltd,w8-7399,6198122595727,lot26-5063,2029-02-27,drops,20mg,100ml bottle,nigeria,Genuine,0
ors,neimeth international pharmaceuticals,nzaf9k,192474350697820,65,05/02/2025,syrup,400mg,60ml bottle,pakistan,Suspicious,1
hydrocortisone,chi pharmaceuticals ltd,y6-4312,6194755752254,bn24-3209,2028-09-23,powder,400mg,30g tube,nigeria,Genuine,0
diclofenac,swiss pharma nigeria ltd,z9-9550,6197698936521,b25-4671,2029-02-14,capsule,1g,30g tube,nigeria,Genuine,0
ranitidine,neimeth international pharmaceuticals,a0-5076,6193542168940,bt24-0849,2028-05-15,powder,1g,200ml bottle,nigeria,Genuine,0
magic cure pill,alphahealth industries,n7-133847,7777777777777,xgrshsa,2023-09-17,injection,unknown,10 capsules,india,Suspicious,1
lonart,bioraj pharmaceuticals ltd,n3-9774,6195588195973,l24-1643,2029-09-17,tablet,250mg/5ml,10 tablets,nigeria,Genuine,0
tramadol,hovid nigeria ltd,q6-9951,6193452734662,l25-1449,2029-01-16,capsule,10mg,200ml bottle,nigeria,Genuine,0
ors,medexpress ltd,-6260,6191979336864,jmdjbdy,UNKNOWN,tablet,250mg/5ml,1 tube,pakistan,Suspicious,1
amoxiicllin,wonderdrug co,cpht10,6192458198706,batch-033,2020-06-07,ointmnet,???,10 capsules,unknown,Suspicious,1
loperamide,chi pharmaceuticals ltd,r1-2070,6193904383035,lot24-9440,2026-10-26,drops,500mg,10 tablets,nigeria,Genuine,0
omeprazole,glaxosmithkline nigeria,i4-5433,6197189395301,b25-9522,2026-07-16,ointment,400mg,1 tube,nigeria,Genuine,0
promethazine,pharma deko plc,c8-5177,6194626714626,b24-1256,2028-11-23,suspension,unknown,20 capsules,nigeria,Genuine,0
vitamin cc,medline drugs ltd,er-zrgh,2465684154635175,unknown,25/02/2026,capsule,500mg/5ml,30g tube,india,Suspicious,1
prednisolone,dana pharmaceuticals ltd,a0-9419,6196966101685,bt24-1430,2027-10-11,tablet,500mg,20 tablets,nigeria,Genuine,0
nifedipine,may & baker nigeria plc,j5-2448,6199577825582,b24-5354,2028-07-06,sachet,20mg,20 capsules,nigeria,Genuine,0
lonart,dana pharmaceuticals ltd,m7-5049,6190371837641,lot24-0791,2026-05-16,injection,200mg,20 capsules,nigeria,Genuine,0
lonart,evans medical plc,q4-7691,6195648236622,b26-5030,2029-09-27,tablet,400mg,10 capsules,nigeria,Genuine,0
amoxicilin,biofix pharmaceuticals,v-99,zicobgkqjpkd1,unknown,18/06/2026,powder,500mg,1 tube,pakistan,Suspicious,1
amoxicillin,pfizer nigeria,d8-5578,6193579786308,lot24-6001,2026-12-11,drops,200mg,1 vial,nigeria,Genuine,0
ciprofloxacn,fastrelief drugs,sxmrczsg,0000000000000,90,2023-07-06,sachet,100mg,1 tube,nigeria,Suspicious,1
diclofenac,unknown,y3-2083,6192797573660,bn26-6332,2028-07-20,sachet,1g,200ml bottle,nigeria,Genuine,0
amoxil,hovid nigeria ltd,u0-2498,6191950927111,lot24-7102,2026-12-02,cream,200mg,30g tube,nigeria,Genuine,0
amlodipine,wonderdrug co,j2-4018,26625650,batch-300,2020-05-28,injection,500mg,30g tube,pakistan,Suspicious,1
glibenclamide,dana pharmaceuticals ltd,n8-4127,6191472760128,bt26-7395,2029-08-01,drops,1g,100 tablets,nigeria,Genuine,0
erythromycin,pharma deko plc,d8-7593,6193239791376,b25-6445,2028-11-12,suspension,500mg,10 tablets,nigeria,Genuine,0
lonart ds extra,sunrise medications,sqqcfai6hs,b7to12w6srr0k,41,UNKNOWN,syrup,20mg,60ml bottle,unknown,Suspicious,1
instant relief caps,goodhealth generics,pending,61186801093609194908,yckhjibr,???,drops,???,20 tablets,nigeria,Suspicious,1
chlorpheniramine,chi pharmaceuticals ltd,r5-6180,unknown,bt26-4710,2028-08-14,cream,100mg,20 tablets,nigeria,Genuine,0
emzor paracetamol,pharma deko plc,g0-1981,6190159446331,bt26-9990,2028-09-12,suspension,100mg,10 tablets,nigeria,Genuine,0
chlorpheniramine,quickcure labs,rkl6o,6193993446062,dykjaf,unknown,suspensino,500mg/5ml,5 vials,china,Suspicious,1
vitamin c,bestpills international,k9-3212,6195723501942,unknown,16/10/2026,syrup,20mg,30g tube,india,Suspicious,1
chloroquine,juhel nigeria ltd,m4-7437,6195193982807,l26-3534,2029-05-27,capsule,500mg/5ml,30g tube,nigeria,Genuine,0
diazepam,healwell pharma ltd,aj7srg,496652948305171972,batch-068,07/04/2026,suspension,unknown,1 tube,ghana,Suspicious,1
spironolactone,may & baker nigeria plc,z8-6214,6198062350400,lot25-6341,2028-11-15,sachet,500mg,10 tablets,nigeria,Genuine,0
chloroquine,curefast pharmaceuticals,b-66326,ml9urnlhr9ehf,lhpoqd,23/07/2026,oitnment,unknown,20 capsules,pakistan,Suspicious,1
super paracetamol,sunrise medications,-8276,pycla6c4evgcm,33,20/01/2026,ointment,???,20 capsules,nigeria,Suspicious,1
ibuprofen,pfizer nigeria,j7-4279,6191217271551,bn26-8982,2028-05-28,syrup,250mg/5ml,1 tube,nigeria,Genuine,0
lonart,alphahealth industries,rf-vswa,6196856888863,wbj,07/06/2026,drops,1g,60ml bottle,ghana,Suspicious,1
diazepam,neimeth international pharmaceuticals,y3-6250,6195486401558,l25-8315,2026-08-23,powder,125mg/5ml,200ml bottle,nigeria,Genuine,0
tramadol,nigerian german chemicals plc,pje1s1,4444444444444,batch-135,UNKNOWN,ointemnt,400mg,1 tube,china,Suspicious,1
artemether lumefantrine,chi pharmaceuticals ltd,p6-5900,6192086567561,l24-8748,2028-05-23,suspension,250mg/5ml,200ml bottle,nigeria,Genuine,0
antacid,evans medical plc,a8-8054,6192118233983,lot25-4479,2029-02-12,ointment,50mg,1 vial,nigeria,Genuine,0
amoxicilin,supercure pharma,y-55,429412597,jnhdkjzu,02/11/2026,syrup,125mg/5ml,30 tablets,china,Suspicious,1
promethazine,chi pharmaceuticals ltd,v9-2023,6190768627633,bt24-9206,2027-09-20,ointment,125mg/5ml,30g tube,nigeria,Genuine,0
ors,drugking industries,s0-4195,056260702474857,9,2021-08-08,powder,10mg,10 capsules,pakistan,Suspicious,1
vitamin b complex,skg pharma ltd,z7-3953,6196903265517,bt24-7805,2029-02-21,drops,1g,10 capsules,nigeria,Genuine,0
panado,hovid nigeria ltd,ktrpw3,2998651590257846,batch-056,24/09/2025,powder,unknown,bulk,china,Suspicious,1
paracetmol,biofix pharmaceuticals,n5-660476,6195398852172,batch-366,UNKNOWN,capsule,500mg/5ml,5 vials,india,Suspicious,1
diclofenac,fidson healthcare plc,e5-6863,6192356178176,bn24-2791,2026-02-20,syrup,500mg,60ml bottle,nigeria,Genuine,0
tramadol,sanofi nigeria,s2rrtx,3285071961293321349,batch-115,02/11/2025,suspension,100mg,bulk,unknown,Suspicious,1
antacid,medline drugs ltd,h1-0369,1111111111111,??,???,cream,400mg,20 tablets,nigeria,Suspicious,1
