DrugName,Manufacturer,NAFDAC_Number,Barcode,BatchNumber,ExpiryDate,DosageForm,Strength,PackageSize,Country,Label
Metronidazol,pharma deko plc,-9449,466549770,BATCH-229,2022-10-21,Ceram,400mg,100 tablets,Ghana,Suspicious
Ciprofloxacin,Bioraj Pharmaceuticals Ltd,Y7-8635,6193477848580,B24-0617,2029-02-13,Drops,10mg,60ml bottle,Nigeria,Genuine
vITAMIN c,NovaDrug Industries,BN7J5U,0000000000000,BATCH-215,N/A,injection,250mg/5ml,1 vial,China,Suspicious
Omeprazole,May & Baker Nigeria Plc,N7-2665,6193073510454,B25-8161,2028-04-26,Ointment,100mg,20 tablets,Nigeria,Genuine
Ceftiraxone,MegaDrug Industries,TQ-FQBA,6199406565825,96,24/05/2026,Suspension,125mg/5ml,N/A,India,Suspicious
LONART,BioFix Pharmaceuticals,-1600,6190490372955,BATCH-375,23/07/2025,Sachet,200mg,10 capsules,Unknown,Suspicious
Amlodipine,Mopson Pharmaceutical Ltd,I4-8004,6190838517994,BT25-9151,2026-01-21,Cream,200mg,5 vials,Nigeria,Genuine
  Tramadol ,MedExpress Ltd,U0-669113,401176,bfHbfg,2021-02-22,  Powder ,10mg,10 tablets,China,Suspicious
Ceftriaxone,Pharma Deko Plc,I3-9394,6191561497843,BN24-6575,2026-01-07,Injection,200mg,30g tube,Nigeria,Genuine
Omeprazole,  Dana  Pharmaceuticals Ltd,V2-3742,6194967419914,N/A,23/11/2025,  Sachet ,5mg,20 tablets,Pakistan,Suspicious
Amoxil,May & Baker Nigeria Plc,M4-4109,6191713900535,BT26-3462,2026-09-07,Sachet,200mg,100 tablets,Nigeria,Genuine
Cotrimoxazloe,Healwell Pharma Ltd,-2110,33029276405473986221,BATCH-008,???,  Ointment ,???,1 vial,Unknown,Suspicious
Multivitamin,PharmaFast Nigeria,G-77,8888888888888,UKPAWZ,,  Syrup ,250mg/5ml,100ml bottle,India,Suspicious
Artemether Lumefantrine,Pfizer Nigeria,P8-9525,6197543943537,LOT24-7568,2028-12-04,Suspension,50mg,1 tube,Nigeria,Genuine
Lonart,Juhel Nigeria Ltd,B2-9179,6194564494857,L24-5269,2029-03-18,Drops,500mg,100 tablets,Nigeria,Genuine
Amoxil,Fidson Healthcare Plc,W7-3196,6198975267727,BT24-3807,2026-07-25,Tablet,400mg,60ml bottle,Nigeria,Genuine
Paracetamol,Sanofi Nigeria,B1-5601,6194734043373,BN26-0822,2029-09-23,Drops,500mg/5ml,100 tablets,Nigeria,Genuine
Vitamin B Complex,Drugfield Pharmaceuticals Ltd,P2-2036,6192646471543,BT26-8223,2027-08-04,Syrup,400mg,10 tablets,Nigeria,Genuine
Amlodipine,nIGERIAN gERMAN cHEMICALS pLC,Q6-8850,7038547872681931,23,UNKNOWN,cAPSULE,50mg,10 capsules,Pakistan,Suspicious
Panado,Healwell Pharma Ltd,I-33,m2HYtR7KxdR1T,yqCopbv,2022-09-15,Ijnection,400mg,30g tube,Nigeria,Suspicious
Antacid,SKG Pharma Ltd,D4-9429,6195524578716,LOT26-4406,2026-06-14,Tablet,5mg,30 tablets,Nigeria,Genuine
Amoxicilin,Nigerian German Chemicals lPc,R-18,1278988524991960841,BATCH-653,07/08/2025,Talbet,N/A,N/A,China,Suspicious
cHLORPHENIRAMINE,SuperCure Pharma,-5770,6192292538416,??,13/02/2026,Ointmetn,???,20 capsules,China,Suspicious
Amlodipine,Pfizer Nigeria,U0-3845,6192884987455,LOT24-3985,2028-09-24,Drops,100mg,100ml bottle,Nigeria,Genuine
Power Drug,AlphaHealth Industries,-2872,8888888888888,hKPjBSp,2022-12-19,Injection,400mg,1 tube,India,Suspicious
Ranitidine,Pfizer Nigeria,Y6-3421,6193091307562,BT25-3440,2029-09-25,Sachet,50mg,1 tube,Nigeria,Genuine
Panado,Sunrise Medications,HA-KLNV,6192405166543,BATCH-112,09/02/2026,  Injection ,20mg,60ml bottle,Pakistan,Suspicious
Doxycycline,May & Baker Nigeria Plc,C5-2818,6195325947957,BN25-4728,2026-08-04,Drops,250mg/5ml,100 tablets,Nigeria,Genuine
Vitamin C,May & Baker Nigeria Plc,F4-6409,6191091090323,L25-1861,2028-10-10,Sachet,5mg,20 tablets,Nigeria,Genuine
Diclofenac,Fidson Healthcare Plc,Y0-1508,6193309232716,B24-7719,2028-06-06,Sachet,1g,1 tube,Nigeria,Genuine
Loperamide,Evans Medical Plc,M7-1570,6194622681717,LOT26-1761,2029-01-06,Cream,100mg,1 vial,Nigeria,Genuine
Glibenclamide,Fidson Healthcare Plc,S8-1776,6197468235465,B25-1700,2026-01-07,Tablet,50mg,30g tube,Nigeria,Genuine
Antacid,Sanofi Nigeria,B0-5094,6190102724059,LOT26-4101,2028-03-20,Ointment,50mg,5 vials,Nigeria,Genuine
Amlodipine,Neimeth International Pharmaceuticals,T6-3565,6197466621598,BN26-4041,2027-12-28,Drops,500mg,10 tablets,Nigeria,Genuine
Erythromycin,Pharma Deko Plc,A5-5085,6194281644160,BN24-1817,2029-06-21,Suspension,10mg,200ml bottle,Nigeria,Genuine
Gentamicin,Bioraj Pharmaceuticals Ltd,T6-3553,6197066149829,B26-2978,2028-07-15,Injection,50mg,10 capsules,Nigeria,Genuine
  Cotrimoxazole ,Pfizer Nigeria,B7-748520,0000000000000,??,2020-01-21,Cpasule,5mg,200ml bottle,China,Suspicious
aMPICLOX,FastRelief Drugs,W6YA8J,2222222222222,MQE,UNKNOWN,  Ointment ,500mg/5ml,5 vials,Nigeria,Suspicious
Promethazine,May & Baker Nigeria Plc,W0-6470,6198561547318,LOT25-6253,2027-10-16,Sachet,100mg,20 capsules,Nigeria,Genuine
Hydrocortisone,Fidson Healthcare Plc,V9-6544,6190052812738,LOT26-5790,2029-12-07,Tablet,250mg/5ml,60ml bottle,Nigeria,Genuine
Augmentin,Sanofi Nigeria,H9-7375,6198562185014,L24-1345,2028-10-25,Sachet,1g,60ml bottle,Nigeria,Genuine
Vitamin CC,MegaDrug Industries,A2-725188,1111111111111,---,2020-11-17,Capsuel,20mg,N/A,Unknown,Suspicious
Paracetamol,Tuyil Pharmaceutical Industries,G5-7885,6194757051201,LOT25-1269,2029-03-07,Injection,20mg,10 tablets,Nigeria,Genuine
Doxycycline,Mopson Pharmaceutical Ltd,C5-9284,6191579376390,BT26-4113,2029-11-19,Syrup,1g,10 capsules,Nigeria,Genuine
Vitamin CC,AlphaHealth Industries,O7-1452,6196007461433,57,2020-05-24,  Sachet ,1g,1 vial,China,Suspicious
Metronidazole,Chi Pharmaceuticals Ltd,G3-4238,6192470739208,BN26-3445,2028-11-25,Injection,125mg/5ml,60ml bottle,Nigeria,Genuine
Tramadol,Pharma Deko Plc,E2-8696,6192847657043,BN24-1083,2026-10-25,Syrup,5mg,30 tablets,Nigeria,Genuine
Tramadol,Hovid Nigeria Ltd,G5-6047,6194617773267,LOT24-0420,2028-05-28,Injection,1g,30g tube,Nigeria,Genuine
Vitamin B Complex,Drugfield Pharmaceuticals Ltd,S0-6766,6198147700540,BN26-1579,2029-08-19,Powder,500mg/5ml,1 tube,Nigeria,Genuine
Hydrocortisone,May & Baker Nigeria Plc,CU-LJAC,316004,VyDQ,???,pOWDER,400mg,100 tablets,China,Suspicious
Instant Relief Caps,WonderDrug Co,a9-9078,6192542654163,76,2023-07-25,Suspension,125mg/5ml,20 capsules,China,Suspicious
Azithromycin,Sanofi Nigeria,N8-9745,6194578317456,L25-2651,2028-01-01,Powder,500mg/5ml,30 tablets,Nigeria,Genuine
Rantiidine,NovaDrug Industries,D-51,0000000000000,87,10/04/2026,Suspension,5mg,5 vials,Pakistan,Suspicious
Metformin,Fidson Healthcare Plc,G3-7950,6191386120759,BN24-1300,2026-03-26,Injection,5mg,20 tablets,Nigeria,Genuine
Coartem,Sanofi Nigeria,H8-2113,6199490531522,BN25-8322,2026-10-10,Sachet,50mg,60ml bottle,Nigeria,Genuine
Flagy,Drugfield Pharmaceuticals Ltd,J1-3793,6192232087387,BATCH-884,UNKNOWN,Suspension,200mg,100ml bottle,Unknown,Suspicious
Panado,GoodHealth Generics,SX-KAAK,47597833548835719214,---,N/A,Injection,50mg,N/A,Ghana,Suspicious
Antacid,nigerian german chemicals plc,J6-6414,0000000000000,??,???,suspension,400mg,10 capsules,Ghana,Suspicious
Vitamin CC,QuickCure Labs,C5-9690,6192584907340,6,2020-10-24,Drops,???,1 vial,Pakistan,Suspicious
Folic Acid,Fidson Healthcare Plc,U3-7757,6194424936312,BT24-0553,2027-05-15,Drops,5mg,60ml bottle,Nigeria,Genuine
NIFEDIPINE,SuperCure Pharma,-5180,0000000000000,66,2023-05-19,TABLET,200mg,20 capsules,China,Suspicious
Amlodipine,Evans Medical Plc,G9-2094,6190622723624,L25-9789,2027-04-27,Cream,250mg,100 tablets,Nigeria,Genuine
Fuorsemide,SanofiN igeria,M4-5891,iZap8k282TxHu,N/A,2023-08-20,  Cream ,1g,30g tube,Unknown,Suspicious
Flagyl,Chi Pharmaceuticals Ltd,J0-5342,6193261189004,BT25-6368,2029-02-23,Ointment,200mg,10 tablets,Nigeria,Genuine
Flagyl,BestPills International,P1-2531,07239191846550636985,xMvTsG,N/A,Sachet,UNKNOWN,1 pack,Unknown,Suspicious
Ciprofloxacn,Swiss Pharma Nigerai Ltd,-6402,886173277606395136,sydvCH,13/12/2025,Suspension,250mg/5ml,N/A,Nigeria,Suspicious
ORS,May & Baker Nigeria Plc,Z3-2270,6191587605451,L26-6496,2028-08-11,Drops,20mg,1 vial,Nigeria,Genuine
Amoxicilin,Emzor Pharmaceuitcal Industries,PENDING,3333333333333,28,???,Capsule,250mg/5ml,30g tube,Pakistan,Suspicious
Ceftriaxone,Nigerian German Chemicals Plc,M1-9835,6192512868231,BN24-4988,2029-11-24,Powder,20mg,200ml bottle,Nigeria,Genuine
Vitamin CC,PharmaPlus International,X0-5057,6193997415927,XDQdTbGw,26/09/2025,Scahet,500mg/5ml,1 vial,Pakistan,Suspicious
Amoxicilin,FastRelief Drugs,Z9-1380,45810457,92,14/07/2026,Injection,20mg,100ml bottle,Pakistan,Suspicious
Ceftriaxone,Pfizer Nigeria,Z4-6592,6192321941682,BN24-6570,2026-01-06,Drops,50mg,1 tube,Nigeria,Genuine
Magic Cure Pill,TopNotch Drugs Ltd,P-62,6193990460085,89,,Ointment,500mg/5ml,10 capsules,Unknown,Suspicious
Amoxicillin,Hovid Nigeria Ltd,F4-9759,6194581308892,B24-0774,2028-08-10,Powder,5mg,100 tablets,Nigeria,Genuine
Doxycycline,GlaxoSmithKline Nigeria,A2-1462,6198718274968,B26-0898,2028-10-04,Powder,50mg,30 tablets,Nigeria,Genuine
Azithromycin,Chi Pharmaceuticals Ltd,M5-3234,6197354352092,BN25-2336,2026-08-15,Ointment,100mg,30g tube,Nigeria,Genuine
Spironolactone,PharmaFast Nigeria,X1-3713,542832867851506688,syKsv,03/07/2026,Powder,1g,20 tablets,Pakistan,Suspicious
Lonart,Fidson Healthcare Plc,V7-6615,6199574988556,B24-9762,2028-10-25,Suspension,200mg,10 tablets,Nigeria,Genuine
Folic Acid,Sanofi Nigeria,C1-3585,6193829657723,LOT24-9816,2028-05-07,Capsule,20mg,20 capsules,Nigeria,Genuine
Paracetmaol,FastRelief Drugs,K0-7280,5288899088860811,fEjXKb,17/01/2026,Powder,1g,200ml bottle,India,Suspicious
Flagyl,Drugfield Pharmaceuticals Ltd,G2-3504,6191277997996,LOT26-5279,2027-08-03,Drops,50mg,5 vials,Nigeria,Genuine
Erythromycin,Bioraj Pharmaceuticals Ltd,B9-5575,6191491507629,B24-9643,2029-11-14,Syrup,500mg,1 tube,Nigeria,Genuine
MegaVit Plus,DrugKing Industries,B2-7269,0000000000000,??,???,Injeciton,N/A,30g tube,Unknown,Suspicious
MegaVit Plus,BioFix Pharmaceuticals,  F7-4162 ,6194271832249,lYuI,2023-07-04,Drops,5mg,10 tablets,Ghana,Suspicious
Ciprofloxacin,,N/A,6198113537392,??,2023-11-06,Sachte,N/A,1 pack,Unknown,Suspicious
Chlorhpeniramine,HealthMax Pharma,FD-IYTX,0000000000000,??,16/12/2026,  Injection ,500mg,100ml bottle,Unknown,Suspicious
Emzor Paracetamol,DrugKing Industries,PENDING,6195792826298,vVf,UNKNOWN,Syrup,1g,1 pack,Pakistan,Suspicious
Flagyl,Nigerian German Chemicals Plc,S4-1866,6195396727571,B25-4619,2029-09-23,Suspension,400mg,5 vials,Nigeria,Genuine
Hydrocortisone,Tuyil Pharmaceutical Industries,R0-9084,6193397767190,B24-4109,2028-10-21,Powder,200mg,10 tablets,Nigeria,Genuine
Paracetmol,nigerian german chemicals plc,-5107,6191854554185,41,,Cpasule,250mg,100ml bottle,India,Suspicious
Metroniadzole,WonderDrug Co,R-58,05022,5,25/11/2026,Cream,250mg/5ml,20 capsules,Pakistan,Suspicious
Prednisolone,Sunrise Medications,U-13,6710665602492357774,pcyzjgzJ,???,cream,200mg,5 vials,Pakistan,Suspicious
Diclofenac,Neimeth International Pharmaceuticals,V5-6424,6195439878017,LOT25-4037,2027-01-22,Cream,20mg,30g tube,Nigeria,Genuine
Tramadol,Tuyil Pharmaceutical Industries,D9-8584,6195817246193,BN26-9871,2029-06-16,Tablet,250mg,100 tablets,Nigeria,Genuine
PREDNISOLONE,Sunrise Medications,E146OO,XM8Uq9AS0iyLF,BATCH-915,2023-06-03,  Drops ,250mg/5ml,10 capsules,Ghana,Suspicious
Ciprofloxacn,Pfizer Nigeria,A718FV,AgYW6rrz6DqIw,43,2022-06-02,Caspule,400mg,1 tube,Unknown,Suspicious
Diazepam,Tuyil Pharmaceutical Industries,O1-9797,6190513717176,BT24-8986,2027-10-16,Injection,1g,10 tablets,Nigeria,Genuine
Diclofenac,MegaDrug Industries,-3359,6193720945165,---,???,Tablet,20mg,N/A,Ghana,Suspicious
Ciprofloxacn,Chi Pharmaceuticals Ltd,KL-UICS,qJtGPs6xL8JRp,BATCH-343,2021-10-09,tABLET,500mg/5ml,10 tablets,Pakistan,Suspicious
MegaVit Plus,Emzor Pharmaceutical Industries,UMZT2E,076444904,76,24/11/2026,Capsule,400mg,10 capsules,Ghana,Suspicious
Amatem,Chi Pharmaceuticals Ltd,T6-9268,6192769704092,LOT24-2031,2028-02-26,Sachet,20mg,20 tablets,Nigeria,Genuine
Gentamicin,Bioraj Pharmaceuticals Ltd,Z7-5255,6194701732088,L25-2518,2027-08-15,Drops,100mg,1 vial,Nigeria,Genuine
Tetracycline,Tuyil Pharmaceutical Industries,K4-7264,6190273415145,B26-9056,2026-05-08,Capsule,250mg,20 tablets,Nigeria,Genuine
Pnaadol,SuperCure Pharma,L-43,0000000000000,76,???,  Tablet ,125mg/5ml,1 tube,Unknown,Suspicious
Ampiclox,SKG Pharma Ltd,D8-8537,6195003691554,B25-3166,2028-04-09,Drops,1g,20 capsules,Nigeria,Genuine
Prednisolone,Emzor Pharmaceutical Industries,I5-3126,6193888562259,B25-6917,2026-06-28,Sachet,5mg,60ml bottle,Nigeria,Genuine
Augmentin,May & Baker Nigeria Plc,S6-3551,6198936543587,B26-4506,2026-09-25,Suspension,400mg,100 tablets,Nigeria,Genuine
Ranitidine,Swiss Pharma Nigeria Ltd,O4-5314,6198570862099,LOT26-4012,2028-12-03,Powder,20mg,100 tablets,Nigeria,Genuine
Promethazine,Swiss Pharma Nigeria Ltd,E2-8790,6190510287672,LOT25-8298,2026-04-18,Ointment,20mg,30g tube,Nigeria,Genuine
Amoxil,Pharma Deko Plc,G2-7503,6198685074516,BN26-6367,2029-04-10,Suspension,20mg,30 tablets,Nigeria,Genuine
Azithromycin,Pfizer Nigeria,F2-4610,6194103469964,L24-3904,2026-02-14,Drops,50mg,30 tablets,Nigeria,Genuine
Hydrocortisone,MedLine Drugs Ltd,B-20,398013,N/A,05/09/2025,Suspensoin,250mg,5 vials,Pakistan,Suspicious
Augmentin,Pfizer Nigeria,I8-4554,6191478911791,L24-6756,2028-10-23,Powder,250mg,5 vials,Nigeria,Genuine
Amatem,BestPills International,RZJz,aydeYzryZKArW,cfu,UNKNOWN,Injcetion,50mg,20 tablets,Nigeria,Suspicious
Ampiclox,Neimeth International Pharmaceuticals,O8-7116,6198471296184,BN24-3416,2027-05-05,Ointment,500mg,20 capsules,Nigeria,Genuine
Amlodipine,Sanofi Nigeria,I5-5175,6199180172264,BN24-6919,2028-06-19,Drops,500mg/5ml,5 vials,Nigeria,Genuine
Tramadol,BestPills International,1Ajddi2,6192818223871,BATCH-918,2020-09-12,  Powder ,5mg,5 vials,China,Suspicious
Atenolol,Swiss Pharma Nigeria Ltd,O5-6795,6198214770926,BN25-1976,2026-06-27,Syrup,200mg,1 tube,Nigeria,Genuine
Azithromycin,GlaxoSmithKline Nigeria,D4-9017,6197320101709,BT25-5456,2027-05-20,Sachet,250mg,30g tube,Nigeria,Genuine
Lonart DS Extra,Chi Pharmaceuitcals Ltd,6CWE6J,3333333333333,BATCH-625,???,Syurp,20mg,5 vials,China,Suspicious
Total Cure Tablets,CureFast Pharmaceuticals,L0-2835,6196251049463,mTsdLr,2021-11-05,Tablet,500mg/5ml,1 pack,China,Suspicious
Gentamicin,Dana Pharmaceuticals Ltd,O2-7694,6192942066153,LOT26-8527,2026-11-22,Powder,10mg,20 tablets,Nigeria,Genuine
Vitamin CC,NovaDrug Industries,E2-8455,6194046682123,PwnMs,09/10/2025,Tablet,5mg,1 vial,Ghana,Suspicious
Azithromycin,Bioraj Pharmaceuticals Ltd,W8-5240,6194344812307,B24-4881,2026-11-05,Injection,100mg,10 capsules,Nigeria,Genuine
Doxycycline,Mopson Pharmaceutical Ltd,U3-3483,6198632666788,LOT24-7351,2027-01-23,Powder,250mg,20 tablets,Nigeria,Genuine
Ranitidine,DrugKing Industries,DH-VYBG,0000000000000,PYA,25/01/2025,suspension,N/A,20 tablets,Ghana,Suspicious
Lisinopril,Swiss Pharma Nigeria Ltd,Q9-4639,6191608752430,L26-7567,2027-10-10,Syrup,250mg/5ml,5 vials,Nigeria,Genuine
Coartem,Mopson Pharmaceutical Ltd,R4-8927,6192629052912,B26-7531,2029-11-18,Suspension,250mg/5ml,20 tablets,Nigeria,Genuine
Sprionolactone,DrugKing Industries,-8091,6190734467461,94,2022-12-21,Saceht,100mg,BULK,India,Suspicious
Erythromycin,Emzor Pharmaceutical Industries,M4-5929,6191343275607,LOT24-8155,2029-12-14,Cream,250mg/5ml,60ml bottle,Nigeria,Genuine
  Promethazine ,BioFix Pharmaceuticals,NOT REGISTERED,0000000000000,BATCH-500,2023-03-18,Powder,250mg/5ml,10 tablets,Unknown,Suspicious
Lonart DS Extra,AlphaHealth Industries,D8-223604,0000000000000,78,2022-08-20,  Powder ,200mg,1 pack,Nigeria,Suspicious
ORS,Pharma Deko Plc,X5-2246,6194604014243,L24-2071,2026-08-06,Tablet,250mg,20 tablets,Nigeria,Genuine
Flagyl,Evans Medical Plc,I2-2520,6191753617066,BN25-1350,2027-11-14,Ointment,10mg,5 vials,Nigeria,Genuine
Chloroquine,Tuyil Pharmaceutical Industries,A1-3127,6194244626325,LOT24-4831,2028-09-23,Powder,125mg/5ml,20 tablets,Nigeria,Genuine
iBUPROFEN,MedExpress Ltd,L2-333036,6195828630400,78,13/03/2025,DROPS,???,1 vial,China,Suspicious
Azithromycin,DrugKing Industries,-1491,24489684604126165542,UNKNOWN,2023-01-05,Capslue,100mg,30g tube,Pakistan,Suspicious
Paracetmol,BioFix Pharmaceuticals,E7-6960,8888888888888,,12/07/2025,Pwoder,400mg,200ml bottle,China,Suspicious
Ciprofloxacn,WonderDrug Co,QN-NUNP,CpXLpq7S5eA0t,BATCH-444,2023-11-06,CAPSULE,5mg,1 pack,Unknown,Suspicious
Vitamin C,Healwell Pharma Ltd,H8-6144,6190207153785,BATCH-163,UNKNOWN,cREAM,125mg/5ml,200ml bottle,India,Suspicious
Tetracycline,Juhel Nigeria Ltd,K-44,0000000000000,BATCH-058,15/04/2026,SYRUP,250mg/5ml,1 tube,India,Suspicious
Tetracycline,Chi Pharmaceuticals Ltd,I3-8944,6192805129278,L25-3998,2029-12-21,Syrup,200mg,1 vial,Nigeria,Genuine
SPIRONOLACTONE,Bioraj Pharmaceuticals Ldt,E7-3477,6197992519734,---,UNKNOWN,Injection,250mg/5ml,1 pack,Pakistan,Suspicious
Coartem,Sanofi Nigeria,B2-6292,6190264801643,LOT24-3974,2029-04-22,Injection,250mg,60ml bottle,Nigeria,Genuine
Metronidazol,dana pharmaceuticals ltd,k7-2930,0000000000000,10,2021-01-01,Powdre,250mg/5ml,100 tablets,India,Suspicious
Ceftriaxone,Chi Pharmaceuticals Ltd,F4-1166,6192990155793,B26-0182,2027-09-24,Injection,250mg,100 tablets,Nigeria,Genuine
Ferrous Sulphate,Hovid Nigeria Ltd,F3-2781,6193348458719,LOT26-3545,2027-06-06,Suspension,500mg/5ml,60ml bottle,Nigeria,Genuine
Instant Relief Caps,Chi Pharmaceuticals Ltd,GPSSS2,990693196303995,MWqbrG,,Syrup,N/A,100ml bottle,Ghana,Suspicious
Atenolol,Dana Pharmaceuticals Ltd,T2-1590,6195302146564,L26-3381,2026-12-23,Capsule,250mg,200ml bottle,Nigeria,Genuine
Metformin,Dana Pharmaceuticals Ltd,C2-1149,6193875099775,BN24-8819,2029-01-01,Powder,250mg/5ml,10 capsules,Nigeria,Genuine
Augmentin,MegaDrug Industries,G-72,8888888888888,37,02/06/2025,Capsule,1g,10 tablets,India,Suspicious
Atenolol,Pfizer Nigeria,H2-1364,6191265789824,L24-5059,2026-09-28,Tablet,500mg/5ml,1 vial,Nigeria,Genuine
Metronidazole,Drugfield Pharmaceuticals Ltd,T3-9281,6196204485157,L26-1510,2029-02-04,Capsule,100mg,1 tube,Nigeria,Genuine
MegaVit Plus,swiss pharma nigeria ltd,B8-1972,6196166201659,BATCH-976,09/06/2026,Powder,125mg/5ml,5 vials,India,Suspicious
Furosemide,Mopson Pharmaceutical Ltd,B4-2900,6190276747830,L26-6490,2029-05-05,Powder,20mg,10 tablets,Nigeria,Genuine
Augmentin,Juhel Nigeria Ltd,R6-8570,6193622660937,L26-7137,2029-01-23,Suspension,200mg,10 capsules,Nigeria,Genuine
Emzor Paracetamol,Drugfield Pharmaceuticals Ltd,J9-6091,6192965923426,L26-3368,2028-05-03,Injection,1g,5 vials,Nigeria,Genuine
Flagy,GoodHealth Generics,N1-515981,0000000000000,hKVOm,2021-11-26,Injection,250mg,100 tablets,Nigeria,Suspicious
Omeprazole,Bioraj Pharmaceuticals Ltd,Z9-6636,6193690261135,B26-9511,2029-09-24,Capsule,5mg,30g tube,Nigeria,Genuine
Magic Cure Pill,AlphaHealth Industries,O0-3955,6193820715484,qlQfQAc,27/08/2026,Drops,100mg,10 capsules,Ghana,Suspicious
Emzor Paracetamol,Emzor Pharmaceutical Industries,L3-2509,6196117768729,B26-0111,2028-08-16,Injection,100mg,20 capsules,Nigeria,Genuine
Augmentin,Sanofi Nigeria,M0-1645,6197063369985,L26-5917,2026-10-25,Powder,100mg,30 tablets,Nigeria,Genuine
Ranitidine,SKG Pharma Ltd,D3-9008,6191870728676,B24-9255,2029-11-26,Injection,250mg/5ml,10 tablets,Nigeria,Genuine
Paracetmol,QuickCure Labs,N-11,81640989103909120302,BATCH-163,,Drosp,N/A,1 tube,China,Suspicious
Lonart DS Extra,Evans Medical   Plc ,X2-4105,6190945255390,UNKNOWN,27/06/2026,Capusle,200mg,10 capsules,Ghana,Suspicious
Glibenclamide,Chi Phamraceuticals Ltd,CUL2Xmf,6194728617467,BATCH-509,???,Syrup,N/A,30g tube,Nigeria,Suspicious
Instant Relief Caps,PharmaPlus International,H-24,dIjgdfBLKt5pu,IDbdUaR,14/08/2025,cream,50mg,1 tube,Pakistan,Suspicious
aRTEMETHER lUMEFANTRINE,swiss pharma nigeria ltd,FR-BTMV,0000000000000,ROUWJEy,12/12/2026,Cream,500mg/5ml,1 pack,Unknown,Suspicious
Lonart,Nigerian German Chemicals Plc,I8-5633,6190858877047,BT25-8519,2026-02-06,Powder,5mg,10 tablets,Nigeria,Genuine
Omeprazloe,NovaDrug Industries,NOT REGISTERED,yqdKqUFUWVupg,64,04/02/2026,Powder,200mg,30g tube,Nigeria,Suspicious
Metronidazol,GoodHealth Generics,O5-9029,0000000000000,iOiTtp,???,Sachet,50mg,20 tablets,India,Suspicious
Amatem,Swiss Pharma Nigeria Ltd,M1-3487,6193724501848,B24-9904,2029-04-22,Drops,400mg,20 tablets,Nigeria,Genuine
  Ampiclox ,Neimeth Internationa lPharmaceuticals,PENDING,6197988368636,??,UNKNOWN,Injection,200mg,10 tablets,Ghana,Suspicious
Flagy,CureFast Pharmaceuticals,-9306,2222222222222,N/A,26/12/2025,  Sachet ,,20 capsules,Ghana,Suspicious
Amoxicillin,Swiss Pharma Nigeria Ltd,U0-8807,6190026876810,BN26-0607,2029-11-04,Cream,20mg,1 vial,Nigeria,Genuine
Power Drug,Healwell Pharma Ltd,K-94,6199701815892,uCEy,2023-05-06,Caspule,100mg,100ml bottle,Ghana,Suspicious
Tetracycline,Neimeth International Pharmaceuticals,O2-7812,6190321450579,L26-7200,2026-10-10,Cream,5mg,200ml bottle,Nigeria,Genuine
  Prednisolone ,AlphaHealth Industries,F-65,6192473650036,78,N/A,  Sachet ,UNKNOWN,1 vial,Unknown,Suspicious
Ferrous Sulphate,Tuyil Pharmaceutical Industries,F5-7374,6192926933587,B26-6162,2026-04-28,Powder,250mg,200ml bottle,Nigeria,Genuine
  Doxycycline ,PharmaPlus International,  J6-1288 ,mZM4S3itebyEH,BATCH-982,2020-07-12,tABLET,5mg,10 capsules,China,Suspicious
ORS,MegaDrug Industries,O06-241,9QMFZxe3WbmxM,96,,TABLET,???,30g tube,Ghana,Suspicious
Tramadol,Bioraj Pharmaceuticals Ltd,C2-7191,6195742231967,LOT25-3708,2026-01-10,Tablet,100mg,100 tablets,Nigeria,Genuine
  Ceftriaxone ,FastRelief Drugs,PENDING,vcx0mSMejK9xs,63,UNKNOWN,  Drops ,50mg,N/A,Ghana,Suspicious
Tetracylcine,Fidson Healthcar ePlc,PENDING,49788,??,2020-03-28,Tbalet,125mg/5ml,1 vial,China,Suspicious
Multivitamin,Juhel Nigeria Ltd,D9-1532,6195348640101,LOT26-2343,2028-07-05,Injection,10mg,60ml bottle,Nigeria,Genuine
Furosemide,Pfizer Nigeria,L7-9981,6196543627188,L25-6852,2026-04-07,Cream,5mg,30 tablets,Nigeria,Genuine
gENTAMICIN,Dana Pharmaceuticals   Ltd ,V886N7,qMR21n6N6ksEz,89,,Tablet,400mg,200ml bottle,India,Suspicious
Panadol,MedExpress Ltd,JR-LOYY,36781752,BATCH-852,2023-07-09,Syrup,50mg,100ml bottle,Nigeria,Suspicious
AUGMENTIN,MedExpress Ltd,B4wNGMPT,qt8Hged36ORU6,BATCH-815,04/06/2026,Powder,100mg,20 tablets,Pakistan,Suspicious
Atnacid,QuickCure Labs,gop,971900002956162256,BATCH-707,20/05/2025,Drops,400mg,100ml bottle,Nigeria,Suspicious
Azithromycin,Neimeth International Pharmaceuticals,D4-8723,6196461368477,LOT26-8836,2027-07-01,Drops,250mg/5ml,60ml bottle,Nigeria,Genuine
Glibenclamide,Emzor Pharmaceutical Industries,C6-5445,6195104636812,LOT25-9882,2026-03-07,Powder,50mg,200ml bottle,Nigeria,Genuine
dOXYCYCLINE,PharmaFast Nigeria,MLAV3W,6196131525520,90,2021-11-26,  Powder ,20mg,1 pack,Ghana,Suspicious
Augmentin,GlaxoSmithKline Nigeria,G8-7562,6195890260123,L26-7233,2026-02-09,Suspension,10mg,20 tablets,Nigeria,Genuine
Lisinopril,Chi Pharmaceuticals Ltd,F2-2293,6199693792379,LOT25-4283,2026-08-10,Powder,100mg,20 tablets,Nigeria,Genuine
Amlodipine,GlaxoSmithKline Nigeria,V2-9757,6197153991560,L26-9306,2029-04-08,Injection,250mg,10 capsules,Nigeria,Genuine
  Vitamin  C,CHI PHARMACEUTICALS LTD,efb46SaTA,tS8sliB90sZbM,BATCH-237,,Injection,400mg,200ml bottle,China,Suspicious
Prednisolone,Pharma Deko Plc,D2-4117,6198595143463,B24-4042,2028-09-09,Tablet,500mg,30 tablets,Nigeria,Genuine
Amoxil,Sanofi Nigeria,D1-2042,6198623392207,L26-2057,2028-02-04,Ointment,1g,1 tube,Nigeria,Genuine
Almodipine,TopNotch Drugs Ltd,R5-721975,FR6TM2kGu5EcE,JUQQsOQ,2022-03-09,Drops,???,BULK,India,Suspicious
Erytrhomycin,Hovid Nigeria Ltd,E8-998972,72324644,N/A,2023-01-26,  Ointment ,N/A,100ml bottle,Unknown,Suspicious
Glibenclamide,Nigerian German Chemicals Plc,B9-8030,6192626582634,BN26-2169,2026-11-19,Ointment,500mg/5ml,5 vials,Nigeria,Genuine
Lonart,Evans Medical Plc,Z6-8715,6197418625650,BT25-0831,2028-08-15,Injection,200mg,10 capsules,Nigeria,Genuine
Ferrous Sulphate,Mopson Pharmaceutical Ltd,Z8-7955,6196525483740,LOT24-7470,2026-11-11,Powder,250mg,10 tablets,Nigeria,Genuine
Panadol,Drugfield Pharmaceuticals Ltd,S3-9570,6194308948707,L26-0949,2028-07-28,Ointment,400mg,20 tablets,Nigeria,Genuine
Spironolactone,Neimeth International Pharmaceuticals,P3-4847,6193433339527,BN24-1385,2029-10-01,Powder,500mg,100ml bottle,Nigeria,Genuine
MegaVit Plus,GoodHealth Generics,H3-958456,W5kAMbbcmNosL,BATCH-753,???,Capsule,100mg,BULK,Pakistan,Suspicious
Paracetmol,Fidson Healthcare Plc,K8-7574,6199928798725,UNKNOWN,N/A,injection,250mg/5ml,N/A,China,Suspicious
Vitamin C,SKG Pharma Ltd,C0-6504,6190805491470,L25-4511,2029-04-25,Cream,125mg/5ml,100 tablets,Nigeria,Genuine
ORS,Swiss Pharma Nigeria Ltd,A0-5011,6197917693679,L24-2517,2026-02-25,Ointment,200mg,30 tablets,Nigeria,Genuine
  Multivitamin ,  Juhel  Nigeria Ltd,  X3-2147 ,0000000000000,zFjU,26/08/2026,Sachet,UNKNOWN,20 tablets,India,Suspicious
Promethazine,Hovid Nigeria Ltd,A9-5381,6190244550226,B26-6666,2026-03-24,Tablet,250mg,1 tube,Nigeria,Genuine
Tetracycline,SKG Pharma Ltd,J3-9603,6194215031783,BN25-8292,2027-04-11,Drops,250mg/5ml,200ml bottle,Nigeria,Genuine
Ibuprofen,Chi Pharmaceuticals Ltd,S2-9021,6191296666767,BN24-8845,2027-12-12,Tablet,10mg,30g tube,Nigeria,Genuine
ORS,Mopson Pharmaceutical Ltd,R0-8107,6198828503170,BT24-5347,2026-12-07,Drops,200mg,1 vial,Nigeria,Genuine
oMEPRAZOLE,GoodHealth Generics,K-29,4342139579656280,UNKNOWN,2022-01-01,Ointmetn,125mg/5ml,5 vials,Ghana,Suspicious
paracetamol,Hovid Nigeri aLtd,PENDING,1111111111111,BATCH-615,UNKNOWN,  Capsule ,125mg/5ml,100ml bottle,Pakistan,Suspicious
Ceftriaxone,SKG Pharma Ltd,B0-3897,6198427624672,BN26-8137,2029-08-18,Syrup,5mg,10 tablets,Nigeria,Genuine
Atenolol,Pharma Deko Plc,C3-4225,6192541107608,B26-5577,2028-04-04,Drops,200mg,20 capsules,Nigeria,Genuine
LOPERAMIDE,TopNotch Drugs Ltd,SV-KJUD,q339EhaYQTOby,pMP,03/10/2025,Powedr,20mg,10 capsules,Unknown,Suspicious
Gentamicin,Chi Pharmaceuticals Ltd,F1-3865,6192427677461,BT25-1203,2029-01-04,Capsule,100mg,10 capsules,Nigeria,Genuine
Atenolol,May & Baker Nigeria Plc,F1-7816,6199797296599,BN26-2240,2029-08-04,Ointment,50mg,10 tablets,Nigeria,Genuine
Paracetamol,SKG Pharma Ltd,B5-8867,6198360914984,LOT24-7316,2027-05-25,Injection,400mg,100ml bottle,Nigeria,Genuine
  Amoxil ,CureFast Pharmaceuticals,I-64,0000000000000,29,N/A,suspension,200mg,10 tablets,Ghana,Suspicious
Instant Relief Caps,WonderDrug Co,pWfGahO,0000000000000,BATCH-763,2021-10-18,Ceram,10mg,60ml bottle,Unknown,Suspicious
Magic Cure Pill,SuperCure Pharma,J-85,0000000000000,BATCH-123,N/A,  Cream ,200mg,N/A,Unknown,Suspicious
Atenolol,Hovid Nigeria Ltd,J5-1380,6199022599990,L25-3445,2029-02-18,Ointment,200mg,100ml bottle,Nigeria,Genuine
Furosemide,May & Baker Nigeria Plc,W2-9498,6193857865275,,2028-11-25,Injection,1g,100ml bottle,Nigeria,Genuine
Vitaimn C,MedExpress Ltd,k41R,3333333333333,1,2020-06-26,  Syrup ,400mg,100 tablets,Unknown,Suspicious
Ferrous Sulphate,Juhel Nigeria Ltd,M2-8111,6190602908461,L26-9170,2028-12-24,Cream,10mg,10 tablets,Nigeria,Genuine
Ciprofloxacn,PharmaPlus International,I-70,VfAnMBRNFVXjR,54,18/06/2025,Drops,10mg,1 pack,Ghana,Suspicious
Diclofenac,Sanofi Nigeria,X4-3193,6197881658032,B26-2817,2027-08-06,Syrup,1g,1 vial,Nigeria,Genuine
  Furosemide ,MedLine Drugs Ltd,T0-6401,0334050,LctXlXAQ,26/10/2025,  Syrup ,,100 tablets,Unknown,Suspicious
Amoxicilin,WonderDrug Co,A2-914243,0000000000000,BATCH-673,2021-03-16,Syrup,500mg/5ml,1 tube,China,Suspicious
Folic Acid,HealthMax Pharma,  U2-7338 ,8066640599,??,2020-09-16,  Powder ,N/A,20 capsules,Ghana,Suspicious
Ibuprofen,Swiss Pharma Nigeria Ltd,Q3-4087,6198988816714,BN24-0384,2029-06-10,Cream,100mg,100ml bottle,Nigeria,Genuine
Doxycycline,GlaxoSmithKline Nigeria,T9-3996,6194065838723,L26-2530,2028-09-28,Capsule,100mg,30 tablets,Nigeria,Genuine
Tramadol,Sanofi Nigeria,T3-7749,6192165914385,B24-3974,2027-06-21,Cream,250mg/5ml,100 tablets,Nigeria,Genuine
Flagy,FastRelief Drugs,N/A,6666666666666,UNKNOWN,05/01/2025,Drops,100mg,5 vials,Nigeria,Suspicious
Multivitamin,Chi Pharmaceuticals Ltd,J7-5722,6191407034911,BN25-5110,2026-07-12,Tablet,500mg,10 capsules,Nigeria,Genuine
Amlodipine,Dana Pharmaceuticals Ltd,C9-2757,,L26-9407,2027-02-02,Cream,200mg,5 vials,Nigeria,Genuine
Azithromycin,HealthMax Pharma,C3-9193,398189,79,21/11/2025,Tablte,50mg,20 tablets,India,Suspicious
Amatem,Juhel Nigeria Ltd,Y5-7559,6191857906479,L26-2089,2028-10-04,Tablet,200mg,10 tablets,Nigeria,Genuine
Nifedipine,Neimeth International Pharmaceuticals,A0-8128,6192588576696,LOT25-0586,2027-02-18,Tablet,10mg,100 tablets,Nigeria,Genuine
Power Drug,Pahrma Deko Plc,CD-WXOG,6190564468539,tqWEc,07/12/2026,  Ointment ,???,BULK,Pakistan,Suspicious
Diclofenac,Evans Medical Plc,W2-8586,6190866882637,LOT24-5511,2026-08-28,Cream,250mg,200ml bottle,Nigeria,Genuine
Ferrous Sulphate,Hovid Nigeria Ltd,E2-1721,6196732318293,L24-7016,2026-12-25,Cream,50mg,30 tablets,Nigeria,Genuine
Vitamin C,NovaDrug Industries,KR6L5A,6194382039506,AxTrbq,UNKNOWN,Drops,250mg,100ml bottle,Unknown,Suspicious
Ciprofloxacin,Bioraj Pharmaceuticals Ltd,L1-9163,6194460045214,BT26-9978,2026-06-04,Capsule,400mg,30g tube,Nigeria,Genuine
Amoxicillin,MedExpress Ltd,6NPHVO,ryBLZZZfWIJgF,---,12/02/2025,Saceht,200mg,1 vial,Pakistan,Suspicious
Metronidazole,Mopson Pharmaceutical Ltd,K4-2191,6192151641196,LOT25-7116,2028-01-19,Capsule,1g,1 tube,Nigeria,Genuine
Promethazine,Emzor Pharmaceutical Industries,J7-2351,6192814429444,LOT24-1927,2027-10-24,Syrup,125mg/5ml,100ml bottle,Nigeria,Genuine
Flagy,FastRelief Drugs,k9m,6192055033004,CtP,???,dROPS,200mg,10 tablets,Nigeria,Suspicious
Vitamin C,Evans Medical Plc,N5-2476,6191131290140,B25-0275,2029-11-17,Syrup,50mg,100ml bottle,Nigeria,Genuine
gentamicin,Healwell Pharma Ltd,GZ36N3,0000000000000,BATCH-500,20/05/2025,SYRUP,125mg/5ml,1 vial,Unknown,Suspicious
Amlodipine,Juhel Nigeria Ltd,X8-9822,6190705326018,BN26-4050,2026-01-08,Powder,100mg,1 vial,Nigeria,Genuine
Metronidazole,GlaxoSmithKline Nigeria,B7-9316,6193567430008,BT26-6315,2026-09-16,Tablet,20mg,30g tube,Nigeria,Genuine
Vitamin C,Chi Pharmaceuticals Ltd,K9-1329,6192035713438,BT25-0973,2029-12-10,Syrup,400mg,30 tablets,Nigeria,Genuine
Folic Acid,Mopson Pharmaceutical   Ltd ,Y6-5380,64871300025546453347,BATCH-126,UNKNOWN,Injection,500mg,1 vial,Nigeria,Suspicious
pARACETAMOL,MegaDrug Industries,9TLCFROAlc,1070716,35,UNKNOWN,Tablet,125mg/5ml,100 tablets,China,Suspicious
Folic Acid,GlaxoSmithKline Nigeria,W5-3392,6192047277904,BN24-4293,2027-03-18,Sachet,5mg,60ml bottle,Nigeria,Genuine
  Amatem ,HealthMax Pharma,O6IBRG,A0keU4mljtLHD,---,2021-12-10,Suspension,400mg,30 tablets,India,Suspicious
Ranitidine,Drugfield Pharmaceuticals Ltd,T8-8921,6197694531478,BT25-9436,2029-06-01,Drops,10mg,30 tablets,Nigeria,Genuine
Ciprofloxacn,cHI pHARMACEUTICALS lTD,  D2-9453 ,4444444444444,BATCH-934,UNKNOWN,  Syrup ,10mg,1 pack,Ghana,Suspicious
Augmentin,Emzor Pharmaceutical Industries,L9-7185,6198519537743,B26-3076,2029-07-21,Suspension,100mg,1 vial,Nigeria,Genuine
Instant Relief Caps,CureFast Pharmaceuticals,B7-9408,FWuQu9KJgusZB,51,20/05/2026,Syrup,10mg,N/A,India,Suspicious
Ferrous Sulphate,Neimeth International Pharmaceuticals,T6-3011,6193674994653,L26-9982,2029-08-17,Injection,100mg,30g tube,Nigeria,Genuine
Amatem,Nigerian German Chemicals Plc,E6-4267,6198380657878,LOT26-8331,2028-07-09,Syrup,500mg,20 capsules,Nigeria,Genuine
Emzor Paracetamol,Nigerian German Chemicals Plc,V9-6273,6198669346547,L24-2363,2029-10-23,Powder,400mg,1 tube,Nigeria,Genuine
Folic Acid,Emzor Pharmaceutical Industries,Z9-3730,6198605210260,BT25-0740,2029-07-10,Powder,1g,10 tablets,Nigeria,Genuine
Ciprofloxacn,CureFast Pharmaceuticals,-5733,0000000000000,BATCH-080,2023-08-12,  Suspension ,250mg/5ml,BULK,Unknown,Suspicious
Promethazine,BioFix Pharmaceuticals,W2-6759,0000000000000,BATCH-020,23/07/2026,Sachet,500mg/5ml,1 pack,China,Suspicious
Artemether Lumefantrine,Dana Pharmaceuticals Ltd,G8-2903,6190595518425,L26-4931,2028-01-21,Tablet,10mg,100 tablets,Nigeria,Genuine
spironolactone,Healwell Pharma Ltd,K1-829392,395632,34,03/09/2025,Cream,500mg/5ml,30 tablets,Pakistan,Suspicious
LONART,BestPills International,f1-5620,1111111111111,BATCH-391,2023-08-01,Syrup,250mg,1 vial,Pakistan,Suspicious
loperamide,Sunrise Medications,-1370,6194905389057,BATCH-079,06/09/2025,Ointment,50mg,30g tube,China,Suspicious
Ibuprofen,Drugfield Pharmaceuticals Ltd,F4-2676,6192896599943,B26-7856,2027-03-01,Suspension,200mg,20 tablets,Nigeria,Genuine
Atenolol,Pharma Deko Plc,G7-8372,6198052924079,LOT25-3794,2029-07-22,Ointment,500mg/5ml,30g tube,Nigeria,Genuine
Vitamin C,BioFix Pharmaceuticals,-9234,6194408895932,ZYbG,14/01/2026,Syrup,250mg,100 tablets,Ghana,Suspicious
Diclofenac,Pharma Deko Plc,I5-3200,,BT26-1443,2028-03-18,Suspension,400mg,1 tube,Nigeria,Genuine
Augmenti,AlphaHealth Industries,  P0-9488 ,1111111111111,zeaa,,Tablet,400mg,100ml bottle,India,Suspicious
Erythromycin,MedLine Drugs Ltd,1LSJ75,0000000000000,N/A,2023-06-13,Syrup,???,1 vial,Nigeria,Suspicious
Ampiclox,Pharma Deko Plc,R6-2310,6192059438973,L24-7714,2028-01-04,Drops,50mg,20 capsules,Nigeria,Genuine
Instant Relief Caps,MedExpress Ltd,bwf,5555555555555,BATCH-718,2020-01-07,  Ointment ,400mg,10 capsules,China,Suspicious
Panado,AlphaHealth Industries,C-36,22901138,N/A,16/10/2026,  Drops ,20mg,10 tablets,China,Suspicious
Cotrimoxazole,Pharma Deko Plc,V1-9032,6197115921246,B26-9690,2028-07-20,Powder,400mg,100ml bottle,Nigeria,Genuine
Panadol,Sanofi Nigeria,Y0-3403,6192784699731,BT26-5287,2028-10-26,Injection,20mg,1 tube,Nigeria,Genuine
Gilbenclamide,SGK Pharma Ltd,NOT REGISTERED,cNKiDz3McOtWM,BATCH-436,N/A,Suspension,20mg,60ml bottle,Unknown,Suspicious
Vitamin C,Sanofi Nigeria,V2-6731,6194629148657,BT26-8724,2026-11-22,Ointment,5mg,20 capsules,Nigeria,Genuine
Erythromycin,Pharma Deko Plc,F5-4517,6192447209994,BT26-4935,2029-07-18,Drops,500mg,20 tablets,Nigeria,Genuine
Instant Relief Caps,PharmaFast Nigeria,Y5-210982,eLTu2eT86pEAl,ZKvbKuDn,04/04/2026,CREAM,125mg/5ml,30g tube,China,Suspicious
MegaVit Plus,neimeth international pharmaceuticals,q3-5213,6197151547462,yGU,???,tablet,400mg,20 capsules,Nigeria,Suspicious
  Erythromycin ,Fidson Healthcare   Plc ,TA-IIQJ,ky8xU5689Efqb,BATCH-866,09/06/2026,Ointment,500mg,10 tablets,China,Suspicious
Panado,  Chi  Pharmaceuticals Ltd,E6-273219,0000000000000,BATCH-821,2021-05-12,Scahet,250mg/5ml,100ml bottle,India,Suspicious
Chlorpheniramine,GlaxoSmithKline Nigeria,H4-3310,6191388209087,B24-0209,2029-01-12,Suspension,400mg,1 vial,Nigeria,Genuine
Ferrous Sulphate,May & Baker Nigeria Plc,K0-7643,6191387829316,BN26-2419,2029-11-01,Drops,1g,10 tablets,Nigeria,Genuine
Doxycycline,Juhel Nigeria Ltd,Z8-5377,6190449972786,L25-5546,2029-08-11,Suspension,250mg/5ml,100 tablets,Nigeria,Genuine
Flagyl,AlphaHealth Industries,N/A,0000000000000,BATCH-649,???,Ointment,5mg,10 tablets,Ghana,Suspicious
Paracetmol,Sanof iNigeria,N4-241800,6192943610904,34,02/11/2025,Injection,1g,1 pack,Nigeria,Suspicious
Ranitidine,SKG Pharma Ltd,F5-7125,6198777496905,BT24-3425,2029-04-13,Suspension,400mg,60ml bottle,Nigeria,Genuine
Lisinopril,Mopson Pharmaceutical Ltd,R0-4845,6195118718139,BT25-9444,2028-11-14,Capsule,125mg/5ml,60ml bottle,Nigeria,Genuine
Tramadol,SKG Pharma Ltd,O4-7256,6198862392402,L25-9185,2026-12-28,Powder,250mg,10 capsules,Nigeria,Genuine
Lonart DS Extra,SuperCure Pharma,B5-7951,424532065432614340,62,2022-03-27,INJECTION,250mg,30 tablets,India,Suspicious
Panado,PharmaPlus International,IV-CYEW,21288669059469984,69,,Powdre,250mg,5 vials,China,Suspicious
Tramadol,Nigerian German Chemicals Plc,Y4-9576,6196287203198,LOT25-1992,2029-07-13,Injection,10mg,10 tablets,Nigeria,Genuine
  Ibuprofen ,DrugKing Industries,CB4YHB,158878,BATCH-047,26/06/2025,  Injection ,50mg,1 tube,Nigeria,Suspicious
Cotrmioxazole,PharmaFast Nigeria,NONE,6192277773313,N/A,13/05/2026,Tablet,500mg,60ml bottle,Pakistan,Suspicious
Diazepma,fIDSON hEALTHCARE pLC,Q6-8031,23214252611978925946,BATCH-426,12/12/2025,Syrpu,125mg/5ml,200ml bottle,India,Suspicious
Promethazine,Dana Pharmaceuticals Ltd,K3-6006,6190018167780,LOT26-1197,2029-06-06,Injection,400mg,10 capsules,Nigeria,Genuine
Nifedipine,GlaxoSmithKline Nigeria,Y2-6096,6191904966319,B26-4078,2026-12-25,Injection,125mg/5ml,1 vial,Nigeria,Genuine
Diazepam,Emzor Pharmaceutical Industries,A5-8616,6197950017326,LOT26-0301,2026-08-07,Sachet,50mg,20 tablets,Nigeria,Genuine
Artemether Lumefantrine,MegaDrug Industries,6rzT,nRvRm61xpjrei,UNKNOWN,2022-01-17,CREAM,500mg/5ml,100ml bottle,China,Suspicious
Ciprofloxacn,Tuyil Pharmaceutical Industries,5MHSBD,52664267,48,2021-08-06,Injcetion,50mg,100ml bottle,Unknown,Suspicious
Multivitamin,Emzor Pharmaceutical Industries,F3-8068,6192192158189,B25-0170,2028-10-04,Ointment,250mg,30g tube,Nigeria,Genuine
Lonart,SKG Pharma Ltd,I3-1348,6196881164031,LOT24-9777,2026-09-16,Suspension,5mg,100ml bottle,Nigeria,Genuine
Loperamide,Chi Pharmaceuticals Ltd,C4-6952,6195112747470,BT24-9418,2029-01-12,Injection,20mg,60ml bottle,Nigeria,Genuine
amlodipine,GlaxoSmithKline   Nigeria ,PMStTzRH,6195537582687,93,UNKNOWN,Tablet,200mg,200ml bottle,Pakistan,Suspicious
Nifdeipine,PharmaPlus International,U245MR,0000000000000,XbUnQYQv,,Syrup,125mg/5ml,N/A,Ghana,Suspicious
  Vitamin  C,MedLine Drugs Ltd,W4PYX3,tf3ASfDCjLka3,N/A,N/A,Cream,250mg/5ml,10 capsules,India,Suspicious
  Augmentin ,MedLine Drugs Ltd,OVVT2I,cxDs1AKpXfpmH,73,2021-01-03,  Capsule ,500mg,30g tube,India,Suspicious
Diclofenac,GlaxoSmithKline Nigeria,O1-3522,6197484677379,B24-6384,2027-10-17,Syrup,250mg,10 capsules,Nigeria,Genuine
Tramadol,SKG Pharma Ltd,OQ-VUAO,14286,N/A,06/06/2025,Cream,125mg/5ml,5 vials,Nigeria,Suspicious
Furosemide,Emzor Pharmaceutical Industries,W9-7415,6199029593915,L24-5525,2026-04-12,Cream,100mg,5 vials,Nigeria,Genuine
Furosemide,Bioraj Pharmaceuticals Ltd,Y4-8617,6198189137182,B25-0964,2028-09-25,Tablet,50mg,100ml bottle,Nigeria,Genuine
Cotrimoxazole,Evans Medical Plc,O2-2848,6193074235912,LOT24-6404,2026-05-02,Injection,125mg/5ml,200ml bottle,Nigeria,Genuine
Azithromycin,Hovid Nigeria Ltd,F6-8158,6191287585756,L25-6989,2029-08-01,Powder,500mg,30g tube,Nigeria,Genuine
,HealthMax Pharma,AAYE8S,6195133157920,jmweKHa,27/03/2026,capsule,500mg/5ml,20 tablets,Ghana,Suspicious
Loperamide,Drugfield Pharmaceuticals Ltd,Q5-7088,6199224839580,B25-7835,2029-04-11,Syrup,100mg,200ml bottle,Nigeria,Genuine
Amoixl,QuickCure Labs,-2815,mVSgdxmtmZHTi,25,N/A,Supsension,1g,5 vials,India,Suspicious
Ferrous Sulphate,Sanofi Nigeria,P3-8285,6191122299077,L25-7144,2026-12-17,Cream,125mg/5ml,200ml bottle,Nigeria,Genuine
Emzor Paracetamol,Nigerian German Chemicals Plc,W0-4927,6192484137687,BN25-1353,2026-09-25,Cream,20mg,100ml bottle,Nigeria,Genuine
Loperamide,Swiss Pharma Nigeria Ltd,A5-6902,6195657490251,BN25-2558,2026-02-20,Suspension,500mg/5ml,20 capsules,Nigeria,Genuine
Furosemide,HealthMax Pharma,J7-8391,6666666666666,BATCH-223,???,capsule,400mg,20 tablets,Nigeria,Suspicious
Coartem,Hovid Nigeria Ltd,F5-4338,6191106092090,B24-9468,2029-01-24,Syrup,50mg,5 vials,Nigeria,Genuine
Augmentin,Sanofi Nigeria,B2-6237,6197252045652,BN25-4878,2026-09-07,Syrup,500mg/5ml,20 tablets,Nigeria,Genuine
  Amoxicillin ,AlphaHealth Industries,-8334,9529055095,UNKNOWN,N/A,Powdre,400mg,30g tube,Unknown,Suspicious
Emzor Paracetamol,Chi Pharmaceuticals Ltd,W4-9295,6191569857007,BT26-7364,2027-01-13,Suspension,125mg/5ml,10 capsules,Nigeria,Genuine
ORS,Juhel Nigeria Ltd,X3-9759,6197584282411,L24-4337,2027-11-11,Capsule,200mg,20 capsules,Nigeria,Genuine
  Ibuprofen ,PharmaPlus International,y7-9709,175438,Updp,23/08/2025,  Ointment ,10mg,5 vials,India,Suspicious
Augmenti,GoodHealth Generics,U6-869297,6199670447773,bPRyW,2022-12-01,Capusle,1g,200ml bottle,Pakistan,Suspicious
LONART,  Pfizer  Nigeria,B-21,IkGLINSJQswlZ,DEAdlqYL,,Capsule,400mg,100ml bottle,Unknown,Suspicious
Folic Acid,Nigerian German Chemicals Plc,M6-8130,6198327238658,L24-4826,2027-03-01,Capsule,125mg/5ml,10 tablets,Nigeria,Genuine
  Coartem ,MegaDrug Industries,AQ-MGHF,0000000000000,HYMY,2021-12-12,Onitment,500mg/5ml,20 capsules,Pakistan,Suspicious
Flagyl,Chi Pharmaceuticals Ltd,Y4-9215,6199056708672,BN24-9917,2026-01-22,Injection,200mg,60ml bottle,Nigeria,Genuine
Augmentin,Evans Medical Plc,S1-3413,6197113072407,L26-8798,2029-06-09,Capsule,5mg,20 tablets,Nigeria,Genuine
Lonart DS Extra,CureFast Pharmaceuticals,J4gU,6195676776190,BATCH-157,2023-01-19,  Syrup ,UNKNOWN,1 vial,India,Suspicious
ORS,Fidson Healthcare Plc,Z7-7020,6192071678111,BT25-6663,2026-12-06,Capsule,10mg,100 tablets,Nigeria,Genuine
Azithromycin,GoodHealth Generics,Y0-277600,6190284655929,BqCQUTGU,2023-05-12,Suspension,100mg,20 tablets,China,Suspicious
Erythromycin,PFIZER NIGERIA,L3-4762,qrKtf1uY3Kl1R,5,2022-03-13,Injection,125mg/5ml,5 vials,Ghana,Suspicious
Ibuprofen,Swiss Pharma Nigeria Ltd,X8-2797,6191659930207,BT24-3505,2026-05-23,Syrup,200mg,30 tablets,Nigeria,Genuine
Metronidazole,Bioraj Pharmaceuticals Ltd,S8-3415,6191722332068,BN26-7233,2027-11-05,Sachet,400mg,20 capsules,Nigeria,Genuine
Spironolactone,Sanofi Nigeria,M3-5994,6198079705095,L25-4988,2028-02-01,Cream,250mg/5ml,30 tablets,Nigeria,Genuine
Flagy,Mopson Pharmaceutical Ltd,9O2EE7,6190706594805,BATCH-910,,Dorps,50mg,20 tablets,China,Suspicious
Paracetamol,NovaDrug Industries,e8JkR0TRL,ORnUEVFKbtDDY,50,14/01/2026,  Injection ,250mg/5ml,60ml bottle,Pakistan,Suspicious
Diclofenac,Neimeth International Pharmaceuticals,W9-8790,6194014890253,BN24-9717,2027-12-27,Ointment,250mg,10 capsules,Nigeria,Genuine
Multivitamin,Fidson Healthcare Plc,U0-9497,6193583286344,BT25-5531,2029-04-18,Suspension,500mg,10 tablets,Nigeria,Genuine
Ceftriaxone,Sunrise Medications,S-82,0000000000000,BATCH-111,17/06/2026,tablet,100mg,10 tablets,India,Suspicious
chlorpheniramine,GoodHealth Generics,I0-4774,03793061,7,2022-06-17,  Syrup ,400mg,100 tablets,Unknown,Suspicious
Augmenti,Juehl Nigeria Ltd,pBQeD,0000000000000,N/A,2023-03-12,Ointment,UNKNOWN,100 tablets,Nigeria,Suspicious
Lonart DS Extra,Fidson Healthcare Plc,J-28,6195594698901,UNKNOWN,2021-08-24,sYRUP,???,100 tablets,Unknown,Suspicious
Metronidazole,Chi Pharmaceuticals Ltd,V3-8852,6194167872564,B26-6470,2027-02-04,Tablet,100mg,30 tablets,Nigeria,Genuine
Loperamide,SKG Pharma Ltd,T5-2075,6193711624116,BT25-1935,2027-08-05,Suspension,5mg,5 vials,Nigeria,Genuine
Gentamicin,Tuyil Pharmaceutical Industries,I5-9336,6194760944125,B24-3687,2027-08-05,Capsule,250mg/5ml,200ml bottle,Nigeria,Genuine
Furosemide,GlaxoSmithKline Nigeria,I3-8483,6194470120451,LOT25-1998,2026-01-01,Syrup,125mg/5ml,5 vials,Nigeria,Genuine
Hydrocortisone,Hovid Nigeria Ltd,L1-4400,6198544577028,B26-2831,2028-10-14,Ointment,500mg/5ml,10 tablets,Nigeria,Genuine
Ranitidine,Tuyil Pharmaceutical Industries,C8-9830,6191312920873,LOT24-0741,2027-10-07,Syrup,250mg,200ml bottle,Nigeria,Genuine
Artemether   Lumefantrine ,DrugKing Industries,M2-7057,36127698762295794,??,02/09/2025,Sachet,N/A,100 tablets,Unknown,Suspicious
Tetracycline,Evans Medical Plc,G6-5118,6195970108222,BN25-8536,2026-02-08,Drops,1g,1 vial,Nigeria,Genuine
Vitamin B Compelx,DrugKing Industries,-3690,dsyw2iYYgxEhn,BATCH-768,UNKNOWN,Cream,10mg,20 capsules,Unknown,Suspicious
Coartem,Fidson Healthcare Plc,M8-8118,6192278376933,B26-8689,2027-04-03,Injection,500mg/5ml,60ml bottle,Nigeria,Genuine
Amoxicilin,NovaDrug Industries,Q5-4157,6666666666666,85,24/03/2025,Craem,20mg,100ml bottle,Pakistan,Suspicious
  Diazepam ,WonderDrug Co,W30Y28,6190434010264,BATCH-333,14/11/2026,Cream,20mg,10 capsules,Pakistan,Suspicious
Azithromycin,Fidson Healthcare Plc,K9-8033,6199664160527,B25-6028,2026-07-28,Capsule,200mg,60ml bottle,Nigeria,Genuine
cOTRIMOXAZOLE,pfizer nigeria,fvqY,6196278908804,UNKNOWN,2020-03-22,Capsule,125mg/5ml,10 capsules,Pakistan,Suspicious
AMPICLOX,FastRelief Drugs,4GMA4I,0000000000000,??,19/12/2025,  Tablet ,100mg,1 pack,Unknown,Suspicious
Loanrt,CureFast Pharmaceuticals,Y5-148218,4jExP5LmJrA26,---,02/08/2026,Sachet,250mg/5ml,5 vials,Unknown,Suspicious
Omeprazole,Hovid Nigeria Ltd,W1-7643,6190930685386,B24-7450,2027-11-25,Powder,200mg,30 tablets,Nigeria,Genuine
Power Drug,TopNotch Drugs Ltd,W4-292669,bJvnaBDTiMRiy,BATCH-684,UNKNOWN,Syrup,500mg/5ml,10 tablets,China,Suspicious
CHLORPHENIRAMINE,Sunrise Medications,  H3-9553 ,kku9xEbKR5YcS,piriE,2022-06-13,  Drops ,50mg,1 tube,Nigeria,Suspicious
MegaVit Plus,Bioraj Pharmaceuticals Ltd,y5-4026,6197487700784,hmreeHOR,,Syrup,???,20 tablets,Pakistan,Suspicious
Multiviatmin,HealthMax Pharma,NDY696,6192030695166,BATCH-401,???,  Tablet ,200mg,10 capsules,Ghana,Suspicious
Cotrimoxazole,May & Baker Nigeria Plc,R2-8201,6191721733736,B26-9644,2027-01-11,Syrup,100mg,30 tablets,Nigeria,Genuine
Ferrous Sulphate,Sanofi Nigeria,S5-5909,6196521707307,BT26-3872,2029-10-07,Suspension,50mg,1 tube,Nigeria,Genuine
  Ranitidine ,HealthMax Pharma,-9769,5555555555555,58,18/11/2025,Syrup,200mg,BULK,Pakistan,Suspicious
Tetracycline,Pharma Deko Pcl,Y0EAP5,6198606734765,N/A,27/10/2026,sUSPENSION,250mg/5ml,30 tablets,Ghana,Suspicious
Omeprazole,Tuyil Pharmaceutical Industries,M9-3248,6197517588917,LOT26-4494,2028-05-20,Powder,200mg,20 capsules,Nigeria,Genuine
Doxycycline,Bioraj Pharmaceuticals Ltd,G4-4015,6190165423562,L25-8873,2027-12-14,Cream,250mg/5ml,1 vial,Nigeria,Genuine
Metrnoidazole,HealthMax Pharma,N6-938402,0000000000000,??,2023-04-16,CAPSULE,500mg/5ml,100ml bottle,Nigeria,Suspicious
Amoxil,Chi Pharmaceuticals Ltd,A5-8636,6195639836527,BN24-7343,2028-09-07,Tablet,1g,10 capsules,Nigeria,Genuine
aZITHROMYCIN,PharmaPlus International,674tqNh4,18011308523156823428,BATCH-997,2022-07-06,Ointment,100mg,100ml bottle,China,Suspicious
Amlodipine,Nigerian German Chemicals Plc,FO2HJ,0000000000000,N/A,2023-10-02,injection,10mg,200ml bottle,Unknown,Suspicious
Amatem,PharmaPlus International,O2-4590,7412081,wEAi,2022-01-10,Suspension,50mg,1 tube,Nigeria,Suspicious
Chloroquine,Tuyil Pharmaceutical Industries,B5-1462,6192497243993,BT24-2012,2026-11-23,Ointment,20mg,1 tube,Nigeria,Genuine
Atenolol,Swiss Pharma Nigeria Ltd,L9-8758,6191075633539,LOT26-7901,2028-09-11,Sachet,500mg/5ml,20 capsules,Nigeria,Genuine
Doxycycline,Evans Medical Plc,T8-6771,6196012562538,BN24-6189,2028-03-25,Cream,250mg,10 tablets,Nigeria,Genuine
Panadol,SKG Pharma Ltd,T8-1811,6195950310065,LOT26-3642,2028-12-01,Suspension,250mg/5ml,1 vial,Nigeria,Genuine
Lopreamide,TopNotch Drugs Ltd,L9-8126,5056693,??,02/03/2026,Syrup,UNKNOWN,30 tablets,Unknown,Suspicious
MegaVit Plus,GoodHealth Generics,X2-112441,793741587199425,rDISrXUP,2022-06-23,Powder,???,100ml bottle,Unknown,Suspicious
Multivitamin,,L6-8054,6195939836845,LOT25-7431,2029-01-24,Tablet,400mg,1 vial,Nigeria,Genuine
Folic Acid,Emzor Pharmaceutical Industries,W5-4502,6197953816490,BT26-3662,2026-09-09,Sachet,500mg/5ml,5 vials,Nigeria,Genuine
Multivitamin,May & Baker Nigeria Plc,C8-7338,6197740378422,BT26-3275,2028-05-19,Cream,200mg,10 tablets,Nigeria,Genuine
Tetracycline,Chi Pharmaceuticals Ltd,P6-4449,6196556472928,B26-3844,2026-12-09,Suspension,5mg,60ml bottle,Nigeria,Genuine
Ferrous Sulphate,Emzor Pharmaceutical Industries,P3-4069,6191464493690,B26-5947,2026-07-16,Sachet,200mg,100 tablets,Nigeria,Genuine
Amoxicillin,Pfizer Nigeria,P6-3184,6196374845393,B25-2463,2028-01-20,Tablet,250mg/5ml,30g tube,Nigeria,Genuine
Prednisolone,Pfizer Nigeria,O2-4983,6192002496852,LOT26-8966,2027-03-16,Injection,1g,20 capsules,Nigeria,Genuine
Ceftriaxone,Mopson Pharmaceutical Ltd,Q3-4834,6193647704135,BN26-0304,2026-06-07,Powder,125mg/5ml,60ml bottle,Nigeria,Genuine
Paracetmol,PharmaPlus International,Y1-751646,6190723461500,BATCH-174,,SACHET,250mg,10 capsules,India,Suspicious
Chloroquine,Drugfield Pharmaceuticals Ltd,Z2-6947,6197540900342,B25-5167,2028-11-04,Powder,200mg,100ml bottle,Nigeria,Genuine
Ciprofloxacin,SKG Pharma Ltd,I3-1615,6194350238504,BT24-9260,2028-07-13,Cream,100mg,100ml bottle,Nigeria,Genuine
,HealthMax Pharma,NONE,4444444444444,BATCH-368,N/A,Sryup,250mg/5ml,1 vial,Unknown,Suspicious
Diazepam,Pfizer Nigeria,T1-1741,6191576764725,BT26-9759,2026-03-01,Sachet,1g,20 capsules,Nigeria,Genuine
Cotrimoxazole,Chi Pharmaceuticals Ltd,K9-1565,6194599080278,BN24-2392,2027-02-17,Syrup,250mg/5ml,100 tablets,Nigeria,Genuine
prednisolone,MedExpress Ltd,A-32,6197217931624,BATCH-083,2023-08-20,sachet,1g,100ml bottle,Ghana,Suspicious
Glibenclamide,Dana Pharmaceuticals Ltd,S7-3666,6198339121870,BN25-2674,2027-03-17,Powder,500mg,1 tube,Nigeria,Genuine
Metronidazole,SKG Pharma Ltd,Z9-4084,6195978207156,BN26-2927,2026-04-23,Drops,50mg,200ml bottle,Nigeria,Genuine
Aamtem,TopNotch Drugs Ltd,Z5-9246,5744509998,UNKNOWN,2022-06-25,Susepnsion,N/A,100 tablets,Nigeria,Suspicious
Spironolactone,Pharma Deko Plc,L0-5355,6198014138117,BT26-6413,2027-04-17,Suspension,1g,5 vials,Nigeria,Genuine
Amatem,Emzor Pharmaceutical Industries,S0-9138,6194395339426,BN26-0745,2028-08-02,Sachet,10mg,1 tube,Nigeria,Genuine
Promethazine,May & Baker Nigeria Plc,A2-9283,6197721753545,BN26-3748,2029-07-27,Suspension,250mg,100ml bottle,Nigeria,Genuine
Vitamin CC,BioFix Pharmaceuticals,IPG9MX,6199862254684,UNKNOWN,???,  Ointment ,50mg,1 tube,Unknown,Suspicious
Spironolactone,Chi Pharmaceuticals Ltd,W3-4741,6197209484138,BN24-8661,2028-01-07,Suspension,200mg,1 vial,Nigeria,Genuine
Amoxicillin,Evans Medical Plc,N8-3163,6197567043107,BT26-5603,2029-10-11,Cream,50mg,1 vial,Nigeria,Genuine
Amatem,QuickCure Labs,UK-IMPV,6194442022486,33,???,  Suspension ,N/A,100ml bottle,Unknown,Suspicious
Folic Acid,Chi Pharmaceuticals Ltd,Q5-5523,6197815061853,BT26-0683,2026-04-05,Sachet,20mg,100 tablets,Nigeria,Genuine
Metformin,SKG Pharma Ltd,-8031,BU5Ez9IxG9ntc,8,21/11/2025,Drops,,100 tablets,Ghana,Suspicious
Paandol,QuickCure Labs,  Z6-4166 ,693287927462268975,12,2022-03-22,iNJECTION,???,10 capsules,Ghana,Suspicious
,Mopson Pharmaceutical Ltd,P5-625950,0000000000000,N/A,2022-11-21,capsule,10mg,100ml bottle,China,Suspicious
Augmenti,HealthMax Pharma,ZQ8DAY,8888888888888,17,2023-05-16,  Drops ,???,5 vials,China,Suspicious
Glibenclamide,Tuyil Pharmaceutical Industries,D2-2471,6192413936961,L26-9382,2029-07-02,Sachet,5mg,100ml bottle,Nigeria,Genuine
Cholroquine,MedExpress Ltd,M-94566,14012833195589799035,N/A,16/02/2026,TABLET,250mg/5ml,N/A,Pakistan,Suspicious
Antacid,Evans Medical Plc,Z2-6368,6193042897319,L26-1162,2027-09-13,Powder,10mg,100ml bottle,Nigeria,Genuine
Spironolactone,,EAPFJ6,7777777777777,??,2023-02-12,Cream,50mg,100 tablets,Nigeria,Suspicious
Ciprofloxacn,MegaDrug Industries,kC1Zauqg,6192387351869,??,16/05/2025,  Suspension ,250mg/5ml,30 tablets,Pakistan,Suspicious
Ampiclox,Swiss Pharma Nigeria Ltd,B3-8053,6198499515427,BN25-4586,2029-08-08,Syrup,400mg,10 capsules,Nigeria,Genuine
Erythromycin,May & Bkaer Nigeria Plc,S-11,9999999999999,42,UNKNOWN,Drops,20mg,20 tablets,China,Suspicious
Total Cure Tablets,Healwell Pharma Ltd,JC-HUHE,3107722,72,09/10/2026,Powder,20mg,30g tube,Unknown,Suspicious
Amoxicilin,SuperCure Pharma,2VXO3P,0000000000000,VURcE,07/03/2025,Drosp,250mg,10 tablets,Ghana,Suspicious
Amlodipine,Swiss Pharma Nigeria Ltd,X5-6252,6194218808795,B24-6777,2027-11-08,Injection,250mg/5ml,20 tablets,Nigeria,Genuine
Nifedipine,Nigerian German Chemicals Plc,Q3-2724,6195893571264,L24-1611,2026-07-05,Drops,200mg,100ml bottle,Nigeria,Genuine
aMOXICILLIN,MegaDrug Industries,U1-6219,gLlywp8motRws,N/A,2022-02-13,injection,N/A,20 tablets,Ghana,Suspicious
Vitamin B Complex,Pharma Deko Plc,W7-3601,6199949387434,BN24-7402,2026-07-20,Suspension,5mg,20 capsules,Nigeria,Genuine
Amlodipine,GlaxoSmithKline Nigeria,V8-5423,6199926189143,BN24-8254,2027-10-07,Injection,5mg,100 tablets,Nigeria,Genuine
Super Paracetamol,Healwell Pharma Ltd,T9-2393,chlXX1U6oYMIl,---,2020-12-14,Syrup,125mg/5ml,5 vials,Ghana,Suspicious
Ferrous Sulphate,GlaxoSmithKline Nigeria,L4-9237,6190940476042,LOT26-1037,2026-12-16,Sachet,125mg/5ml,100ml bottle,Nigeria,Genuine
PANADOL,MedLine Drugs Ltd,1YNS3B,0930548473,BATCH-486,2021-05-27,Ceram,200mg,1 tube,Nigeria,Suspicious
Erythromycin,Chi Pharmaceuticals Ltd,V6-9724,6190408509541,B24-0548,2028-12-27,Sachet,20mg,60ml bottle,Nigeria,Genuine
Amlodipine,Pfizer Nigeria,S6-5319,6193385324725,LOT26-1043,2028-09-08,Suspension,200mg,10 capsules,Nigeria,Genuine
aMOXIL,PharmaPlus International,L8-416575,44157,70,2022-12-07,  Ointment ,UNKNOWN,30g tube,Nigeria,Suspicious
Promethazine,Mopson Pharmaceutical Ltd,O2-8242,6199083350905,BT25-4209,2027-06-15,Suspension,125mg/5ml,10 tablets,Nigeria,Genuine
  Atenolol ,BioFix Pharmaceuticals,vveNAcL4,11745553706272816,UNKNOWN,2023-05-13,CAPSULE,125mg/5ml,BULK,India,Suspicious
Chloroquine,Neimeth International Pharmaceuticals,Z9-6744,6199629233099,LOT26-4705,2027-06-23,Injection,400mg,1 vial,Nigeria,Genuine
  Diclofenac ,DrugKing Industries,-7762,zyFEmgLxjjWNd,17,2020-03-08,  Injection ,500mg/5ml,1 pack,Unknown,Suspicious
Erythromycin,Fidson Healthcare Plc,R4-6925,6199310341317,L25-7528,2028-03-12,Cream,200mg,5 vials,Nigeria,Genuine
Artemether Lumefantrine,HealthMax Pharma,TJ-XCIL,814980253084376992,??,10/08/2026,Sryup,1g,20 capsules,China,Suspicious
Magic Cure Pill,Healwell Pharma Ltd,Y4-6594,QxD34B6YFwCuX,gzUIgnPE,2023-05-07,  Sachet ,5mg,200ml bottle,Unknown,Suspicious
Instant Relief Caps,Dana Pharmaceuticals Ltd,NOT REGISTERED,6192800417707,UNKNOWN,23/07/2025,  Suspension ,200mg,100ml bottle,Ghana,Suspicious
Chlorpheniramine,Fidson Healthcare Plc,E3-5968,6197851961063,LOT25-2965,2029-12-19,Syrup,200mg,30 tablets,Nigeria,Genuine
  Coartem ,Bioraj   Pharmaceuticals  Ltd,QNTPAP,nwDPnUWyTQthC,bPweR,12/02/2025,Tablet,???,200ml bottle,China,Suspicious
Amoldipine,GlaxoSmithKline   Nigeria ,D3-945872,6193659050411,UNKNOWN,05/03/2025,injection,???,1 pack,Nigeria,Suspicious
Cotrimoxazole,Mopson Pharmaceutical Ltd,A1-8058,6197318826171,BN24-4198,2027-08-13,Cream,400mg,20 capsules,Nigeria,Genuine
Atenolol,Dana Pharmaceuticals Ltd,E0-7436,6197998136461,BT24-5607,2026-08-19,Tablet,5mg,60ml bottle,Nigeria,Genuine
Lonart,Mopson Pharmaceutical Ltd,C3-5654,6192284993902,B26-3058,2029-02-08,Drops,125mg/5ml,20 tablets,Nigeria,Genuine
Ceftriaxone,Pfizer Nigeria,U8-7646,6193210613390,LOT26-3611,2028-06-15,Tablet,125mg/5ml,5 vials,Nigeria,Genuine
Chloroquine,Fidson Healthcare Plc,K9-5751,6198989596547,L26-7220,2027-05-11,Injection,400mg,1 tube,Nigeria,Genuine
Augmentin,Drugfield Pharmaceuticals Ltd,G8-1731,6197017656369,BN24-4205,2026-12-05,Cream,125mg/5ml,1 tube,Nigeria,Genuine
Nifedipine,Emzor Pharmaceutical Industries,B3-9673,6194576205557,LOT24-8312,2028-01-21,Injection,20mg,10 tablets,Nigeria,Genuine
Nifedipine,Evans Medical Plc,G2-9475,6193096520744,LOT25-6728,2029-12-02,Sachet,250mg/5ml,1 vial,Nigeria,Genuine
Chlorpheniramine,GlaxoSmithKline Nigeria,E8-8479,6198848699969,B26-8529,2027-12-20,Tablet,400mg,20 capsules,Nigeria,Genuine
Folic Acid,Juhel Nigeria Ltd,U4-5382,6199647598767,BT24-0478,2027-12-08,Injection,250mg/5ml,1 tube,Nigeria,Genuine
Nifedipine,GlaxoSmithKline Nigeria,C5-9247,6194886008015,L26-8558,2029-08-23,Drops,5mg,30 tablets,Nigeria,Genuine
Emzor Paracetamol,Pfizer Nigeria,K6-3177,6195257150999,L25-8472,2027-09-19,Tablet,200mg,10 tablets,Nigeria,Genuine
Lonart,Evans Medical Plc,N7-6331,6193612751560,BT25-8114,2029-11-08,Tablet,400mg,10 capsules,Nigeria,Genuine
Amatem,Chi Pharmaceuticals Ltd,P3-8178,6192037638821,BN25-6175,2028-12-04,Injection,125mg/5ml,200ml bottle,Nigeria,Genuine
Vitamin B Complex,NovaDrug Industries,Q1-2452,6193899906820,NHa,2023-08-12,SUSPENSION,500mg/5ml,100ml bottle,Ghana,Suspicious
Super Paracetamol,,U1-3363,6196428125983,51,2020-08-27,Injection,5mg,5 vials,Pakistan,Suspicious
Amoxil,Bioraj Pharmaceuticals Ltd,A3-1852,6195690674472,BN25-4159,2027-12-17,Syrup,200mg,10 capsules,Nigeria,Genuine
Antacid,Pfizer Nigeria,O2-2153,6195406417690,BT26-8083,2028-04-17,Capsule,250mg,1 tube,Nigeria,Genuine
Lisinopril,Bioraj Pharmaceuticals Ltd,O7-6922,6198030468755,BN25-3288,2028-02-19,Tablet,250mg/5ml,100 tablets,Nigeria,Genuine
Ibuprofen,Swiss Pharma Nigeria Ltd,S8-4314,6192482629252,BN26-8832,2026-03-11,Syrup,,10 tablets,Nigeria,Genuine
Panadol,NovaDrug Industries,ePdDmQYSyw,WRyfODs3fXqaY,eVsETt,12/12/2026,Inejction,20mg,30 tablets,Pakistan,Suspicious
  Chlorpheniramine ,May & Baker Nigeria Plc,D9-3646,6197750461626,87,UNKNOWN,Suspension,UNKNOWN,1 tube,Unknown,Suspicious
  Multivitamin ,SuperCure Pharma,M6-461518,6191837847716,57,08/05/2026,Tablet,500mg/5ml,5 vials,Pakistan,Suspicious
Promethazine,SKG Pharma Ltd,I9-9060,6193502080213,LOT25-2148,2029-12-01,Suspension,250mg,30 tablets,Nigeria,Genuine
Hydrocortisone,Pfizer Nigeria,G0-4212,6196149872838,B26-9979,2027-02-19,Syrup,250mg/5ml,20 tablets,Nigeria,Genuine
vitamin b complex,May & Baker Nigeira Plc,F5-4251,15255,UNKNOWN,15/12/2025,  Ointment ,100mg,1 pack,India,Suspicious
Panado,PharmaFast Nigeria,E2-649795,4444444444444,BATCH-764,18/01/2026,  Ointment ,250mg,200ml bottle,Nigeria,Suspicious
Folic Acid,Sanofi Nigeria,O7-6547,6192441822267,BN26-6812,2027-09-18,Drops,250mg/5ml,10 capsules,Nigeria,Genuine
Metronidazole,Emzor Pharmaceutical Industries,T1-1931,6199391119263,B24-1916,2027-05-10,Drops,125mg/5ml,20 tablets,Nigeria,Genuine
Prednisolone,Fidson Healthcare Plc,N0-4720,6199886365366,BT24-8532,2028-06-12,Sachet,500mg,60ml bottle,Nigeria,Genuine
Azithromycin,Pharma Deko Plc,C7-5921,6192243864908,B24-0838,2026-09-14,Ointment,250mg,100ml bottle,Nigeria,Genuine
Panado,AlphaHealth Industries,I-41,6197804704075,50,03/09/2026,Cream,10mg,N/A,Ghana,Suspicious
Tetracycline,Chi Pharmaceuticals Ltd,Q9-8106,6191122338653,LOT26-7137,2027-01-25,Sachet,1g,100 tablets,Nigeria,Genuine
Power Drug,HealthMax Pharma,THwUBbnTy,NU5V58ZbKMMZn,??,???,CREAM,250mg,10 tablets,India,Suspicious
Nifedipine,Hovid Nigeria Ltd,U4-8652,6197686342341,L24-9662,2028-03-26,Suspension,250mg/5ml,100ml bottle,Nigeria,Genuine
Lisinopril,Fidson Healthcare Plc,C4-8415,6191656094568,LOT24-5077,2029-10-19,Drops,125mg/5ml,1 vial,Nigeria,Genuine
Folic Acid,Dana Pharmaceuticals Ltd,S3-6710,6194358644963,BT26-2381,2028-04-22,Cream,250mg/5ml,200ml bottle,Nigeria,Genuine
mULTIVITAMIN,Nigerian German Chemicals Plc,-8836,0000000000000,lkPoBO,2020-01-19,Caspule,125mg/5ml,20 capsules,Pakistan,Suspicious
Multivitamin,Sanofi Nigeria,,6198249671830,BT25-8954,2027-04-18,Ointment,5mg,100ml bottle,Nigeria,Genuine
Power Drug,Sunrise Medications,P9-3869,0000000000000,BATCH-826,09/11/2025,  Syrup ,125mg/5ml,200ml bottle,Nigeria,Suspicious
Lisinopril,Nigerian German Chemicals Plc,Z6-7247,6197252145260,LOT25-1586,2027-05-13,Suspension,200mg,20 capsules,Nigeria,Genuine
AUGMENTIN,Chi Pharmaceuitcals Ltd,L-10,6193856162719,BATCH-021,???,SUSPENSION,125mg/5ml,BULK,China,Suspicious
Prednisolone,Sanofi Nigeria,A7-5055,6197100943888,BT24-1638,2026-05-26,Cream,50mg,100ml bottle,Nigeria,Genuine
Ciprofloxacin,Tuyil Pharmaceutical Industries,L0-9894,6190196304533,BN25-3860,2028-12-18,Powder,100mg,10 capsules,Nigeria,Genuine
Tramadol,Tuyil Pharmaceutical Industries,  T2-8643 ,387885,66,24/11/2026,  Powder ,50mg,1 pack,Unknown,Suspicious
Metformin,eVANS mEDICAL pLC,N/A,6196066961066,UNKNOWN,???,Injection,200mg,10 capsules,Nigeria,Suspicious
Hydrocortisone,PharmaPlus International,NONE,0000000000000,BATCH-753,N/A,Tablet,400mg,5 vials,Unknown,Suspicious
Amoxicilin,Sunrise Medications,O28-083,8699724,BATCH-646,UNKNOWN,Cream,20mg,20 capsules,Unknown,Suspicious
Omeprazole,Emzor Pharmaceutical Industries,Y0-8767,6192290349441,L25-5813,2029-05-07,Drops,400mg,5 vials,Nigeria,Genuine
Power Drug,MedExpress Ltd,U6-3071,8888888888888,---,11/05/2025,syrup,???,100 tablets,India,Suspicious
Magic Cure Pill,Emzor Pharmaceutical Industries,FLVM8N,4444444444444,93,2022-12-14,SYRUP,20mg,1 pack,India,Suspicious
Erythromycin,GlaxoSmithKline Nigeria,P9-4695,6192710405412,BN25-2887,2029-03-24,Capsule,5mg,20 tablets,Nigeria,Genuine
Omeprazole,GlaxoSmithKline Nigeria,G8-6739,6198542493214,LOT26-5649,2029-01-05,Tablet,50mg,5 vials,Nigeria,Genuine
Loperamide,SKG Pharma Ltd,D9-7380,6190940970526,L26-7609,2028-01-06,Cream,5mg,200ml bottle,Nigeria,Genuine
Chloroquine,Healwell Pharma Ltd,H5PKP6,764747,N/A,N/A,  Ointment ,10mg,100 tablets,India,Suspicious
gENTAMICIN,MegaDrug Industries,PENDING,6193035821727,UNKNOWN,,Tablet,250mg,200ml bottle,Pakistan,Suspicious
Flagyl,MedExpress Ltd,Y0-659333,0000000000000,UNKNOWN,2022-02-25,  Capsule ,UNKNOWN,30 tablets,Nigeria,Suspicious
Panadol,Pharma Deko Plc,B3-4829,6195910157099,BN26-6133,2026-05-10,Sachet,100mg,10 tablets,Nigeria,Genuine
Multivitamin,Drugfield Pharmaceuticals Ltd,H2-6599,6196216893636,B24-7087,2028-10-11,Drops,5mg,30 tablets,Nigeria,Genuine
VITAMIN C,MedExpress Ltd,hZ3N,13693005,23,2022-05-06,Ointment,50mg,1 tube,China,Suspicious
Spironolactone,Juhel Nigeria Ltd,N3-5391,6192777522596,BT24-6954,2026-07-12,Powder,250mg,30 tablets,Nigeria,Genuine
mULTIVITAMIN,HealthMax Pharma,3XHfXBPJys,b12atowOFimqS,bCjHmZd,2022-08-16,Sachet,10mg,5 vials,Pakistan,Suspicious
Lisinopril,Neimeth International Pharmaceuticals,N2-7693,6192044397353,B26-7606,2026-01-16,Syrup,10mg,1 tube,Nigeria,Genuine
Omeprazloe,NovaDrug Industries,BH-UZNZ,906155026134097312,99,N/A,Ointment,N/A,N/A,Unknown,Suspicious
Panadol,GlaxoSmithKline Nigeria,H1-3901,6195129311008,LOT26-1253,2027-10-21,Drops,125mg/5ml,20 capsules,Nigeria,Genuine
Flagyl,Drugfield Pharmaceuticals Ltd,K7-6147,6199833991402,BT26-8359,2028-04-26,Ointment,20mg,1 tube,Nigeria,Genuine
Chloroquine,Emzor Pharmaceutical Industries,Z3-2262,6191142817855,BT24-8843,2027-04-26,Tablet,10mg,30 tablets,Nigeria,Genuine
Chlorpheniramine,Nigerian German Chemicals Plc,B5-8046,6197303064427,BN24-1234,2028-07-03,Injection,250mg/5ml,100ml bottle,Nigeria,Genuine
Nifedipine,Hovid Nigeria Ltd,J2-3873,6192231059279,LOT25-3122,2027-09-23,Tablet,125mg/5ml,20 capsules,Nigeria,Genuine
Ciprofloxacin,Dana Pharmaceuticals Ltd,O4-6491,6195611404287,B25-0802,2028-11-01,Cream,200mg,100ml bottle,Nigeria,Genuine
Amoxil,MegaDrug Industries,CC-ZNBW,92449,67,18/08/2026,  Drops ,500mg,10 capsules,Pakistan,Suspicious
Omeprazole,Evans Medical Plc,D6-8570,6193478536981,B24-6339,2028-10-18,Tablet,400mg,10 capsules,Nigeria,Genuine
Vitamin CC,may & baker nigeria plc,DHSM0,6194811051291,90,05/05/2025,Tablet,???,BULK,Unknown,Suspicious
Augmentin,SKG Pharma Ltd,R4-9666,6190841241183,BT25-4716,2027-12-11,Suspension,125mg/5ml,5 vials,Nigeria,Genuine
Cotrimoxazole,Nigerian German Chemicals Plc,E4-9283,6191323570715,BT26-8759,2028-09-06,Syrup,5mg,20 capsules,Nigeria,Genuine
Prednisolone,May & Baker Nigeria Plc,N1-6928,6199273874020,B26-1107,2029-12-24,Capsule,20mg,60ml bottle,Nigeria,Genuine
Power Drug,NovaDrug Industries,B84XX9,043770296,N/A,01/04/2026,OINTMENT,N/A,20 capsules,India,Suspicious
Cotrimoxzaole,May & Baker Nigeria Plc,S0MXVL,6192175049985,UNKNOWN,???,Syrup,250mg/5ml,1 vial,Ghana,Suspicious
Coartem,SKG Pharma Ltd,N0-2811,6190801810305,L26-3865,2026-08-13,Injection,500mg/5ml,20 tablets,Nigeria,Genuine
Atenolol,May & Baker Nigeria Plc,T5-6060,6198149737469,,2027-12-26,Suspension,250mg/5ml,1 tube,Nigeria,Genuine
Metronidazol,PharmaPlus International,UZ-RMWL,9999999999999,fPb,06/11/2025,Suspension,50mg,1 tube,China,Suspicious
Ceftriaxone,Sanofi Nigeria,O1-9166,6197517016601,B26-0102,2026-10-20,Injection,5mg,200ml bottle,Nigeria,Genuine
Spironolactone,SuperCure Pharma,N/A,3333333333333,BATCH-552,N/A,  Ointment ,50mg,30 tablets,Nigeria,Suspicious
Promethazine,Pfizer Nigeria,X7-5291,6191856302753,BN24-0110,2027-01-22,Cream,250mg/5ml,60ml bottle,Nigeria,Genuine
  Ampiclox ,PharmaFast Nigeria,PENDING,55196282225018256247,71,07/10/2026,  Syrup ,10mg,20 capsules,China,Suspicious
Mulitvitamin,Healwell Pharma Ltd,R0-6922,6190829248289,UNKNOWN,2020-01-16,Powder,20mg,30 tablets,China,Suspicious
Atenolol,Dana Pharmaceuticals Ltd,Z5-4694,6192366185072,L24-0902,2029-01-17,Syrup,20mg,1 vial,Nigeria,Genuine
Panadol,Juhel Nigeria Ltd,M2-7544,6195062292310,BN25-7837,2027-05-11,Suspension,500mg,100ml bottle,Nigeria,Genuine
Aizthromycin,  Sanofi  Nigeria,MVJKQ5,9999999999999,jOr,26/03/2025,powder,200mg,10 tablets,Pakistan,Suspicious
Metronidazol,CureFast Pharmaceuticals,W-26,6190001327894,70,,injection,250mg,BULK,Pakistan,Suspicious
Vitamin CC,MedLine Drugs Ltd,N/A,8888888888888,BATCH-457,,  Capsule ,500mg/5ml,1 tube,Pakistan,Suspicious
Ciprofloxacin,Sanofi Nigeria,C2-9474,6194117309850,BN24-4849,2028-07-23,Cream,250mg,30 tablets,Nigeria,Genuine
Hydrocortisone,SKG Pharma Ltd,Y0-4335,6194824771094,BT26-2694,2028-09-01,Powder,20mg,20 tablets,Nigeria,Genuine
Folic Acid,Pharma Deko Plc,N4-8258,6194231220994,LOT26-9390,2027-10-08,Suspension,125mg/5ml,10 tablets,Nigeria,Genuine
Furosemide,Hovid Nigeria Ltd,A2-5429,6195598516027,BN24-9520,2026-06-18,Sachet,250mg,30 tablets,Nigeria,Genuine
ORS,Dana Pharmaceuticals Ltd,I8-5890,6193443757588,LOT25-2096,2029-07-27,Cream,500mg/5ml,30g tube,Nigeria,Genuine
Paracetamol,SuperCure Pharma,NI-CVBK,0000000000000,---,2021-12-11,Tablet,N/A,60ml bottle,India,Suspicious
aMATEM,GoodHealth Generics,I-21,6199106608624,92,12/01/2026,  Ointment ,UNKNOWN,20 capsules,China,Suspicious
ORS,BestPills International,2AGGL6,417622,sWznbuY,20/01/2026,Podwer,200mg,1 pack,China,Suspicious
Artemether Lumefantrine,GlaxoSmithKline Nigeria,O4-3616,6196841459337,BT25-2609,2029-12-20,Cream,20mg,1 tube,Nigeria,Genuine
Ciprofloxacn,Dana Pharmaceuticals   Ltd ,J4-2422,602093137880210936,---,15/08/2026,Suspension,125mg/5ml,1 pack,Unknown,Suspicious
Diclofenac,Pharma Deko Plc,L2-8848,6191727223972,BT26-4721,2026-05-06,Syrup,20mg,5 vials,Nigeria,Genuine
Amatme,MedLine Drugs Ltd,L1-2393,0000000000000,BATCH-771,2023-08-20,  Capsule ,???,5 vials,Nigeria,Suspicious
Omeprazole,Swiss Pharma Nigeria Ltd,J9-2944,6191650200026,LOT25-3861,2027-02-08,Syrup,125mg/5ml,20 tablets,Nigeria,Genuine
Ceftriaxone,Evans Medical Plc,F0-5756,6199561213777,BT24-6445,2027-07-02,Injection,100mg,100 tablets,Nigeria,Genuine
Tramadol,Juhel Nigeria Ltd,N3-4084,6194324474174,LOT26-6057,2028-11-17,Drops,125mg/5ml,5 vials,Nigeria,Genuine
  Doxycycline ,HOVID NIGERIA LTD,Y1-3067,708666562241976878,BATCH-724,2021-10-02,Ssupension,250mg,N/A,Nigeria,Suspicious
Paracetamol,  Pharma  Deko Plc,WN-QNEI,6196582938542,ILGamDuB,2022-07-13,  Sachet ,5mg,1 vial,Pakistan,Suspicious
Ferrous Sulphate,Juhel Nigeria Ltd,D2-4478,6199130448814,B26-9046,2028-09-22,Injection,250mg,60ml bottle,Nigeria,Genuine
ORS,Neimeth International Pharmaceuticals,X1-4654,6198004983215,BN24-2587,2026-03-26,Capsule,10mg,1 tube,Nigeria,Genuine
Ranitidine,Pfizer Nigeria,F5-7108,6194665905153,BN26-6433,2028-05-24,Sachet,100mg,20 capsules,Nigeria,Genuine
Promethazine,Healwell Pharma Ltd,Q4X55P,M4f7nGX65BuDw,??,2022-02-18,Powder,500mg,100 tablets,Unknown,Suspicious
  Panadol ,DrugKing Industries,UZ-JTON,17356316,13,2023-06-27,Cream,10mg,N/A,Nigeria,Suspicious
Paraectamol,Phamra Deko Plc,N/A,0000000000000,---,2021-01-08,SACHET,200mg,100ml bottle,Nigeria,Suspicious
aMOXICILLIN,NovaDrug Industries,-1189,24571,DuVQF,N/A,Suspension,250mg/5ml,20 tablets,India,Suspicious
Ciprofloxacin,Mopson Pharmaceutical Ltd,E8-6788,6190676251531,B24-4852,2028-08-10,Injection,200mg,10 tablets,Nigeria,Genuine
Erythromycin,Chi Pharmaceuticals Ltd,S6-2069,6194336299949,L26-7145,2028-06-02,Sachet,1g,1 vial,Nigeria,Genuine
Panadol,GlaxoSmithKline Nigeria,W2-7184,6190650191792,BT24-2506,2028-03-03,Suspension,250mg,10 tablets,Nigeria,Genuine
ARTEMETHER LUMEFANTRINE,Healwell Pharma Ltd,NI-HCVL,027169883,N/A,03/02/2026,Powder,UNKNOWN,N/A,Nigeria,Suspicious
  Augmentin ,Chi Pharmaceuticals Ltd,Q2-658508,9205365045,---,???,  Sachet ,100mg,20 capsules,China,Suspicious
Power Drug,Healwell Pharma Ltd,,2958385083,22,04/01/2026,cREAM,125mg/5ml,30 tablets,China,Suspicious
Instant Relief Caps,Sanofi Nigeria,3y7,H9fmOq9GTJ9f7,BATCH-973,2022-03-04,Tablet,50mg,1 pack,Pakistan,Suspicious
Amoixl,WonderDrug Co,OAWPD8,6199737253033,BtlNO,27/03/2025,Crema,500mg,20 tablets,Pakistan,Suspicious
Metronidazole,MedExpress Ltd,B-75,6199646924345,46,17/07/2026,  Syrup ,200mg,1 tube,Unknown,Suspicious
Metformin,SKG Pharma Ltd,I6-6298,6194214066502,LOT25-3015,2029-02-16,Suspension,,60ml bottle,Nigeria,Genuine
Hydrocortisone,Evans Medical Plc,X0-2666,6193111786193,BN24-5482,2028-12-15,Ointment,500mg,5 vials,Nigeria,Genuine
Antacid,Pfizer Nigeria,K6-1737,6197056260855,L25-1591,2026-02-18,Syrup,400mg,30 tablets,Nigeria,Genuine
Lisinopril,BioFix Pharmaceuticals,VJL,0000000000000,BATCH-704,,  Ointment ,400mg,N/A,Pakistan,Suspicious
Ampiclox,MedLine Drugs Ltd,U3-412534,8823092587,67,UNKNOWN,Ointment,20mg,30g tube,China,Suspicious
Diazepam,Neimeth International Pharmaceuticals,Q5-3947,6195800106183,BN26-7406,2028-04-24,Injection,400mg,100 tablets,Nigeria,Genuine
Furosemide,Juhel Nigeria Ltd,O9-2127,6193662103883,L24-1677,2027-08-20,Sachet,500mg,30g tube,Nigeria,Genuine
Lonart DS Extra,SuperCure Pharma,j1-9834,5555555555555,opyjchpr,2023-09-14,  Capsule ,5mg,1 pack,Ghana,Suspicious
Azithromycin,Hovid Nigeria Ltd,L3-3365,6194264250647,BT24-7635,2029-12-18,Suspension,20mg,30 tablets,Nigeria,Genuine
Instant Relief Caps,PharmaPlus International,  T2-8311 ,6198852871580,35,UNKNOWN,  Suspension ,N/A,100ml bottle,Pakistan,Suspicious
Multivitamin,  Evans  Medical Plc,JKJ7OP,0000000000000,JoP,18/01/2025,  Cream ,UNKNOWN,1 vial,China,Suspicious
Instant Relief Caps,Dana Pharmaceuticals Ltd,TW-NAZC,6195781373147,16,22/06/2026,Syurp,5mg,200ml bottle,China,Suspicious
Folic Acid,Swiss Pharma Nigeria Ltd,H4-2380,6193899940435,,2027-12-13,Injection,125mg/5ml,10 tablets,Nigeria,Genuine
Emzor Paracetamol,GoodHealth Generics,N/A,dZU8WsPL5qqjI,BATCH-194,19/05/2026,Injectino,1g,1 tube,Ghana,Suspicious
Paracetmol,SK GPharma Ltd,wJMoNJ,0000000000000,---,N/A,Sahcet,100mg,5 vials,Ghana,Suspicious
Atenolol,Fidson Healthcare Plc,K5-5279,6195011929205,L25-4136,2029-12-02,Cream,250mg,20 tablets,Nigeria,Genuine
Tramadol,Hovid Nigeria Ltd,G2-3387,6191010232001,BN26-8652,2029-08-14,Ointment,250mg,10 tablets,Nigeria,Genuine
ORS,Bioraj Pharmaceuticals Ltd,U1-7548,6194321269421,B26-5138,2029-05-06,Tablet,200mg,60ml bottle,Nigeria,Genuine
Azithromycin,GlaxoSmithKline Nigeria,A7-1553,6194496410499,L25-0408,2029-07-15,Tablet,200mg,100 tablets,Nigeria,Genuine
Ranitidine,SKG Pharma Ltd,B1-1896,6194159149759,BN24-9678,2026-12-07,Powder,100mg,200ml bottle,Nigeria,Genuine
,TopNotch Drugs Ltd,NOT REGISTERED,LrA4iIwzJZhlq,BATCH-705,2022-01-27,  Tablet ,125mg/5ml,1 vial,Unknown,Suspicious
  Tetracycline ,GlaxoSmithKline Nigeria,M-96,2222222222222,BATCH-762,???,Tablet,100mg,10 tablets,India,Suspicious
fOLIC aCID,sANOFI nIGERIA,-8680,73381330734533023,??,2021-03-10,Dorps,250mg/5ml,60ml bottle,Ghana,Suspicious
Amoxicillin,May & Baker Nigeria Plc,-8912,6190920199183,BATCH-801,2023-07-04,Capsuel,5mg,5 vials,Pakistan,Suspicious
  Nifedipine ,DrugKing Industries,EsBzQMv0X,YyBAyPfLjg9qD,BATCH-090,11/03/2025,tablet,10mg,30g tube,Pakistan,Suspicious
ORS,Evans Medical Plc,I1-6042,6194885015564,B26-0577,2027-04-11,Cream,125mg/5ml,100ml bottle,Nigeria,Genuine
Emzor Paracetamol,CureFast Pharmaceuticals,EYENYJ,k2nk1IlnwbrwX,VHpophey,19/05/2026,Sachte,1g,20 capsules,Nigeria,Suspicious
Prednisolone,Emzor Pharmaceutical Industries,U1-9696,6197260013650,BN24-3883,2028-05-10,Injection,100mg,1 vial,Nigeria,Genuine
Vitamin B Complex,SKG Pharma Ltd,N3-3728,6198319952982,BN26-0445,2029-02-25,Cream,10mg,30g tube,Nigeria,Genuine
ORS,Fidson Healthcare Plc,F9-6871,6197047264268,BN24-1917,2027-01-07,Powder,400mg,100 tablets,Nigeria,Genuine
Power Drug,AlphaHealth Industries,h3-1971,8888888888888,8,26/03/2025,Capusle,UNKNOWN,100 tablets,Nigeria,Suspicious
Hydrcoortisone,sANOFI nIGERIA,TJHULU,4444444444444,14,2020-06-10,Syrup,5mg,20 capsules,India,Suspicious
Magic Cure Pill,BestPills International,R-43,0000000000000,BATCH-105,,Injection,500mg/5ml,1 pack,Ghana,Suspicious
Spironolactone,Evans Medical Plc,Y1-8132,6192342192629,BT24-3267,2027-01-10,Capsule,500mg,10 capsules,Nigeria,Genuine
Panado,MedExpress Ltd,M9-8688,0000000000000,BATCH-512,UNKNOWN,  Cream ,1g,N/A,Ghana,Suspicious
Ceftriaxone,Neimeth International Pharmaceuticals,A9-6823,6190556057123,BN26-8628,2026-10-05,Drops,50mg,200ml bottle,Nigeria,Genuine
Hydrocortisone,Chi Pharmaceuticals Ltd,N8-1698,6198081571299,BN26-1872,2028-12-02,Drops,250mg,100 tablets,Nigeria,Genuine
Antacid,Healwell Pharma Ltd,PENDING,2cnqYriNFvHFK,FtFjIF,2023-07-23,SYRUP,UNKNOWN,100ml bottle,Nigeria,Suspicious
Ciprofloaxcin,nigerian german chemicals plc,U8-1992,6196414753367,BATCH-187,25/07/2026,cream,20mg,N/A,China,Suspicious
Ferrous Sulphate,Swiss Pharma Nigeria Ltd,I9-2180,6194168601347,L25-9121,2028-09-19,Ointment,200mg,10 capsules,Nigeria,Genuine
Ciprofloxacin,Mopson Pharmaceutical Ltd,U8-4703,6195034469450,B25-4273,2027-02-19,Syrup,250mg,1 tube,Nigeria,Genuine
Paracteamol,HealthMax Pharma,TU-VJCM,95312178,BATCH-863,05/10/2026,DROPS,5mg,30 tablets,Pakistan,Suspicious
  Ciprofloxacin ,FastRelief Drugs,N-47,6198793978959,59,02/02/2025,Injection,20mg,100 tablets,Unknown,Suspicious
Instant Relief Caps,BestPills International,L7-8539,276947308824035,23,N/A,Syurp,500mg,20 capsules,Pakistan,Suspicious
Vitamin B Complex,Evans Medical Plc,R6-9133,6196497974161,BT25-5794,2029-12-02,Injection,10mg,10 tablets,Nigeria,Genuine
Antacid,Bioraj Pharmaceuticals Ltd,C2-8172,6198686694324,BN24-9469,2027-10-23,Tablet,500mg/5ml,200ml bottle,Nigeria,Genuine
Amoxicilin,MedLine Drugs Ltd,NOT REGISTERED,0000000000000,UNKNOWN,N/A,CREAM,20mg,100 tablets,Ghana,Suspicious
Ranitidine,May & Baker Nigeria Plc,Q1-8399,6197038860868,B26-0907,2027-05-15,Ointment,400mg,30g tube,Nigeria,Genuine
MegaVit Plus,GoodHealth Generics,C5-8074,6196780194672,oZS,N/A,Injetcion,200mg,20 capsules,Nigeria,Suspicious
ORS,Tuyil Pharmaceutical Industries,U1-9779,6193440496398,BN26-9573,2026-10-11,Injection,250mg,1 vial,Nigeria,Genuine
  Metronidazole ,Swiss Pharma Nigeria Ldt,N/A,6194194785509,kwl,,  Capsule ,10mg,1 pack,Pakistan,Suspicious
Diclofenac,Juhel Nigeria Ltd,N5-9462,6198043416514,B24-7907,2028-06-07,Sachet,400mg,30 tablets,Nigeria,Genuine
Vitamin B Complex,Neimeth International Pharmaceuticals,B9-9520,6195916795417,BN25-2510,2029-11-05,Powder,400mg,1 vial,Nigeria,Genuine
Power Drug,Neimeth International   Pharmaceuticals ,8UI5MG,432926,4,22/06/2026,Cream,400mg,1 vial,Pakistan,Suspicious
  Metronidazole ,PharmaPlus International,T2-251962,0000000000000,N/A,UNKNOWN,Sahcet,UNKNOWN,20 capsules,China,Suspicious
Omeprazole,GlaxoSmithKline Nigeria,M0-8020,6194842294056,L26-2636,2026-03-11,Sachet,500mg,30g tube,Nigeria,Genuine
AMOXICILLIN,WonderDrug Co,R8-1114,7777777777777,QgFUt,UNKNOWN,Injeciton,10mg,20 tablets,India,Suspicious
Augmenti,WonderDrug Co,N/A,0000000000000,Fyi,???,CAPSULE,5mg,1 tube,China,Suspicious
Spironolactone,Pharma Deko Plc,Q1-2041,,B24-8643,2028-08-21,Tablet,500mg,100ml bottle,Nigeria,Genuine
Artemether Lumefantrine,Pfizer Nigeria,V5-5134,6196540842454,L24-7419,2028-05-21,Tablet,1g,20 tablets,Nigeria,Genuine
Panadol,Swiss Pharma Nigeria   Ltd ,N9-5891,11233,vEt,21/07/2026,SUSPENSION,20mg,30g tube,Pakistan,Suspicious
Augmenti,Tuyil Pharmaceutical Indutsries,VC-ZUBK,0000000000000,N/A,08/04/2026,Suspension,200mg,100ml bottle,Nigeria,Suspicious
ors,emzor pharmaceutical industries,J7-8181,6198863713794,N/A,N/A,cREAM,10mg,30 tablets,China,Suspicious
Vitamin C,Nigerian German Chemicals Plc,X2-4867,6191981898473,BN24-9927,2026-06-11,Sachet,250mg/5ml,60ml bottle,Nigeria,Genuine
Chloroquine,Mopson Pharmaceutical Ltd,A3-1281,6195872105527,LOT25-2461,2029-04-07,Suspension,500mg,1 tube,Nigeria,Genuine
Super Paracetamol,Sunrise Medications,B0-9739,0000000000000,BATCH-999,UNKNOWN,Injectoin,400mg,20 tablets,India,Suspicious
Emzor Paracetamol,eMZOR pHARMACEUTICAL iNDUSTRIES,f2-1484,9999999999999,ZUj,09/08/2025,Tablet,500mg,30 tablets,Unknown,Suspicious
gLIBENCLAMIDE,SKG Pharma Ltd,A3-7411,947281326598450337,iIoZRzlG,2020-11-07,Syrpu,125mg/5ml,10 capsules,Ghana,Suspicious
Flagy,Drugfield Pharmaceuticals   Ltd ,N/A,6190668904179,69,2020-08-14,sYRUP,200mg,100 tablets,India,Suspicious
Metronidazol,dRUGFIELD pHARMACEUTICALS lTD,F-62,666179962356999,76,,Suspensino,500mg/5ml,1 pack,Ghana,Suspicious
Panado,Sanofi Nigeria,bSFHsaU9,6190208019295,jetQ,27/04/2025,Injeciton,250mg,100ml bottle,China,Suspicious
Paracetmol,CureFast Pharmaceuticals,1HT,2222222222222,27,2020-07-22,  Tablet ,20mg,20 capsules,India,Suspicious
Ibuprofen,Mopson Pharmaceutical Ltd,K6-1749,6199320489962,LOT24-3314,2028-04-13,Sachet,200mg,100ml bottle,Nigeria,Genuine
Amoxicilin,NovaDrug Industries,V-77,368850162762922666,N/A,,Drops,100mg,30g tube,India,Suspicious
PROMETHAZINE,GoodHealth Generics,OX-LTYK,aWhYNv2CuXqZA,BATCH-757,02/04/2026,Syrup,???,5 vials,India,Suspicious
Vitamin B Complex,Bioraj Pharmaceuticals Ltd,D7-8471,6196655868516,BT25-7118,2028-03-18,Sachet,100mg,200ml bottle,Nigeria,Genuine
Tetracycline,Pfizer Nigeria,N0-7350,6193399129712,BN24-5171,2026-08-04,Drops,10mg,30 tablets,Nigeria,Genuine
Spironolactone,Emzor Pharmaceutical Industries,L1-6649,6193195205856,BT26-7712,2029-11-06,Syrup,250mg,1 tube,Nigeria,Genuine
Coartem,Hovid Nigeria Ltd,B6-8771,6195712369140,B25-1599,2026-03-17,Drops,125mg/5ml,1 vial,Nigeria,Genuine
Artemether Lumefantrine,Emzor Pharmaceutical Industries,E5-2747,6192137565898,L24-5519,2028-11-22,Drops,500mg,200ml bottle,Nigeria,Genuine
Gentamicin,Fidson Healthcare Plc,Y6-7033,6199266108576,BT26-2640,2029-09-21,Powder,250mg,10 capsules,Nigeria,Genuine
Emzor Paracetamol,Swiss Pharma Nigeria Ltd,C1-1772,6191878035868,B24-1311,2029-01-28,Drops,400mg,1 tube,Nigeria,Genuine
Prednisolone,DrugKing Industries,Z2-7375,6195031049792,aVdUG,N/A,  Ointment ,???,200ml bottle,Unknown,Suspicious
Folic Acid,GlaxoSmithKline Nigeria,C5-5843,6194796275705,LOT26-7226,2028-11-26,Tablet,250mg,5 vials,Nigeria,Genuine
Ampiclox,SuperCure Pharma,H-20,6194656571664,BATCH-485,2021-01-10,Sachet,250mg/5ml,20 tablets,India,Suspicious
Tetracycline,May & Baker Nigeria Plc,D6-6989,6197905528181,BT24-5587,2027-09-04,Drops,250mg/5ml,30g tube,Nigeria,Genuine
Augmentin,SKG Pharma Ltd,A4-9201,6192814893252,BT26-8789,2026-10-11,Drops,500mg,20 tablets,Nigeria,Genuine
Furosemide,Dana Pharmaceuticals Ltd,O9-5475,6194097123163,L24-0708,2029-07-27,Drops,20mg,30 tablets,Nigeria,Genuine
Multiivtamin,PharmaPlus International,FA4AFM,6195396016095,19,UNKNOWN,  Drops ,400mg,30g tube,China,Suspicious
Cotrimoxazole,Drugfield Pharmaceuticals Ltd,J8-3264,6192175883978,B25-7270,2026-09-06,Tablet,500mg/5ml,10 tablets,Nigeria,Genuine
Metformin,Dana Pharmaceuticals Ltd,U2-9727,6199463389150,L24-4371,2026-11-22,Cream,100mg,200ml bottle,Nigeria,Genuine
Erythromycin,Hovid Nigeria Ltd,T7-2178,6195273230088,LOT25-6728,2029-07-24,Cream,20mg,100ml bottle,Nigeria,Genuine
Lonart,GlaxoSmithKline Nigeria,V0-3134,6195559895345,BT26-6392,2026-02-05,Sachet,250mg,10 tablets,Nigeria,Genuine
Lonart DS Extra,GlaxoSmithKline Nigeria,I7-1330,7380679,---,,Ointment,10mg,20 tablets,Pakistan,Suspicious
Prednisolone,May & Baker Nigeria Plc,U2-8888,6192785760843,B26-5269,2026-04-19,Cream,500mg/5ml,30g tube,Nigeria,Genuine
Multivitamin,Hovid Nigeria Ltd,Q9-2938,6197879150593,L24-6047,2029-02-19,Drops,20mg,10 tablets,Nigeria,Genuine
pREDNISOLONE,AlphaHealth Industries,T8-2717,6198098098802,BATCH-023,2023-03-09,Injectino,400mg,20 capsules,Unknown,Suspicious
Emzor Paracetamol,eMZOR pHARMACEUTICAL iNDUSTRIES,A-17,3333333333333,---,07/12/2026,Capsule,???,1 pack,China,Suspicious
Amoxicilin,AlphaHealth Industries,N4-1696,6193088081727,UNKNOWN,,Sachet,10mg,1 vial,India,Suspicious
Emzor Paracetamol,GlaxoSmithKline Nigeria,M3-2417,6198732807715,BN24-0723,2029-03-03,Capsule,200mg,60ml bottle,Nigeria,Genuine
Augmenti,QuickCure Labs,TqAy9,6193755504580,70,12/01/2025,Drops,250mg,20 tablets,Ghana,Suspicious
Lonart,MedExpress Ltd,B5-864786,4444444444444,BATCH-314,???,CAPSULE,50mg,100ml bottle,Nigeria,Suspicious
Ciprofloxacn,jUHEL nIGERIA lTD,NOT REGISTERED,6191188203803,??,???,  Syrup ,20mg,30 tablets,Ghana,Suspicious
  Tetracycline ,PharmaPlus International,YW34RC,6485796886,81,N/A,Sryup,N/A,10 tablets,India,Suspicious
Diazepam,NovaDrug Industries,G1-2463,6193310886236,MrYUJb,2020-09-26,tABLET,UNKNOWN,1 vial,Pakistan,Suspicious
Magic Cure Pill,MedExpress Ltd,NONE,0000000000000,BATCH-273,22/11/2026,  Syrup ,100mg,30g tube,India,Suspicious
ORS,Evans Medical Plc,EK-XNAY,6196490847493,ePmSKSJl,2020-12-23,Capsule,UNKNOWN,100ml bottle,Unknown,Suspicious
Chloroquine,Fidson Healthcare Plc,R0-7662,6193254310743,BT26-7624,2026-08-15,Syrup,250mg/5ml,60ml bottle,Nigeria,Genuine
Paracetamol,May & Baker Nigeria Plc,Y6-4305,6193533106005,LOT24-1135,2027-02-26,Syrup,250mg/5ml,30 tablets,Nigeria,Genuine
Atenolol,Fidson Healthcare Plc,O0-7371,6199556076769,BN25-4276,2028-04-09,Cream,400mg,100ml bottle,Nigeria,Genuine
Amatem,Fidson Healthcare Plc,A0-9105,6199419324532,B26-1333,2026-10-16,Sachet,400mg,20 tablets,Nigeria,Genuine
Super Paracetamol,Healwell Pharma Ltd,F9-872350,0000000000000,N/A,UNKNOWN,cREAM,UNKNOWN,10 tablets,Unknown,Suspicious
MegaVit Plus,Neimeth International Pharmaceuticals,AG-VFGK,6190954688738,AABdi,2020-03-19,Syrup,UNKNOWN,10 capsules,India,Suspicious
Emzor Paracetamol,GlaxoSmithKline Nigeria,S1-5687,6198564679979,BN24-4612,2029-03-20,Sachet,125mg/5ml,1 tube,Nigeria,Genuine
  Tramadol ,NovaDrug Industries,-4886,6196295076715,UNKNOWN,2023-03-02,Injection,500mg/5ml,20 tablets,Ghana,Suspicious
Ceftriaxone,Swiss Pharma Nigeria Ltd,V3-2155,6191127128525,LOT26-6624,2028-09-10,Injection,1g,10 capsules,Nigeria,Genuine
Ceftriaxone,Fidson Healthcare Plc,S2-9674,6195654310279,B25-9302,2026-05-25,Injection,250mg/5ml,100ml bottle,Nigeria,Genuine
Antacid,Dana Pharmaceuticals   Ltd ,HP-FKGH,3333333333333,BATCH-165,N/A,Powedr,5mg,10 capsules,Unknown,Suspicious
,HealthMax Pharma,Q9-476760,78523529800934137,33,09/03/2026,  Drops ,250mg/5ml,5 vials,Pakistan,Suspicious
Amatem,Fidson Healthcare Plc,K0-4846,6197710040908,BN24-8657,2026-07-20,Powder,500mg/5ml,10 capsules,Nigeria,Genuine
  Paracetamol ,WonderDrug Co,L8-5758,6194201819029,22,2020-07-12,Capsule,500mg,30g tube,Ghana,Suspicious
Multivitamin,Juhel Nigeria Ltd,T3-2035,6197461200477,BN24-3946,2027-07-15,Cream,125mg/5ml,1 tube,Nigeria,Genuine
Ceftriaxone,MegaDrug Industries,-4461,7BgUVAp22XTHs,pMvp,05/12/2026,Injectino,500mg,200ml bottle,Unknown,Suspicious
Ferrous Sulphate,Chi Pharmaceuticals Ltd,H7-2144,6190068761648,B24-8851,2026-08-16,Tablet,400mg,30g tube,Nigeria,Genuine
Nifedipine,Swiss Pharma Nigeria Ltd,R9-7947,6193406468674,L25-2330,2028-01-03,Injection,250mg/5ml,200ml bottle,Nigeria,Genuine
Amlodipine,Swiss Pharma Nigeria Ltd,X7-6878,6190373145300,BT26-6018,2029-08-15,Tablet,500mg,5 vials,Nigeria,Genuine
Metronidazole,Nigerian German Chemicals Plc,O3-9843,6193028439595,B26-5353,2027-05-05,Powder,200mg,60ml bottle,Nigeria,Genuine
Flagyl,Sanofi Nigeria,C3-2941,6196708056853,L25-7644,2026-07-08,Ointment,100mg,20 tablets,Nigeria,Genuine
spironolactone,Dana Pharmaceuticals Ltd,  S2-4986 ,0000000000000,BATCH-568,20/04/2025,Drops,5mg,100 tablets,Unknown,Suspicious
Hydrocortisone,GlaxoSmithKline Nigeria,Y8-3595,6193601071266,BN25-9170,2027-09-22,Powder,125mg/5ml,30 tablets,Nigeria,Genuine
Tramadol,May & Baker Nigeria Plc,E1-2404,6195869380685,L26-7879,2027-08-10,Capsule,20mg,1 tube,Nigeria,Genuine
Folic Acid,Tuyil Pharmaceutical Industries,G0-4531,6196279246325,BN24-7293,2028-08-13,Drops,250mg/5ml,100ml bottle,Nigeria,Genuine
Lisinopril,SKG Pharma Ltd,M5-8185,6192894134757,BN26-8581,2029-05-11,Ointment,10mg,30g tube,Nigeria,Genuine
Paracetamol,TopNotch Drugs Ltd,FR-OJMF,0000000000000,14,2023-04-09,Capsuel,125mg/5ml,20 tablets,China,Suspicious
Ampiclox,Pharma Deko Plc,A2-6442,6196342160732,BT25-5828,2028-04-08,Tablet,125mg/5ml,100 tablets,Nigeria,Genuine
Ferrous Sulphate,Nigerian German Chemicals Plc,G6-4018,6190501508120,LOT25-3285,2028-01-01,Suspension,200mg,10 capsules,Nigeria,Genuine
Atenlool,FastRelief Drugs,M-58,5492036930914015,60,2020-12-04,DROPS,500mg/5ml,1 vial,Nigeria,Suspicious
Furosemide,Tuyil Pharmaceutical Industries,P2-4812,6194301071396,L25-0845,2028-06-18,Suspension,500mg,5 vials,Nigeria,Genuine
  Atenolol ,PharmaFast Nigeria,KN-IMBQ,6197857109339,BATCH-205,2023-04-21,Syrpu,UNKNOWN,BULK,Unknown,Suspicious
Erythromycin,Sanofi Nigeria,F5-5170,6198121478533,B24-7722,2028-07-15,Drops,20mg,60ml bottle,Nigeria,Genuine
ferrous sulphate,PharmaFast Nigeria,V3-7638,6192751005688,N/A,19/01/2026,  Drops ,10mg,30 tablets,Ghana,Suspicious
Vitamin B Complex,PharmaPlus International,H5-8860,4803007356,BATCH-518,,cREAM,UNKNOWN,100ml bottle,Ghana,Suspicious
Ibuprofen,Evans Medical Plc,M5-5344,6199500507028,L24-8938,2029-10-24,Powder,100mg,30 tablets,Nigeria,Genuine
Lonart,Sanofi Nigeria,Z0-6688,6198651850670,BN25-6034,2029-12-05,Ointment,100mg,1 tube,Nigeria,Genuine
Prednisolone,Sanofi Nigeria,W2-8853,6191472463012,B26-6347,2028-03-09,Syrup,200mg,200ml bottle,Nigeria,Genuine
Amlodipine,GlaxoSmithKline Nigeria,T1-1920,6192312110639,BT24-1401,2029-06-21,Powder,200mg,100ml bottle,Nigeria,Genuine
Gentamicin,Nigerian German Chemicals Plc,V5-7663,6193370140057,BT25-8898,2026-01-12,Cream,125mg/5ml,200ml bottle,Nigeria,Genuine
Emzor Paracetamol,Evans Medical Plc,Z4-2417,6194766072839,BT26-6506,2028-11-05,Injection,125mg/5ml,30g tube,Nigeria,Genuine
Hydrocortisone,Emzor Pharmaceutical Industries,D6-4132,6194292913200,BT24-0862,2026-11-13,Syrup,200mg,10 capsules,Nigeria,Genuine
Chloroquine,Juhel Nigeria Ltd,N9-4643,6199290600787,BN25-8801,2029-08-26,Capsule,50mg,100ml bottle,Nigeria,Genuine
Amlodipine,Dana Pharmaceuticals Ltd,F8-9956,6193774419759,LOT25-6421,2026-08-14,Ointment,100mg,10 tablets,Nigeria,Genuine
Doxycycline,emzor pharmaceutical industries,WC8bkp1m,6193622169065,??,09/07/2026,Tablet,N/A,1 tube,Nigeria,Suspicious
Prednisolone,Pfizer Nigeria,M4-9152,6194080314998,B24-5238,2026-09-01,Tablet,400mg,60ml bottle,Nigeria,Genuine
ors,CureFast Pharmaceuticals,8ABRL4,6194142024841,97,02/08/2026,  Cream ,50mg,20 capsules,Pakistan,Suspicious
DIAZEPAM,PharmaFast Nigeria,M-80,4864970350675789,UNKNOWN,2022-06-23,  Drops ,N/A,100ml bottle,Ghana,Suspicious
Hydrocortisone,Dana Pharmaceuticals Ltd,A1-5541,6197195979649,L26-2059,2028-09-24,Sachet,500mg,10 capsules,Nigeria,Genuine
Omeprazole,Nigerian German Chemicals Plc,V7-1189,6197660464199,L26-6208,2029-12-11,Powder,10mg,20 tablets,Nigeria,Genuine
Flagyl,Fidson Healthcare Plc,Q9-1138,6199275326978,BT24-1746,2027-02-19,Ointment,10mg,60ml bottle,Nigeria,Genuine
Flagy,PharmaFast Nigeria,W0OZ2W,3333333333333,BATCH-479,2022-12-02,  Syrup ,125mg/5ml,60ml bottle,Pakistan,Suspicious
Metformin,Bioraj Pharmaceuticals Ltd,F9-9178,6193748969082,BT25-7677,2027-04-05,Injection,20mg,60ml bottle,Nigeria,Genuine
Amatem,GlaxoSmithKline Nigeria,Z5-8159,6196765277581,LOT24-7055,2026-07-20,Syrup,5mg,10 capsules,Nigeria,Genuine
Loperamide,Dana Pharmaceuticals Ltd,X1-8110,6191172400508,LOT25-6241,2029-03-08,Powder,20mg,1 vial,Nigeria,Genuine
Flagyl,Nigerian German Chemicals Plc,N2-1922,6191572018594,L24-6719,2027-01-04,Suspension,20mg,100ml bottle,Nigeria,Genuine
Ranitidine,May & Baker Nigeria Plc,M1-8620,6194451870535,LOT26-5079,2027-08-12,Sachet,50mg,30g tube,Nigeria,Genuine
Spironolactone,Nigerian German Chemicals Plc,T6-1377,6198437685502,L26-6455,2029-10-07,Cream,100mg,1 tube,Nigeria,Genuine
cHLOROQUINE,BioFix Pharmaceuticals,M-61,75801584,---,???,SACHET,20mg,10 tablets,China,Suspicious
paracetamol,nEIMETH iNTERNATIONAL pHARMACEUTICALS,F3-112831,302865,BATCH-903,2021-05-24,  Capsule ,,10 tablets,Unknown,Suspicious
Glibenclamide,NovaDrug Industries,s5-2050,242853541601991,BATCH-550,N/A,  Drops ,???,100 tablets,India,Suspicious
Super Paracetamol,Sunrise Medications,DA-YTTW,84339133252861323,BATCH-386,05/04/2026,Syrup,500mg/5ml,1 vial,India,Suspicious
Atenlool,GoodHealth Generics,B3-157162,8888888888888,PgSuhS,UNKNOWN,Powder,100mg,1 tube,China,Suspicious
Chloroquine,May & Baker Nigeria Plc,R4-9906,6191001841861,BT24-3775,2026-04-14,Ointment,100mg,20 capsules,Nigeria,Genuine
Metronidazol,HealthMax Pharma,KO2LCH,1015845673,yKLL,???,Injection,20mg,30 tablets,Unknown,Suspicious
Amatem,Pharma Deko Plc,T1-4079,6197367850820,BN25-8403,2029-03-25,Powder,1g,10 tablets,Nigeria,Genuine
Spironolactone,Emzor Pharmaceutical Industries,M7-9077,6196106592083,B24-4464,2027-02-20,Syrup,50mg,1 vial,Nigeria,Genuine
Metformin,MedLine Drugs Ltd,NOT REGISTERED,0000000000000,63,09/12/2026,Crema,125mg/5ml,BULK,Unknown,Suspicious
Tetracycline,Swiss Pharma Nigeria Ltd,C7-6918,6195851777417,BT25-4962,2029-10-06,Capsule,250mg,200ml bottle,Nigeria,Genuine
Augmenti,Mopson Pharmaceutical Ltd,AP-KALQ,70679,BATCH-544,,Powedr,200mg,30g tube,Ghana,Suspicious
Paracetmol,PharmaFast Nigeria,P2PNKD,4487621648,95,22/03/2026,Sachet,50mg,20 tablets,China,Suspicious
Metformin,Mopson Pharmaceutical Ltd,F3-4633,6194383640411,BT26-0479,2026-02-15,Sachet,250mg,20 tablets,Nigeria,Genuine
Prednisolone,Pharma Deko Plc,B3-2766,6190890714010,LOT26-0268,2026-02-20,Suspension,1g,100 tablets,Nigeria,Genuine
Panado,HealthMax Pharma,PZ-CRUZ,6193045762744,BATCH-760,01/09/2026,Powder,N/A,20 tablets,Nigeria,Suspicious
Power Drug,SuperCure Pharma,C4WXEF,0000000000000,N/A,2020-05-17,suspension,250mg,30g tube,Ghana,Suspicious
Amlodipine,Pharma Deko Plc,U0-8280,6194299074720,B25-7031,2028-02-25,Drops,1g,1 vial,Nigeria,Genuine
Foilc Acid,Juhel Nigerai Ltd,U5-6628,7907704553,dkO,04/03/2026,Syrpu,10mg,100 tablets,Ghana,Suspicious
Cotrimoxazole,Swiss Pharma Nigeria Ltd,InJ9Cz,3333333333333,aaJMaNEZ,02/04/2026,  Powder ,UNKNOWN,100ml bottle,China,Suspicious
Vitamin C,Fidson Healthcare Plc,C8-7805,6190089219630,B25-5403,2029-09-24,Tablet,400mg,10 capsules,Nigeria,Genuine
Amoxicillin,Chi Pharmaceuticals Ltd,-7114,0000000000000,DPFX,11/04/2026,  Sachet ,500mg/5ml,5 vials,Nigeria,Suspicious
Loperamide,Mopson Pharmaceutical Ltd,K8-8987,6197169472251,L26-9465,2029-02-03,Syrup,10mg,100 tablets,Nigeria,Genuine
Lonart,Sanofi Nigeria,PI1TSQ,0287451202,94,N/A,Capsule,250mg/5ml,1 vial,India,Suspicious
Amlodipine,Neimeth International Pharmaceuticals,K3-8907,6198018915677,BT25-4674,2029-08-03,Drops,50mg,1 tube,Nigeria,Genuine
Amoxil,HealthMax Pharma,k90h7,6198219386825,??,05/07/2026,Suspension,20mg,60ml bottle,Nigeria,Suspicious
Ampiclox,Tuyil Pharmaceutical Industries,D2-9857,6196391741012,BN26-4205,2029-01-16,Syrup,125mg/5ml,5 vials,Nigeria,Genuine
Ranitidine,Fidson Healthcare Plc,O0-7039,6198025662120,B25-7935,2026-07-28,Suspension,100mg,100 tablets,Nigeria,Genuine
Vitamin CC,MedExpress Ltd,FF-BPIC,613875955,BATCH-159,,suspension,100mg,1 pack,Unknown,Suspicious
Instant Relief Caps,NovaDrug Industries,  I5-2905 ,1111111111111,BATCH-797,2020-09-03,Cream,500mg,5 vials,India,Suspicious
Loperamide,SKG Pharma Ltd,M5-9687,6190185694546,LOT24-4283,2029-08-25,Suspension,250mg/5ml,5 vials,Nigeria,Genuine
Tetracycline,May & Baker Nigeria Plc,R3-6468,6193544439284,LOT24-5006,2028-06-26,Ointment,20mg,1 vial,Nigeria,Genuine
Ampiclox,Juhel Nigeria Ltd,O3-8549,6195534490213,L25-6593,2029-01-27,Powder,500mg,200ml bottle,Nigeria,Genuine
Augmentin,Sanofi Nigeria,D0-9615,6196771333448,L25-2233,2029-04-20,Suspension,400mg,1 tube,Nigeria,Genuine
Panadol,Emzor Pharmaceutical Industries,L6-9955,6191528733977,B25-5940,2027-02-15,Ointment,125mg/5ml,60ml bottle,Nigeria,Genuine
Panadol,SKG Pharma Ltd,P5-3083,6191353028163,LOT24-6770,2028-07-07,Tablet,125mg/5ml,10 tablets,Nigeria,Genuine
Ampiclox,Tuyil Pharmaceutical Industries,S8-6730,6195241406026,B24-3726,2027-11-07,Injection,125mg/5ml,60ml bottle,Nigeria,Genuine
Ciprofloxacn,GoodHealth Generics,-1036,0000000000000,saMPPUx,22/09/2026,POWDER,500mg,60ml bottle,Nigeria,Suspicious
Azithromycin,Drugfield Pharmaceuticals Ltd,B1-9471,6192727955962,B24-5381,2026-11-12,Tablet,100mg,60ml bottle,Nigeria,Genuine
Vitamin B Complex,Nigerian German Chemicals Plc,A1-2755,6193443899820,L26-0155,2027-01-11,Powder,20mg,1 vial,Nigeria,Genuine
Hydrocoritsone,Chi Pharmaceuticals Ltd,V2-8195,4444444444444,DeDV,UNKNOWN,SYRUP,10mg,1 vial,Nigeria,Suspicious
Tetracycline,Drugfield Pharmaceuticals Ltd,E1-6678,6194570568207,B24-2169,2028-08-27,Tablet,250mg/5ml,1 vial,Nigeria,Genuine
Panado,Dana Pharmaceuticals Ltd,Bsw3,6191839525254,8,22/09/2025,Capsule,125mg/5ml,100 tablets,Nigeria,Suspicious
Ciprofloxacn,GoodHealth Generics,Q8-6354,0000000000000,61,N/A,Tablet,5mg,100ml bottle,Pakistan,Suspicious
Amatem,Evans Medical Plc,P2-5295,6191916503441,BN26-6922,2029-02-16,Drops,250mg/5ml,20 tablets,Nigeria,Genuine
Ampiclox,Neimeth International Pharmaceuticals,U0-4439,6198856811933,B25-8927,2026-05-11,Sachet,500mg,10 tablets,Nigeria,Genuine
Chloroquine,Pfizer Nigeria,H8-3605,6197615396698,LOT26-3969,2027-11-22,Capsule,250mg/5ml,1 tube,Nigeria,Genuine
Lonart,Emzor Pharmaceutical Industries,I5-3065,6190360894112,B25-1636,2027-11-11,Sachet,1g,30 tablets,Nigeria,Genuine
Multivitamin,SKG Pharma Ltd,F7-2895,6197833321168,BN24-5449,2029-05-08,Injection,125mg/5ml,100ml bottle,Nigeria,Genuine
Furoseimde,hOVID nIGERIA lTD,C9-845849,6194790534723,76,03/12/2026,dROPS,250mg,5 vials,Ghana,Suspicious
Nifedipine,SuperCure Pharma,K0-395798,6643223946121289,TfGDrnad,???,OINTMENT,20mg,1 vial,Unknown,Suspicious
Ferrous Sulphate,Emzor Pharmaceutical Industries,J1-7458,6195915201773,L26-4512,2026-06-02,Sachet,50mg,20 capsules,Nigeria,Genuine
Omeprazole,Neimeth International Pharmaceuticals,G2-6447,6198486899936,L26-0745,2029-12-19,Powder,400mg,200ml bottle,Nigeria,Genuine
Chlorpheniramine,CureFast Pharmaceuticals,60IQ7S,9854582942,HPId,2022-04-09,Ointment,500mg,1 pack,India,Suspicious
Ranitidine,Tuyil Pharmaceutical Industries,E8-8668,6194315274202,LOT25-9402,2027-03-20,Ointment,20mg,200ml bottle,Nigeria,Genuine
Erythromycin,Swiss Pharma Nigeria Ltd,X6-6188,6195110475412,BT24-3170,2029-08-18,Powder,5mg,60ml bottle,Nigeria,Genuine
Amoxil,WonderDrug Co,5Q1OSS,3333333333333,43,UNKNOWN,Suspension,UNKNOWN,60ml bottle,Unknown,Suspicious
Diclofenac,Mopson Pharmaceutical Ltd,K8-4063,6194301764649,LOT26-9532,2026-04-24,Capsule,10mg,100 tablets,Nigeria,Genuine
Cotrimoxazole,Drugfield Pharmaceuticals Ltd,P9-7189,6199545009020,LOT25-9667,2026-11-11,Ointment,250mg,60ml bottle,Nigeria,Genuine
  Doxycycline ,NovaDrug Industries,O-28,0000000000000,BATCH-981,2020-05-04,  Sachet ,100mg,30g tube,Nigeria,Suspicious
Hydrocortisone,Dana Pharmaceuticals Ltd,S7-4627,6199641789963,B26-6368,2026-10-04,Sachet,500mg/5ml,5 vials,Nigeria,Genuine
Chloroquine,May & Baker Nigeria Plc,N3-7364,6193845269696,LOT25-4180,2026-12-14,Injection,125mg/5ml,1 vial,Nigeria,Genuine
Augmenti,DrugKing Industries,T-87,6195578022807,zJbgpT,2021-12-13,Saceht,N/A,100ml bottle,India,Suspicious
Metformin,Pfizer Nigeria,V4-9037,6199851583283,BN26-2711,2029-09-18,Ointment,250mg,20 capsules,Nigeria,Genuine
  Ibuprofen ,AlphaHealth Industries,JF-YVEG,6196540307991,oPdjy,2020-02-05,Sahcet,100mg,5 vials,Nigeria,Suspicious
Lonart,Sanofi Nigeria,D4-9898,6195807836137,LOT24-7468,2028-06-28,Capsule,50mg,20 tablets,Nigeria,Genuine
azithromycin,QuickCure Labs,V1-5564,673725009,21,2022-07-24,SACHET,250mg,1 tube,Ghana,Suspicious
  Furosemide ,NovaDrug Industries,WMUB4F,6195233297045,97,19/06/2025,  Sachet ,250mg/5ml,5 vials,Nigeria,Suspicious
MegaVit Plus,neimeth international pharmaceuticals,A-73,7078937,---,UNKNOWN,sYRUP,UNKNOWN,60ml bottle,Unknown,Suspicious
Antcaid,MedExpress Ltd,wJgelL6,4444444444444,BATCH-045,,Powder,100mg,100ml bottle,India,Suspicious
Lonart DS Extra,TopNotch Drugs Ltd,-5428,tcmUxQsF8JENn,BATCH-685,N/A,Syrup,500mg,20 capsules,Ghana,Suspicious
  Atenolol ,PharmaFast Nigeria,MH-UIAG,vB94jchpm8q5w,BATCH-771,2020-09-19,Suspension,100mg,10 capsules,Unknown,Suspicious
Vitamin B Complex,BestPills International,PENDING,58729370625873608,sgJvN,N/A,Ointment,250mg/5ml,10 tablets,Nigeria,Suspicious
Metformin,Mopson Pharmaceutical Ltd,G6-7899,6196777675559,L24-8782,2027-04-07,Suspension,1g,100 tablets,Nigeria,Genuine
aMLODIPINE,Swiss Pharma Nigeria Ltd,O45-831,4578674047724649728,85,04/10/2025,Ointment,100mg,10 tablets,Nigeria,Suspicious
Ampiclox,May & Baker Nigeria Plc,B4-9010,6199788897538,LOT26-8526,2028-03-08,Powder,20mg,10 tablets,Nigeria,Genuine
Amoxicillin,Hovid Nigeria Ltd,Z1-9062,6197602991400,L26-8841,2028-02-07,Suspension,200mg,100ml bottle,Nigeria,Genuine
Doxycycline,SKG Pharma Ltd,X0-2612,6190651333870,BT25-3106,2028-08-08,Capsule,50mg,30g tube,Nigeria,Genuine
Flagyl,Chi Pharmaceuticals Ltd,z3-6846,6198971535967,BATCH-415,28/12/2026,Injection,5mg,1 tube,India,Suspicious
Ranitidine,Mopson Pharmaceutical   Ltd ,Y2-475501,6197231631609,85,21/09/2025,  Capsule ,N/A,10 tablets,China,Suspicious
Ampiclox,Swiss Pharma Nigeria Ltd,B5-1601,6192099451017,L24-2743,2028-10-22,Sachet,1g,30g tube,Nigeria,Genuine
Metronidazole,Evans Medical Plc,N1-6460,6194021190179,BN25-6016,2029-09-04,Injection,100mg,1 vial,Nigeria,Genuine
  Chlorpheniramine ,Sunrise Medications,-8697,6193677244342,81,28/05/2026,Powder,,30g tube,India,Suspicious
Amlodipine,Evans Medical Plc,A9-6114,6193533448570,BN25-2546,2027-05-04,Tablet,1g,200ml bottle,Nigeria,Genuine
Hydrocortisone,Fidson Healthcare Plc,P4-9908,6191131765396,L24-5389,2028-09-25,Drops,200mg,1 vial,Nigeria,Genuine
Chloroquine,GlaxoSmithKline Nigeria,M2-6215,6192654696815,LOT25-9708,2026-04-20,Syrup,500mg/5ml,100 tablets,Nigeria,Genuine
Amoxicillin,Bioraj Pharmaceuticals Ltd,U9-8878,6196108143566,BN25-1111,2027-09-10,Cream,125mg/5ml,100 tablets,Nigeria,Genuine
Lonart,Dana Pharmaceuticals Ltd,Y6-4898,6198527789561,BN24-3675,2029-02-22,Powder,400mg,10 capsules,Nigeria,Genuine
Cotrimoxazole,Juhel Nigeria Ltd,T6-6399,6197569245936,L25-3010,2029-06-10,Drops,1g,30g tube,Nigeria,Genuine
MegaVit Plus,  Chi  Pharmaceuticals Ltd,EN-ZQUY,6194614974599,UNKNOWN,2021-10-23,Sachet,5mg,30 tablets,India,Suspicious
Folic Acid,Pharma Deko Plc,G5-4769,6191531363635,BN25-9686,2029-01-14,Syrup,200mg,1 vial,Nigeria,Genuine
Prednisolone,Emzor Pharmaceutical Industries,E8-7543,6197202009536,L25-2320,2026-10-12,Suspension,20mg,200ml bottle,Nigeria,Genuine
Metformin,Tuyil Pharmaceutical Industries,I4-2961,6196093659523,BN24-5199,2026-02-28,Powder,125mg/5ml,30g tube,Nigeria,Genuine
Atenolol,Chi Pharmaceuticals Ltd,F0-7653,6199535412014,BT24-7271,2028-10-12,Tablet,500mg,30 tablets,Nigeria,Genuine
Flagy,QuickCure Labs,-9405,2222222222222,BATCH-689,27/11/2026,Syrpu,UNKNOWN,10 capsules,Pakistan,Suspicious
Ceftriaxone,Emzor Pharmaceutical Industries,P9-9922,6196617706733,L26-2500,2026-06-25,Tablet,20mg,200ml bottle,Nigeria,Genuine
Ibuprofen,Pharma Deko Plc,D3-4495,6197605230452,B26-1646,2029-06-25,Tablet,100mg,20 capsules,Nigeria,Genuine
Glibenclamide,Fidson Healthcare Plc,K7-2540,6198409080519,BT24-8769,2026-01-11,Ointment,400mg,10 tablets,Nigeria,Genuine
Furosemide,Mopson Pharmaceutical Ltd,A8-3316,6191009968812,LOT24-5733,2027-07-21,Powder,100mg,30 tablets,Nigeria,Genuine
Ciprofloxacn,MAY & BAKER NIGERIA PLC,Z-36,88319602509270400438,---,17/05/2026,Tablet,400mg,30g tube,Nigeria,Suspicious
Vitamin C,Neimeth Internatoinal Pharmaceuticals,-7103,29771,ahEXW,,Onitment,N/A,60ml bottle,China,Suspicious
Panadol,Dana Pharmaceuticals Ltd,J4-6161,6196557431320,B24-2646,2026-03-15,Drops,10mg,60ml bottle,Nigeria,Genuine
Chlorpheniramine,May & Baker Nigeria Plc,M7-5493,6195686524064,BT24-2014,2028-06-20,Sachet,20mg,100ml bottle,Nigeria,Genuine
Nifedipine,Drugfield Pharmaceuticals Ltd,X5-4266,6195365974661,B26-6363,2026-07-07,Injection,100mg,20 tablets,Nigeria,Genuine
ORS,Tuyil Pharmaceutical Industries,G2-7635,6195306011981,L25-6478,2026-08-17,Ointment,500mg/5ml,200ml bottle,Nigeria,Genuine
Antacid,Dana Pharmaceuticals Ltd,W0-7131,6199736424809,B25-3069,2028-05-01,Ointment,200mg,10 tablets,Nigeria,Genuine
Emzor Paracetamol,Evans Medical Plc,M2-7541,6191367157781,L24-1506,2027-12-04,Ointment,500mg/5ml,60ml bottle,Nigeria,Genuine
Super Paracetamol,TopNotch Drugs Ltd,WA-IPKP,6196693233703,fJBabz,2022-11-02,Powder,20mg,100ml bottle,China,Suspicious
Instant Relief Caps,MedLine Drugs Ltd,-7789,rA6B9RHeTq9ct,seUtJqzZ,2021-01-04,Ointment,125mg/5ml,100ml bottle,Nigeria,Suspicious
Omeprazole,Neimeth International Pharmaceuticals,Z6-1996,6198545667667,LOT24-4496,2029-12-08,Cream,125mg/5ml,10 tablets,Nigeria,Genuine
Augmentin,Juhel Nigeria Ltd,L7-5395,6191552166741,L26-7935,2029-11-26,Syrup,250mg,30 tablets,Nigeria,Genuine
Amoxicillin,MegaDrug Industries,-3198,gLW9BncdnIaH0,BATCH-254,N/A,Injection,50mg,60ml bottle,India,Suspicious
Metformin,Hovid Nigeria Ltd,Q7-1586,6197152386763,L24-8935,2027-01-20,Drops,400mg,60ml bottle,Nigeria,Genuine
Vitamin B Complex,Fidson Healthcare Plc,M1-3288,6198463985546,L25-4129,2028-06-07,Drops,1g,20 capsules,Nigeria,Genuine
Omeprazole,SKG Pharma Ltd,Y8-5582,6199912165588,LOT24-3361,2029-09-02,Tablet,500mg,30 tablets,Nigeria,Genuine
Nifedipine,Fidson Healthcare Plc,P6-5294,6198467357424,BT24-3650,2027-03-06,Powder,500mg,5 vials,Nigeria,Genuine
Total Cure Tablets,HealthMax Pharma,CZ-JWUE,867471520351919,BATCH-668,12/11/2025,suspension,125mg/5ml,20 tablets,Pakistan,Suspicious
ORS,Hovid Nigeria Ltd,Y3-3466,6190603850509,L26-5138,2026-04-17,Suspension,20mg,100ml bottle,Nigeria,Genuine
Emzor Paracetamol,Juhel Nigeria Ltd,U0-8439,6198593110917,B24-9491,2027-11-17,Injection,10mg,60ml bottle,Nigeria,Genuine
Amoxicilin,skg pHARMA lTD,-6429,0000000000000,JUieV,2021-02-21,Powder,N/A,10 capsules,Nigeria,Suspicious
Amatem,Pfizer Nigeria,D0-3797,6195625889674,B24-4344,2026-11-17,Syrup,125mg/5ml,30 tablets,Nigeria,Genuine
Azithromycin,Tuyil Pharmaceutical Industries,-4305,6192496737196,---,11/08/2025,  Syrup ,125mg/5ml,200ml bottle,Ghana,Suspicious
Prednisolone,May & Baker Nigeria Plc,B9-4437,6194596262288,BT26-3075,2028-02-26,Syrup,500mg,100ml bottle,Nigeria,Genuine
Agumentin,Swiss Pharm aNigeria Ltd,NS-SFPL,6197041167886,PvOoT,08/09/2026,Cream,500mg,1 vial,India,Suspicious
Metformin,FastRelief Drugs,9RUMPP,313001618,23,2022-03-19,  Tablet ,1g,30 tablets,Ghana,Suspicious
Total Cure Tablets,Hovid Nigeira Ltd,I-34,951452,JAWHK,2023-01-26,  Ointment ,500mg,20 capsules,China,Suspicious
Ferrous Sulphate,Swiss Pharma Nigeria Ltd,I5-1648,6198640355339,B24-4168,2027-10-28,Ointment,5mg,20 capsules,Nigeria,Genuine
Panadol,Mopson Pharmaceutical Ltd,J8-3540,6191423691433,BN25-5910,2027-11-21,Ointment,20mg,60ml bottle,Nigeria,Genuine
Cotrimoxazole,May & Baker Nigeria Plc,M5-4892,6190745054445,L26-1709,2027-03-10,Drops,500mg/5ml,20 capsules,Nigeria,Genuine
Augmentin,Chi Pharmaceuticals Ltd,Q0-2043,6195619318371,LOT25-5920,2026-09-09,Syrup,250mg/5ml,200ml bottle,Nigeria,Genuine
Antacid,Evans Medical Plc,K9-7465,6190945449010,LOT26-5359,2028-03-15,Drops,500mg,100ml bottle,Nigeria,Genuine
Augmenti,Emzor Pharmaceuticla Industries,Z-58,2222222222222,vrssZCGt,06/02/2025,Drops,20mg,100 tablets,China,Suspicious
Pormethazine,Emzro Pharmaceutical Industries,B6-7806,1568387027853798214,40,2021-08-04,DROPS,UNKNOWN,60ml bottle,Pakistan,Suspicious
  Prednisolone ,GlaxoSmithKline Nigeria,NOT REGISTERED,0000000000000,87,05/07/2025,Ointment,125mg/5ml,20 tablets,Pakistan,Suspicious
Augmenti,Mopson Pharmaceutical   Ltd ,N/A,6198383193465,BATCH-714,???,tABLET,1g,1 tube,Unknown,Suspicious
Ferrous Sulphate,Chi Pharmaceuticals Ltd,G3-3186,6198293020257,L26-1866,2027-04-01,Suspension,500mg,100 tablets,Nigeria,Genuine
Folic Acid,May & Baker Nigeria Plc,K5-8723,6193857368011,BN26-2344,2027-07-28,Tablet,200mg,100ml bottle,Nigeria,Genuine
Ciproflxoacin,MegaDrug Industries,H6-1587,0000000000000,5,UNKNOWN,  Cream ,UNKNOWN,60ml bottle,Ghana,Suspicious
Tramadol,Pharma Deko Plc,L0-5952,6199627322627,L24-1549,2028-03-09,Suspension,500mg/5ml,60ml bottle,Nigeria,Genuine
Metronidazol,hovid nigeria ltd,AX1,3333333333333,18,16/02/2026,Pwoder,N/A,10 tablets,Nigeria,Suspicious
Ampiclox,GlaxoSmithKline Nigeria,A8-1646,6192851553331,LOT24-7051,2028-04-07,Cream,500mg,30 tablets,Nigeria,Genuine
Amatem,Bioraj Pharmaceuticals Ltd,V1-3221,6196042232531,L25-2429,2028-11-14,Ointment,50mg,20 tablets,Nigeria,Genuine
Diazepam,PharmaPlus International,DMX1VO,0000000000000,UNKNOWN,UNKNOWN,Sachte,200mg,20 capsules,China,Suspicious
  Ibuprofen ,MedLine Drugs Ltd,J4-9875,3333333333333,60,20/12/2025,Sachet,10mg,10 capsules,Pakistan,Suspicious
Augmentin,Sanofi Nigeria,R5-9049,6199736383182,BT26-5317,2029-01-11,Suspension,1g,30g tube,Nigeria,Genuine
Loperamide,Mopson Pharmaceutical Ltd,A8-3369,6190388065334,BT24-5695,2027-11-16,Drops,1g,1 tube,Nigeria,Genuine
Prednisolone,Hovid Nigeria Ltd,A5-6580,6195572773828,L25-6701,2026-11-28,Sachet,250mg,5 vials,Nigeria,Genuine
furosemide,WonderDrug Co,H-68,6199376699766,JtVRqzeP,20/11/2025,Cream,1g,30g tube,Pakistan,Suspicious
Azithromycin,May & Baker Nigeria Plc,J5-1293,6196917679935,LOT26-3751,2029-05-10,Tablet,200mg,5 vials,Nigeria,Genuine
Prednisolone,QuickCure Labs,B4-337071,6666666666666,---,23/03/2026,  Ointment ,125mg/5ml,30 tablets,Nigeria,Suspicious
Hydrocortisone,Chi Pharmaceuticals Ltd,P8-2702,6190509222165,BN24-7364,2026-06-04,Powder,400mg,100 tablets,Nigeria,Genuine
Atenolol,SKG Pharma Ltd,D7-6085,6197733294562,BT26-5512,2028-08-16,Tablet,250mg,100ml bottle,Nigeria,Genuine
Ranitidine,Swiss Pharma Nigeria Ltd,W4-9818,6199808806786,BT24-4548,2026-08-09,Ointment,5mg,20 tablets,Nigeria,Genuine
Magic Cure Pill,GoodHealth Generics,Q3-218168,7777777777777,54,16/01/2026,Ointemnt,500mg/5ml,BULK,Nigeria,Suspicious
Power Drug,Drugfield Pharmaceuitcals Ltd,F-57,2455711627,BATCH-739,20/03/2026,suspension,250mg,10 capsules,China,Suspicious
Atenolol,Chi Pharmaceuticals Ltd,Z5-9335,6193132370586,B25-7757,2027-10-03,Capsule,400mg,60ml bottle,Nigeria,Genuine
Diazepam,Emzor Pharmaceutical Industries,Y4-1659,6192787429670,BN25-5800,2029-06-11,Capsule,100mg,20 capsules,Nigeria,Genuine
Folic Acid,GoodHealth Generics,pLYXKIO,7777777777777,82,22/04/2026,Tablet,400mg,BULK,Unknown,Suspicious
Loperamide,MegaDrug Industries,j4-5178,6193736090859,??,2023-10-10,Drops,20mg,100 tablets,Pakistan,Suspicious
Doxycycline,Tuyil Pharmaceutical Industries,E4-4965,6194266179793,L26-8400,2029-09-02,Cream,250mg/5ml,30g tube,Nigeria,Genuine
Emzor Paracetamol,Pfizer Nigeria,J4-3522,6195892225601,L24-5630,2027-06-21,Tablet,20mg,100 tablets,Nigeria,Genuine
ORS,EvansM edical Plc,J8-1001,0000000000000,UNKNOWN,2022-02-01,Drops,125mg/5ml,30 tablets,Pakistan,Suspicious
Vitamin B Complex,Evans Medical Plc,Z2-4009,6195216025238,B25-1448,2027-12-22,Tablet,1g,10 capsules,Nigeria,Genuine
Cotrimoxazole,Hovid Nigeria Ltd,B-58,0000000000000,BATCH-451,N/A,  Cream ,1g,100 tablets,China,Suspicious
Ferrous Sulphate,Healwell Pharma Ltd,U19-547,6193359847427,74,,Cream,UNKNOWN,N/A,Ghana,Suspicious
Vitamin CC,glaxosmithkline nigeria,drw,vMuZ5X7AI8nx8,---,17/01/2026,Tbalet,500mg,N/A,Ghana,Suspicious
Chlorpheniramine,Dana Pharmaceuticals Ltd,A4-1959,6197859321333,LOT26-1016,2027-10-28,Ointment,10mg,30 tablets,Nigeria,Genuine
Folic Acid,Dana Pharmaceuticals Ltd,F6-5861,6199684364530,B24-4223,2028-03-03,Tablet,250mg,100ml bottle,Nigeria,Genuine
Vitamin B Complex,Juhel Nigeria Ltd,E1-9456,6192307681045,BN26-9836,2026-06-15,Tablet,250mg,200ml bottle,Nigeria,Genuine
ORS,SKG Pharma Ltd,ZU9NyRv,1729940369481126649,N/A,???,  Drops ,50mg,60ml bottle,India,Suspicious
Paracetmol,SKG Pharma Ltd,M6-511180,Qn5YQJtGF2U4b,BATCH-317,06/10/2026,Syrup,500mg/5ml,10 capsules,China,Suspicious
  Lisinopril ,pharma deko plc,U1-629415,3iQjaWI2CnWAI,65,13/06/2026,Craem,400mg,5 vials,Pakistan,Suspicious
MegaVit Plus,MedLine Drugs Ltd,N/A,6190287574050,31,N/A,Suspension,500mg,30g tube,Unknown,Suspicious
Vitamin C,GoodHealth Generics,S9-3501,6199247688349,lee,2020-02-28,  Powder ,500mg,5 vials,Nigeria,Suspicious
Amatem,Bioraj Pharmaceuticals Ltd,A8-9265,6190622072234,B25-9502,2028-08-08,Drops,100mg,1 tube,Nigeria,Genuine
Multivitamin,Bioraj Pharmaceuticals Ltd,Q2-5512,6195279050406,LOT24-3452,2027-04-25,Cream,200mg,200ml bottle,Nigeria,Genuine
Antacid,Emzor Pharmaceutical Industries,X1-4506,6198759271254,L25-3610,2027-07-04,Cream,250mg,100ml bottle,Nigeria,Genuine
amatem,AlphaHealth Industries,  Y4-9775 ,9999999999999,N/A,???,ointment,10mg,BULK,China,Suspicious
Erythromycin,Swiss Pharma Nigeria Ltd,N6-3257,6191719553568,BN24-3901,2026-10-01,Suspension,20mg,1 tube,Nigeria,Genuine
Amoxil,Pharma Deko Plc,B7-5065,6192748835656,BN25-9619,2029-03-10,Tablet,1g,60ml bottle,Nigeria,Genuine
Ferrous Sulphate,Dana Pharmaceuticals Ltd,P8-4538,6191869289720,B25-5534,2028-01-22,Capsule,5mg,30 tablets,Nigeria,Genuine
Augmentin,TopNotch Drugs Ltd,HJ-FIVS,6193387895919,mbHnD,19/06/2025,powder,???,10 capsules,China,Suspicious
MegaVit Plus,HealthMax Pharma,p9-9912,6190211682318,63,N/A,  Powder ,250mg,30g tube,China,Suspicious
  Antacid ,TopNotch Drugs Ltd,PU-QUFZ,98012201631852002391,BATCH-101,21/11/2025,Cpasule,10mg,30 tablets,China,Suspicious
Spironolacotne,Dana Pharmaceuticals Ltd,S6-8293,9XEo2XRKcdhHn,lrfk,2020-05-07,Tablet,N/A,1 vial,China,Suspicious
Ibuprofen,BioFix Pharmaceuticals,7DOCBI,7876028749,iVJBdr,2021-10-03,Ointment,100mg,20 capsules,Pakistan,Suspicious
Nifedipine,Fidson Healthcare Plc,S1-9796,6192553714788,LOT26-6467,2029-10-04,Cream,10mg,100ml bottle,Nigeria,Genuine
Hydrocortisone,Tuyil Pharmaceutical Industries,Y5-8036,6195555356697,BN25-5510,2026-01-15,Ointment,250mg/5ml,30 tablets,Nigeria,Genuine
Flagyl,May & Baker Nigeria Plc,H2-1587,6197427617073,LOT26-9289,2029-08-16,Capsule,250mg/5ml,30 tablets,Nigeria,Genuine
Ferrous Sulphate,eVANS mEDICAL pLC,U0-3567,6190348042474,N/A,N/A,Tablet,1g,10 tablets,Pakistan,Suspicious
Amlodipine,Bioraj Pharmaceuticals Ltd,R7-8503,6194924243750,LOT24-2530,2028-05-15,Syrup,1g,30 tablets,Nigeria,Genuine
  Chloroquine ,BestPills International,A3-733556,6198221803969,UNKNOWN,N/A,Suspension,250mg/5ml,30g tube,Ghana,Suspicious
VITAMIN C,Dana Pharmaceuticals Ltd,X0-7020,6196694239438,93,12/11/2026,Syrup,1g,30g tube,China,Suspicious
Chloroquine,Nigerian Geramn Chemicals Plc,SS-SQXB,6194158933359,70,23/12/2026,  Tablet ,125mg/5ml,5 vials,Ghana,Suspicious
Ibuprofen,Pharma Deko Plc,D4-3305,6194426078195,L25-5067,2027-08-07,Injection,50mg,60ml bottle,Nigeria,Genuine
Lonart DS Extra,Healwell Pharma Ltd,0V33LI,4xSVS9RzXo1Mu,BATCH-503,2022-08-14,injection,UNKNOWN,100 tablets,India,Suspicious
Erythromycin,Sanofi Nigeria,G9-6259,6197875207024,BN25-2864,2029-03-22,Tablet,,1 vial,Nigeria,Genuine
Augmentin,Drugfiedl Pharmaceuticals Ltd,xKzrh,0000000000000,??,???,Powder,500mg/5ml,10 tablets,Pakistan,Suspicious
Ciprofloxacn,MegaDrug Industries,IS-DXVZ,090168011536096439,BATCH-381,20/08/2025,  Syrup ,UNKNOWN,20 tablets,Nigeria,Suspicious
Instant Relief Caps,AlphaHealth Industries,v1-4848,75942501657555748632,JII,2022-07-02,Craem,20mg,1 vial,Nigeria,Suspicious
Chlorpheniramine,Bioraj Pharmaceuticals Ltd,P3-2066,6193797166982,LOT24-6831,2029-02-05,Suspension,50mg,10 capsules,Nigeria,Genuine
Multivitamin,TopNotch Drugs Ltd,B3-7955,0000000000000,??,16/06/2025,  Cream ,50mg,200ml bottle,Ghana,Suspicious
Panado,DANA PHARMACEUTICALS LTD,H-55,55019354503698884,80,2021-04-06,injection,10mg,N/A,China,Suspicious
Ampiclox,Mopson Pharmaceutical Ltd,U7-1022,6191658046497,B26-3493,2026-10-11,Tablet,5mg,5 vials,Nigeria,Genuine
Amoxicilin,AlphaHealth Industries,  T0-4770 ,6197661366287,PeZJwdS,UNKNOWN,Drpos,500mg,1 tube,Ghana,Suspicious
Lisinopril,Nigerian German Chemicals Plc,K1-9943,6192530925114,LOT24-6901,2027-12-12,Powder,100mg,100ml bottle,Nigeria,Genuine
Nifedipine,NovaDrug Industries,  I7-3483 ,35668303253695255,---,07/06/2025,Drops,100mg,20 tablets,Ghana,Suspicious
Amoxicilin,MegaDrug Industries,-1712,6191828051665,N/A,N/A,sYRUP,400mg,BULK,Pakistan,Suspicious
Augmenti,WonderDrug Co,  N4-1200 ,siyd3BYjsh1mV,39,N/A,Capslue,125mg/5ml,1 vial,Ghana,Suspicious
Nifedipine,Nigerian German Chemicals Plc,S1-6514,6194522675281,B25-3757,2027-07-10,Injection,100mg,30 tablets,Nigeria,Genuine
Atenolol,Hovid Nigeria Ltd,V7-3536,6193430980500,BN26-7911,2027-01-17,Capsule,100mg,20 tablets,Nigeria,Genuine
Super Paracetamol,WonderDrug Co,SQ-MASJ,0509083069,47,2020-06-12,Oinmtent,100mg,1 vial,Nigeria,Suspicious
Ferrous Sulphate,Pfizer Nigeria,T7-1507,6196296201536,BT25-9178,2028-11-10,Injection,200mg,20 tablets,Nigeria,Genuine
Paracetamol,Bioraj Pharmaceuticals Ltd,H3-6956,6190615814889,B24-1017,2029-10-17,Suspension,200mg,10 capsules,Nigeria,Genuine
Augmentin,Pfizer Nigeria,B0-5081,6196221173273,L24-7073,2028-09-21,Powder,250mg/5ml,100 tablets,Nigeria,Genuine
Ampiclox,Hovid Nigeria Ltd,X8-7802,6191957612287,L26-5629,2027-09-20,Drops,10mg,20 capsules,Nigeria,Genuine
paracetamol,Emzor   Pharmaceutical  Industries,A1-8282,6193759493309,N/A,2020-08-04,Sachet,250mg,20 tablets,India,Suspicious
LISINOPRIL,FastRelief Drugs,J3-3226,6195651812752,cmmNoL,2022-07-26,Dorps,125mg/5ml,60ml bottle,Unknown,Suspicious
Diazepam,Emzor Pharmaceutical Industries,N3-3129,6192481554203,BT26-4776,2026-04-02,Capsule,500mg,1 vial,Nigeria,Genuine
Chloroquine,Dana Pharmaceuticals Ltd,I2-5933,6195798894253,L25-2479,2026-12-26,Ointment,125mg/5ml,10 tablets,Nigeria,Genuine
Metronidazole,Sanofi Nigeria,U6-9026,6198994053912,BN24-8151,2026-08-26,Tablet,10mg,200ml bottle,Nigeria,Genuine
Tramadol,Evans Medical Plc,D8-5788,6193368750923,L24-2895,2027-04-20,Sachet,5mg,30 tablets,Nigeria,Genuine
Ranitidine,Chi Pharmaceuticals Ltd,C9-3273,6195967908989,LOT24-7144,2028-09-28,Tablet,100mg,30 tablets,Nigeria,Genuine
Augmenti,Mopson Pahrmaceutical Ltd,C-92,347561961765021,OiB,22/10/2026,Powder,250mg,10 tablets,India,Suspicious
Metformin,Hovid Nigeria Ltd,W2-3733,6197422579055,BN25-2336,2027-07-18,Powder,125mg/5ml,100ml bottle,Nigeria,Genuine
Metronidazole,Neimeth International Pharmaceuticals,A4-5949,6193619951710,LOT24-3541,2026-01-25,Syrup,125mg/5ml,1 vial,Nigeria,Genuine
eRYTHROMYCIN,Sunrise Medications,F-43,6197039190568,??,N/A,  Injection ,1g,60ml bottle,Nigeria,Suspicious
Spironolactone,Mopson Pharmaceutical Ltd,R4-8970,6194570545895,L24-4522,2026-03-14,Suspension,125mg/5ml,30 tablets,Nigeria,Genuine
Chloroquine,Sanofi Nigeria,B2-2637,6199620710025,BN26-9827,2028-07-23,Drops,250mg/5ml,30 tablets,Nigeria,Genuine
Chloroquine,MegaDrug Industries,-6856,21412022417561680,BATCH-460,UNKNOWN,  Injection ,20mg,60ml bottle,Unknown,Suspicious
Metformin,TopNotch Drugs Ltd,-7190,10661690,56,02/06/2025,  Injection ,N/A,BULK,Unknown,Suspicious
metformin,HealthMax Pharma,dFFi7mGHDu,eGxeTRpNyC8L8,BATCH-373,22/08/2026,Sachet,20mg,100ml bottle,Nigeria,Suspicious
Spironolactone,Tuyil Pharmaceutical Industries,E3-3535,6194407931105,BT26-2083,2026-04-07,Capsule,50mg,10 tablets,Nigeria,Genuine
Doxycycline,Tuyil Pharmaceutical Industries,N7-9006,6192190340432,B25-2855,2029-10-24,Drops,5mg,200ml bottle,Nigeria,Genuine
Vitamin CC,MedExpress Ltd,2XKD5R,6191346310787,zwRMxtfP,,Tbalet,125mg/5ml,200ml bottle,Ghana,Suspicious
Chlorpheniramine,Emzor Pharmaceutical Industries,R0-9486,6198235130525,BT24-2173,2028-05-16,Suspension,250mg,20 capsules,Nigeria,Genuine
Furosemide,GlaxoSmithKline Nigeria,P7-8848,6193926030290,B24-2307,2026-10-05,Tablet,100mg,10 capsules,Nigeria,Genuine
ORS,Tuyil Pharmaceutical Industries,T2-8687,6194907280123,BT25-2457,2027-12-04,Capsule,200mg,30 tablets,Nigeria,Genuine
Doxycycline,Sanofi Nigeria,G6-3484,6196894301201,LOT26-8007,2026-04-15,Syrup,125mg/5ml,100ml bottle,Nigeria,Genuine
Flagy,fIDSON hEALTHCARE pLC,5MCAYJ,V1vw3Fd4OGkaj,ukbI,,Drops,200mg,100ml bottle,China,Suspicious
Ibuprofen,Fidson Healthcare Plc,F6-9037,6197319227601,L25-9549,2029-11-18,Ointment,10mg,100 tablets,Nigeria,Genuine
Metronidazole,Emzor Pharmaceutical Industries,O9-5739,6192007494655,BT26-8461,2028-01-06,Powder,1g,20 tablets,Nigeria,Genuine
Ferrous Sulphate,Dana Pharmaceuticals Ltd,J9-3568,6199298316871,BT26-7857,2029-05-01,Ointment,250mg/5ml,100 tablets,Nigeria,Genuine
Amoxicillin,EMZOR PHARMACEUTICAL INDUSTRIES,nnZDNc02g2,218922400613865496,N/A,2022-02-09,Ssupension,5mg,BULK,Nigeria,Suspicious
Amoxil,Fidson Healthcare Plc,S0-9362,6196240580083,LOT24-4723,2026-04-14,Sachet,20mg,5 vials,Nigeria,Genuine
gENTAMICIN,QuickCure Labs,FQ-EPGO,BQAEVwJQEBs0T,ScocQ,2020-03-25,Ointment,50mg,BULK,Pakistan,Suspicious
  Azithromycin ,MedLine Drugs Ltd,UN-IKVK,0000000000000,49,28/02/2025,Powder,20mg,30 tablets,India,Suspicious
Ceftriaxone,Drugfield Pharmaceuticals Ltd,Y3-5543,6198734714349,LOT25-8949,2026-03-05,Suspension,20mg,1 tube,Nigeria,Genuine
Perdnisolone,MegaDrug Industries,H9-3300,6193782803564,VDHByaLs,2021-10-21,sACHET,10mg,5 vials,Unknown,Suspicious
Panadol,Tuyil Pharmaceutical Industries,K9-9693,6190111000519,LOT25-3426,2027-04-10,Capsule,10mg,1 vial,Nigeria,Genuine
Augmentin,GlaxoSmithKline Nigeria,S1-6766,6190576449748,L24-0918,2026-03-14,Powder,50mg,60ml bottle,Nigeria,Genuine
Amoxil,Pharma Deko Plc,J2-1645,6198737530014,BN26-8195,2027-02-25,Powder,250mg,1 tube,Nigeria,Genuine
Azithromycin,Tuyil Pharmaceutical Industries,O1-2352,6198372742209,B24-3003,2028-02-18,Ointment,100mg,20 tablets,Nigeria,Genuine
Lonart,Fidson Healthcare Plc,C4-9907,6193753745848,BT26-4483,2028-12-18,Powder,250mg,10 tablets,Nigeria,Genuine
Cotrimoxazole,Mopson Pharmaceutical Ltd,J1-2479,6193407851697,B25-7791,2026-09-20,Tablet,10mg,30g tube,Nigeria,Genuine
Tramadol,Tuyil Pharmaceutical Industries,Z3-6635,6192595332223,L24-3214,2027-01-10,Cream,50mg,1 tube,Nigeria,Genuine
Erythromycin,SKG Pharma Ltd,X7-2102,6191964215228,L25-5331,2029-07-16,Ointment,1g,30g tube,Nigeria,Genuine
Atenolol,Sanofi Nigeria,T6-1091,6194387875352,L26-8013,2026-02-14,Capsule,20mg,30 tablets,Nigeria,Genuine
Vitamin CC,Tuyil Pharmaceutical Industries,NONE,6440261,46,2022-03-11,Craem,100mg,60ml bottle,China,Suspicious
Flagy,FastRelief Drugs,W9-494187,6195302618405,48,27/09/2026,tablet,500mg/5ml,20 tablets,India,Suspicious
Lonart,Chi Pharmaceuticals Ltd,N/A,8888888888888,---,2020-09-10,Tablet,5mg,30g tube,India,Suspicious
Cotrimoxazole,Pharma Deko Plc,N0-9508,6191126003083,BT25-6499,2029-10-03,Tablet,20mg,30 tablets,Nigeria,Genuine
Amatem,Fidson Healthcare Plc,T2-9751,6193276483500,BT24-5268,2029-05-03,Suspension,1g,1 tube,Nigeria,Genuine
Super Paracetamol,Healwell Pharma Ltd,u8-7043,GVdnuj6UnsrMq,UNKNOWN,2020-09-03,SYRUP,250mg/5ml,1 pack,Ghana,Suspicious
Total Cure Tablets,TopNotch Drugs Ltd,1JQEDL,0000000000000,BqoXW,06/08/2026,tablet,10mg,1 tube,Unknown,Suspicious
Cotrimoxazole,GlaxoSmithKline Nigeria,E5-1886,6194729277424,BT24-3305,2026-06-24,Sachet,250mg,5 vials,Nigeria,Genuine
Lonart,Bioraj Pharmaceuticals Ltd,D9-6929,6198837340315,BT26-7872,2029-03-06,Tablet,500mg,5 vials,Nigeria,Genuine
Artemether Lumefantrine,GlaxoSmithKline Nigeria,E2-7916,6199166978484,BN26-1976,2028-11-11,Capsule,400mg,60ml bottle,Nigeria,Genuine
Folic Acid,GlaxoSmithKline Nigeria,W8-5480,6194989266596,BN26-4221,2029-04-17,Ointment,10mg,20 capsules,Nigeria,Genuine
Flagy,FastRelief Drugs,U9-719766,0000000000000,??,2021-03-08,  Sachet ,10mg,5 vials,China,Suspicious
Vitamin B Complex,Dana Pharmaceuticals Ltd,F5-2137,6192257207654,BN24-4422,2026-03-22,Tablet,1g,20 capsules,Nigeria,Genuine
Erythromycin,Mopson Pharmaceutical Ltd,S9-2600,6196247314988,L25-3196,2026-12-24,Tablet,1g,200ml bottle,Nigeria,Genuine
Diclofenac,Evans Medical Plc,W4-8438,6191349361830,BT25-2430,2026-01-06,Injection,1g,1 tube,Nigeria,Genuine
Emzor Paracetamol,Juhel Nigeria Ltd,G9-9644,6198547281236,LOT25-7512,2027-07-07,Capsule,400mg,60ml bottle,Nigeria,Genuine
Coartem,Tuyil Pharmaceutical Industries,U1-8370,6195455884504,L24-5852,2027-10-19,Powder,100mg,30g tube,Nigeria,Genuine
Tramadol,Juhel Nigeria Ltd,E2-5697,6196209355615,BN24-9420,2028-03-25,Sachet,50mg,10 tablets,Nigeria,Genuine
  Ciprofloxacin ,CureFast Pharmaceuticals,R-89,71193600608277056,BATCH-497,2023-07-28,Syrup,1g,60ml bottle,Ghana,Suspicious
Metronidazol,MedLine Drugs Ltd,N/A,0000000000000,UNKNOWN,,Cpasule,50mg,20 capsules,Nigeria,Suspicious
Erythromcyin,CureFast Pharmaceuticals,Z3-4980,mbQeHFVHGl26a,BATCH-478,2023-09-07,  Tablet ,250mg/5ml,1 vial,Unknown,Suspicious
Furosemide,Bioraj Pharmaceuticals Ltd,A0-4028,6193009156183,BT26-8683,2026-04-23,Ointment,10mg,100ml bottle,Nigeria,Genuine
Coartem,CureFast Pharmaceuticals,MeQrL,0000000000000,N/A,2023-03-08,Saceht,5mg,20 capsules,Unknown,Suspicious
Super Paracetamol,DrugKing Industries,N/A,0729850230,BATCH-678,15/02/2026,Podwer,50mg,60ml bottle,Nigeria,Suspicious
Hydrocortisone,sWISS pHARMA nIGERIA lTD,P-25,6Fayiyl0vFSrx,58,2022-08-21,Powder,250mg/5ml,10 tablets,Pakistan,Suspicious
Tetracycline,Emzor Pharmaceutical Industries,S6-1525,6198587495112,B24-9247,2026-09-06,Powder,250mg,1 vial,Nigeria,Genuine
Tramadol,Drugfield Pharmaceuticals   Ltd ,5RHCJT,9910042,BRvv,2023-09-02,Capsule,250mg,100ml bottle,India,Suspicious
Antacid,Mopson Pharmaceutical Ltd,K4-7563,6190158517438,BT26-0744,2029-11-07,Injection,250mg/5ml,60ml bottle,Nigeria,Genuine
Promethazine,SKG Pharma Ltd,P9-8146,6191208780574,BT24-5906,2026-12-09,Sachet,400mg,1 tube,Nigeria,Genuine
Power Drug,SuperCure Pharma,RV-BXRN,6199232468727,7,2023-04-08,Drops,5mg,20 tablets,Unknown,Suspicious
Ampiclox,Dana Pharmaceuticals Ltd,I2-6567,6198323024101,BT25-1918,2028-04-10,Drops,200mg,20 capsules,Nigeria,Genuine
Lisinopril,Neimeth International Pharmaceuticals,I7-3481,6197274231835,BN25-1202,2029-09-20,Suspension,250mg/5ml,30 tablets,Nigeria,Genuine
Ceftriaxone,Healwell Pharma Ltd,EH-YYVJ,T4JUUfvftw8wM,BATCH-231,07/03/2026,Syrpu,???,20 capsules,Pakistan,Suspicious
Prednisolone,Juhel Nigeria Ltd,K1-4065,6195427820790,L26-9536,2029-12-13,Drops,200mg,10 capsules,Nigeria,Genuine
Amoxicillin,NovaDrug Industries,E-98,6197323964400,72,2022-04-25,Syrup,N/A,30g tube,Pakistan,Suspicious
ORS,Hovid Nigeria Ltd,M3-2578,6190505243836,B26-0131,2028-09-23,Syrup,20mg,30g tube,Nigeria,Genuine
Antacid,Bioraj Pharmaceuticals Ltd,Y1-2526,6197298068653,BN26-8780,2029-04-26,Drops,500mg/5ml,30g tube,Nigeria,Genuine
Flagy,PharmaPlus International,O-29457,0000000000000,BATCH-148,,Syrup,100mg,60ml bottle,India,Suspicious
Promethazine,SKG Pharma Ltd,BR-OXKJ,3333333333333,N/A,N/A,Tablet,50mg,1 tube,Nigeria,Suspicious
Magic Cure Pill,Evans Medical Plc,QJ39QZ,0000000000000,UNKNOWN,04/09/2026,Cream,125mg/5ml,20 tablets,Pakistan,Suspicious
Panadol,Drugfield Pharmaceuticals Ltd,J5-2965,6190762268382,B26-5902,2026-07-28,Tablet,20mg,10 tablets,Nigeria,Genuine
Atenolol,Bioraj Pharmaceuticals Ltd,O0-5082,6191727889574,B26-8370,2029-09-15,Syrup,250mg/5ml,100ml bottle,Nigeria,Genuine
Folic Acid,Evans Medical Plc,K8-3139,6199750017018,BT25-7579,2026-07-07,Syrup,125mg/5ml,10 capsules,Nigeria,Genuine
Ciprofloxacin,Sanofi Nigeria,U6-8130,6195533077040,L24-2133,2029-03-20,Cream,1g,60ml bottle,Nigeria,Genuine
Multivitamin,Dana Pharmaceuticals Ltd,C5-3758,6192910732288,BT25-0186,2028-10-26,Suspension,50mg,200ml bottle,Nigeria,Genuine
Tetracycline,Neimeth International   Pharmaceuticals ,K2-5481,ZycGUGML2Cg7d,2,UNKNOWN,Suspnesion,100mg,60ml bottle,Ghana,Suspicious
Metformin,Nigerian German Chemicals Plc,L8-3621,6190297021353,LOT25-9393,2026-10-05,Drops,10mg,20 capsules,Nigeria,Genuine
Promtehazine,PharmaFast Nigeria,NONE,6666666666666,24,???,Ssupension,100mg,30 tablets,India,Suspicious
cHLOROQUINE,CureFast Pharmaceuticals,E4-906676,1557826,69,N/A,suspension,400mg,1 pack,Nigeria,Suspicious
Augmenti,Fidson   Healthcare  Plc,-6315,3094621470616537,2,07/05/2025,Powder,500mg,BULK,Ghana,Suspicious
Magic Cure Pill,Dana Pharmaceuticals Ltd,NOT REGISTERED,0VEVqrhM5jka7,36,27/05/2026,Syrup,500mg/5ml,100 tablets,China,Suspicious
  Tetracycline ,skg pharma ltd,f2i,6197190952036,UNKNOWN,2021-02-25,  Cream ,5mg,1 tube,Ghana,Suspicious
Total Cure Tablets,FastRelief Drugs,j9-5299,398313549014599,---,2023-10-06,Capsule,125mg/5ml,1 pack,China,Suspicious
Gentamicin,May & Baker Nigeria Plc,G2-5468,6192044820707,BN24-5243,2028-02-14,Cream,125mg/5ml,5 vials,Nigeria,Genuine
Lisinopril,Healwell Pharma Ltd,h9-1912,6196028586962,N/A,???,Suspesnion,N/A,30g tube,Nigeria,Suspicious
Flagy,Emzor Pharmaceutical Industries,-2387,6193847513407,??,N/A,Pwoder,250mg/5ml,10 capsules,Ghana,Suspicious
Diazepam,Emzor Pharmaceutical Industries,C7-3671,6192240507648,B25-1764,2029-11-21,Drops,10mg,10 capsules,Nigeria,Genuine
Metronidazole,Dana Pharmaceuticals Ltd,T2-6775,6191999452957,BN25-1771,2027-03-05,Drops,20mg,1 tube,Nigeria,Genuine
Amlodipine,MedLine Drugs Ltd,-9471,7777777777777,BATCH-365,2022-11-22,POWDER,10mg,10 tablets,Nigeria,Suspicious
Amoxicilin,MedLine Drugs Ltd,-3635,6191548720124,BATCH-613,11/06/2025,Tabelt,250mg,20 tablets,Ghana,Suspicious
Ranitidine,Bioraj Pharmaceuticals Ltd,  D6-5084 ,6195111424129,BATCH-759,14/08/2025,capsule,100mg,BULK,Ghana,Suspicious
Ceftriaxone,GlaxoSmithKline Nigeria,M0-8273,6193607763363,B24-1621,2027-09-19,Powder,250mg,30 tablets,Nigeria,Genuine
Spironolactone,Dana Pharmaceuticals Ltd,N3-3363,6191234764906,L26-6239,2026-06-18,Ointment,50mg,5 vials,Nigeria,Genuine
Vitamin C,Chi Pharmaceuticals Ltd,I7-9410,6192613750602,L26-6226,2027-07-03,Cream,200mg,10 tablets,Nigeria,Genuine
Doxycycline,Hovid Nigeria Ltd,X8-4613,6197346706568,BT25-2191,2026-07-19,Sachet,125mg/5ml,10 tablets,Nigeria,Genuine
Ampiclox,Drugfield Pharmaceutcials Ltd,OH-VZTM,0ivF7g7U951OB,BATCH-357,UNKNOWN,SACHET,125mg/5ml,100 tablets,Unknown,Suspicious
Amatem,Drugfield Pharmaceuticals Ltd,J6-4957,6190600025894,LOT25-2892,2029-04-18,Ointment,200mg,1 vial,Nigeria,Genuine
Total Cure Tablets,Sunrise Medications,ASW1DI,52032865918198052,78,2022-04-01,Ointment,50mg,10 tablets,Ghana,Suspicious
Atenolol,Hovid Nigeria Ltd,N9-3531,6196179640537,L25-3968,2028-02-22,Cream,5mg,5 vials,Nigeria,Genuine
Loperamide,Hovid Nigeria Ltd,X7-4845,6196826911638,BT24-9451,2028-03-28,Syrup,500mg/5ml,30g tube,Nigeria,Genuine
Chlorpheniramine,Emzor Pharmaceutical Industries,S7-4878,6198468950099,L26-6138,2026-10-16,Capsule,100mg,1 tube,Nigeria,Genuine
Hydrocortisone,Emzor Pharmaceutical Industries,T9-7844,6192543848073,LOT24-0952,2027-12-10,Injection,50mg,60ml bottle,Nigeria,Genuine
Atenolol,Bioraj Pharmaceuticals Ltd,G9-3286,6192501425766,BT25-0113,2027-04-06,Injection,400mg,20 tablets,Nigeria,Genuine
Tetracycline,Evans Medical Plc,H0-4946,6199117182274,B24-4442,2029-04-18,Suspension,250mg/5ml,10 capsules,Nigeria,Genuine
Ciprofloxacin,Swiss Pharma Nigeria Ltd,D0-4924,6191421751887,L26-2100,2029-11-20,Injection,500mg/5ml,20 tablets,Nigeria,Genuine
Flagyl,Nigerian German Chemicals Plc,M5-7541,6198629591253,L24-5147,2027-06-11,Suspension,1g,10 capsules,Nigeria,Genuine
Tramadol,Swiss Pharma Nigeria Ltd,Z9-8243,6195170281404,L26-3710,2029-06-03,Cream,500mg,1 vial,Nigeria,Genuine
Flagyl,Pharma Deko Plc,U2-2225,6197459615863,LOT26-8094,2026-10-03,Suspension,125mg/5ml,5 vials,Nigeria,Genuine
Augmentin,AlphaHealth Industries,M-53992,6197318020401,BATCH-084,2020-03-20,iNJECTION,50mg,1 pack,Nigeria,Suspicious
Folic Acid,Fidson Healthcare Plc,M1-4027,6192753046375,LOT25-5047,2026-05-21,Cream,250mg/5ml,100 tablets,Nigeria,Genuine
Lonart,Bioraj Pharmaceuticals Ltd,E7-6918,6194801571648,L26-5211,2029-04-18,Ointment,400mg,60ml bottle,Nigeria,Genuine
Amoxil,GlaxoSmithKline Nigeria,D6-5754,6193690283779,BT25-0561,2027-09-20,Ointment,500mg/5ml,5 vials,Nigeria,Genuine
Tetracycline,Pfizer Nigeria,K7-5501,6197284639201,B25-7936,2026-09-12,Ointment,125mg/5ml,30g tube,Nigeria,Genuine
Tramadol,Dana Pharmaceuticals Ltd,I6-7357,6197665061805,B24-9694,2026-12-28,Capsule,10mg,200ml bottle,Nigeria,Genuine
  Chloroquine ,PharmaFast Nigeria,-1386,0000000000000,??,04/04/2025,Tbalet,200mg,5 vials,Unknown,Suspicious
Magic Cure Pill,Tuyil hParmaceutical Industries,oWLZcWD,0000000000000,zHvel,UNKNOWN,injection,250mg,30g tube,Ghana,Suspicious
Promethazine,Evans Medical Plc,E1-8574,6199428179345,BN25-5648,2027-12-16,Drops,10mg,200ml bottle,Nigeria,Genuine
Ciporfloxacin,EVANS MEDICAL PLC,NONE,722982,GkH,2022-11-07,SACHET,250mg/5ml,20 tablets,Nigeria,Suspicious
Panado,MegaDrug Industries,  Z2-2380 ,6192206591001,BATCH-812,2023-05-10,INJECTION,UNKNOWN,30 tablets,India,Suspicious
tetracycline,GoodHealth Generics,9MNRN8,cyEXrhl5KZ7HA,41,???,sachet,50mg,5 vials,Unknown,Suspicious
Gentamicin,Nigerian German Chemicals Plc,J6-5640,6199111109611,L26-9024,2026-11-15,Powder,1g,30g tube,Nigeria,Genuine
Chlorpheniramine,May & Baker Nigeria Plc,X6-7564,6199849027706,BT26-8589,2028-04-02,Sachet,5mg,200ml bottle,Nigeria,Genuine
Cotrimoxazole,May & Baker Nigeria Plc,L6-9381,6197611249127,LOT25-5667,2027-04-26,Drops,200mg,10 capsules,Nigeria,Genuine
Lonart DS Extra,HealthMax Pharma,U4-7685,0DRvMfhrt8Yc6,zMMtlwaN,2020-07-18,Sachet,1g,5 vials,China,Suspicious
Gentamicin,SKG Pharma Ltd,N9-5451,6195919663959,LOT26-1152,2029-03-02,Powder,400mg,1 vial,Nigeria,Genuine
ORS,Healwell Pharma Ltd,R2-7580,6192936756275,BATCH-738,2021-05-19,Powder,50mg,1 pack,India,Suspicious
Tetracycline,Hovid Nigeria Ltd,W1-8409,6193906375793,BN26-5189,2028-03-26,Capsule,250mg,200ml bottle,Nigeria,Genuine
Artemether Lumefantrine,SuperCure Pharma,L9-5897,10797,??,12/05/2026,Ointemnt,400mg,1 pack,China,Suspicious
Spironolactone,Pfizer Nigeria,V9-3734,6191779055286,L25-9687,2027-04-27,Cream,250mg,5 vials,Nigeria,Genuine
flagyl,FastRelief Drugs,Q5-7997,6196767809643,BATCH-829,UNKNOWN,Sachte,125mg/5ml,10 capsules,Nigeria,Suspicious
Omeprazole,Pfizer Nigeria,N1-2874,6198367365765,L26-1657,2028-07-11,Injection,10mg,30 tablets,Nigeria,Genuine
Total Cure Tablets,BestPills International,GLO1BX,346754182,55,N/A,  Tablet ,400mg,1 pack,China,Suspicious
Prednisolone,Dana Pharmaceuticals Ltd,Z6-5873,6197102767734,LOT26-2453,2028-12-11,Cream,20mg,30 tablets,Nigeria,Genuine
Ibuprofen,GlaxoSmithKline Nigeria,P9-6871,6195633185744,B24-7586,2026-01-13,Ointment,20mg,20 tablets,Nigeria,Genuine
Augmentin,Juhel Nigeria Ltd,S2-3656,6192206447421,BN24-3423,2026-10-25,Injection,500mg,100ml bottle,Nigeria,Genuine
  Atenolol ,WonderDrug Co,C-51,42610703,47,2022-03-10,  Suspension ,400mg,1 vial,Pakistan,Suspicious
Ranitidine,Tuyil Pharmaceutical Industries,N3-6690,6191484685365,L25-8543,2029-11-25,Powder,100mg,10 tablets,Nigeria,Genuine
Predinsolone,Swiss Pharma Nigeria Ltd,i7-6218,6196461209619,UNKNOWN,2020-10-19,Syrup,5mg,5 vials,China,Suspicious
,MedExpress Ltd,U017WT,0znu2ImtLqPCH,JcjmM,28/08/2025,Podwer,500mg,100 tablets,Pakistan,Suspicious
Lisinopril,SKG Pharma Ltd,C5-4487,6191234550684,B24-7247,2026-08-21,Drops,20mg,30g tube,Nigeria,Genuine
Paracetmol,Sanofi Nigeira,NONE,5777917,BATCH-296,2022-11-11,Suspnesion,100mg,30 tablets,Ghana,Suspicious
Cotrimoxazole,Drugfield Pharmaceuticals Ltd,A3-2196,6190651801706,LOT25-3048,2027-11-24,Ointment,10mg,60ml bottle,Nigeria,Genuine
Doxycycline,Tuyil Pharmaceutical Industries,J6-1601,6197154516809,B25-6870,2026-04-17,Cream,1g,30g tube,Nigeria,Genuine
Folic Acid,Emzor Pharmaceutical Industries,U4-8381,6197358662968,BN26-4939,2027-12-03,Capsule,400mg,30 tablets,Nigeria,Genuine
Multivitamin,Juhel Nigeria Ltd,W8-4560,6193394522884,LOT26-1990,2028-09-16,Sachet,1g,5 vials,Nigeria,Genuine
Panadol,Fidson Healthcare Plc,J5-7807,6192328588422,LOT25-4935,2028-02-15,Capsule,100mg,30g tube,Nigeria,Genuine
Chlorpheniramine,Drugfield Pharmaceuticals Ltd,Q9-9087,6198610313109,BN26-4461,2027-02-18,Capsule,400mg,100 tablets,Nigeria,Genuine
Diazepam,Nigerian German Chemicals Plc,Q1-7484,6194535218185,B24-5824,2028-12-27,Syrup,200mg,20 tablets,Nigeria,Genuine
Ampiclox,SuperCure Pharma,H-76,6191612921358,IHm,2020-02-01,Dorps,250mg/5ml,20 tablets,China,Suspicious
LOPERAMIDE,PharmaFast Nigeria,RU-OPMX,043817,UNKNOWN,13/10/2025,Injection,500mg,1 vial,Pakistan,Suspicious
Ranitidine,Pfizer Nigeria,M9-2676,6190858994416,L24-5609,2028-11-11,Injection,400mg,5 vials,Nigeria,Genuine
Promethazine,Chi Pharmaceuticals Ltd,V4-2388,6192513412525,B25-6952,2027-10-13,Ointment,100mg,100ml bottle,Nigeria,Genuine
Emzor Paracetamol,Dana Pharmaceuticals Ltd,O1-3324,6194365858568,LOT24-3573,2026-05-03,Syrup,500mg,30 tablets,Nigeria,Genuine
Artemether Lumefantrine,May & Baker Nigeria Plc,Z4-7382,6192776572561,LOT26-3114,2026-03-09,Ointment,250mg,100ml bottle,Nigeria,Genuine
Antacid,Pfizer Nigeria,U1-2791,6193529096563,BN24-1715,2028-04-17,Powder,5mg,1 vial,Nigeria,Genuine
Promethazine,Mopson Pharmaceutical Ltd,H9-7825,6192185188889,B24-6497,2029-01-21,Ointment,10mg,10 capsules,Nigeria,Genuine
coartem,PharmaFast Nigeria,l3gtvjdfMJ,6192974511652,auOpEq,2021-04-19,Ointment,500mg,5 vials,Unknown,Suspicious
VITAMIN B COMPLEX,WonderDrug Co,2KOCWD,w7CscD8jQQLwU,UNKNOWN,N/A,Drops,100mg,BULK,Ghana,Suspicious
Furosemide,Tuyil Pharmaceutical Industries,H1-5322,6194158331179,BN24-0315,2027-08-27,Ointment,200mg,100ml bottle,Nigeria,Genuine
Paracetmol,GoodHealth Generics,OORMR9,971763506427299043,VvuWiT,2021-12-12,INJECTION,500mg/5ml,100ml bottle,Pakistan,Suspicious
Tramadol,Bioraj Pharmaceuticals Ltd,Z6-6931,6195049444077,L25-3316,2028-10-25,Suspension,250mg/5ml,100 tablets,Nigeria,Genuine
Ampiclox,Dana Pharmaceuticals Ltd,S5-6878,6199059929371,B25-2976,2029-01-03,Tablet,200mg,1 vial,Nigeria,Genuine
Amoxil,Evans Medical Plc,P8-1136,6197740649300,B25-3189,2029-09-14,Ointment,200mg,30 tablets,Nigeria,Genuine
Promethazine,GlaxoSmithKline Nigeria,J3-8020,6193910257436,BT25-3448,2026-04-24,Sachet,50mg,1 tube,Nigeria,Genuine
Nifediipne,Juhel Nigeria Ltd,NOT REGISTERED,0000000000000,??,2022-07-06,Tablet,125mg/5ml,N/A,China,Suspicious
Tetracycline,Dana Pharmaceuticals Ltd,U4-5425,6190777946206,L24-6706,2029-11-05,Sachet,100mg,20 capsules,Nigeria,Genuine
ORS,MedExpress Ltd,E0-319707,07917913,,2022-08-04,Capsule,200mg,60ml bottle,China,Suspicious
Nifedipine,Juhel Nigeria Ltd,Z7-9508,6197298259525,L26-5002,2028-09-27,Powder,5mg,100ml bottle,Nigeria,Genuine
Metformin,HealthMax Pharma,B5-483807,17748565264243742,20,2021-03-02,  Injection ,UNKNOWN,1 vial,Pakistan,Suspicious
Vitamin C,,L5-2329,6196517680867,L26-2639,2026-04-15,Syrup,250mg,30g tube,Nigeria,Genuine
MegaVit Plus,MedExpress Ltd,43RSAS,6983443695805045,Zbjny,N/A,Tablet,20mg,200ml bottle,China,Suspicious
Flagyl,Evans Medical Plc,B4-2294,6195747338487,LOT24-1889,2027-04-02,Powder,200mg,5 vials,Nigeria,Genuine
Emzor Paracetamol,Juhel Nigeria Ltd,S7-5991,6191218209706,BT24-1238,2029-05-07,Suspension,400mg,5 vials,Nigeria,Genuine
Amoxicillin,Mopson Pharmaceutical Ltd,J2-4509,6195733221410,B26-8726,2026-11-11,Sachet,100mg,1 vial,Nigeria,Genuine
Emzor   Paracetamol ,MedLine Drugs Ltd,TB-DMFX,00642276434946526,BATCH-031,16/11/2026,  Capsule ,500mg,20 capsules,Pakistan,Suspicious
Panadol,Healwell Pharma Ltd,Z-29,8484264833,55,22/10/2026,Tablet,10mg,30g tube,Unknown,Suspicious
Atenolol,Evans Medical Plc,T6-7287,6198349604783,LOT24-1161,2029-01-05,Powder,10mg,20 tablets,Nigeria,Genuine
panadol,BioFix Pharmaceuticals,D7-1628,6193514244962,UNKNOWN,N/A,  Tablet ,250mg/5ml,60ml bottle,Pakistan,Suspicious
Vitamin CC,MedExpress Ltd,rMOQz,32861780581380573,15,2023-08-28,Powder,500mg/5ml,1 vial,India,Suspicious
Artemether Lumefantrine,NovaDrug Industries,L2-1550,6195893771251,69,17/09/2025,Sachet,1g,1 tube,Nigeria,Suspicious
Gentamicin,May & Baker Nigeria Plc,K6-1453,6193567932793,B25-2676,2027-10-17,Injection,50mg,30g tube,Nigeria,Genuine
Ampiclox,Juhel Nigeria Ltd,J5-1362,6198095948155,BT25-9863,2027-06-26,Cream,1g,60ml bottle,Nigeria,Genuine
Furosemide,Neimeth International Pharmaceuticals,P5-8178,6193839597248,L25-6002,2029-03-20,Suspension,400mg,1 tube,Nigeria,Genuine
Lonart,Bioraj Pharmaceuticals Ltd,I8-5098,6197697357792,BN25-2004,2028-02-13,Suspension,125mg/5ml,1 tube,Nigeria,Genuine
COARTEM,Sanofi Nigeria,P6-7729,6199042338104,N/A,N/A,  Drops ,250mg/5ml,10 capsules,China,Suspicious
Folic Acid,Sanofi Nigeria,C1-7776,6196553559042,BT25-7345,2027-08-02,Suspension,200mg,5 vials,Nigeria,Genuine
Hydrocortisone,SuperCure Pharma,-7399,4444444444444,BATCH-542,2021-01-22,Drops,100mg,10 capsules,China,Suspicious
Prednisolone,Dana Pharmaceuticals Ltd,W9-4350,6196385467850,LOT25-5992,2029-08-04,Drops,500mg/5ml,20 capsules,Nigeria,Genuine
Super Paracetamol,NovaDrug Industries,w0dt,8OXnr2lQovC3k,BATCH-790,N/A,Syurp,1g,100ml bottle,Ghana,Suspicious
ORS,,A2-1558,6193265097756,BT26-9556,2029-08-07,Drops,1g,10 capsules,Nigeria,Genuine
Nifedipine,Nigerian German Chemicals Plc,M3-5308,6191638944843,L24-1221,2027-03-10,Capsule,125mg/5ml,100ml bottle,Nigeria,Genuine
MegaVit Plus,TopNotch Drugs Ltd,-8405,1660191090488660732,??,25/08/2025,Drops,250mg/5ml,1 tube,Ghana,Suspicious
,SuperCure Pharma,E5-792142,6199563603859,BATCH-171,2021-03-20,Sachet,???,60ml bottle,India,Suspicious
Folic Acid,Neimeth International Pharmaceuticals,Y2-9163,6198774701682,L24-3624,2028-01-02,Injection,50mg,1 vial,Nigeria,Genuine
Hydrocortisone,Neimeth International Pharmaceuticals,L4-6576,6194948083134,L25-9196,2027-12-16,Drops,50mg,30g tube,Nigeria,Genuine
Coartme,Emzor Pharmaceutical Industries,Z4cZQCvA,9999999999999,BATCH-502,UNKNOWN,Caspule,500mg,1 vial,Pakistan,Suspicious
Magic Cure Pill,Dana Pharmaceuticals Ltd,B5-4072,6192590677183,BATCH-147,2023-05-08,Tbalet,10mg,1 tube,Unknown,Suspicious
Ampiclox,SKG Pharma Ltd,U0-2058,6197130232129,B26-3448,2027-09-03,Ointment,250mg/5ml,100ml bottle,Nigeria,Genuine
Atenolol,Dana Pharmaceuticals Ltd,D2-8289,6191026767207,B26-6037,2029-10-19,Syrup,50mg,10 tablets,Nigeria,Genuine
MegaVit Plus,WonderDrug Co,RxJb,0000000000000,wpFds,N/A,  Cream ,5mg,10 capsules,Unknown,Suspicious
lonart,SuperCure Pharma,V7-5625,6199250075167,??,???,drops,200mg,10 capsules,Ghana,Suspicious
Metformin,GlaxoSmithKline Nigeria,A4-5012,6193218196000,BN24-3911,2026-09-07,Powder,20mg,100 tablets,Nigeria,Genuine
Lonart DS Extra,PharmaPlus International,D2-7234,5555555555555,BATCH-811,2023-05-09,Injection,5mg,100ml bottle,Ghana,Suspicious
Tramadol,GlaxSomithKline Nigeria,A84N1W,6192737989797,aPrCRe,???,Drpos,50mg,20 tablets,Nigeria,Suspicious
Power Drug,AlphaHealth Industries,R-80,306343594882188496,vTaSQZ,2020-03-27,Ceram,5mg,30 tablets,Ghana,Suspicious
AMOXIL,Fidson Healthcare Plc,MU-THJL,019453911776665052,---,2021-01-26,sACHET,100mg,5 vials,Unknown,Suspicious
Azithromycin,May & Baker Nigeria Plc,J3-1717,6193054868741,BN26-3231,2028-06-28,Tablet,125mg/5ml,20 capsules,Nigeria,Genuine
Total Cure Tablets,AlphaHealth Industries,GM-UJHH,0SivlUW217WDC,??,2022-03-01,Drops,N/A,1 tube,Nigeria,Suspicious
ORS,Mopson Pharmaceutical Ltd,Q9-3486,6199880858383,BT25-2700,2026-11-06,Sachet,200mg,30g tube,Nigeria,Genuine
Amoxicillin,DrugKing Industries,MR-BUOC,6191116271430,BATCH-620,2023-06-01,Injection,10mg,5 vials,India,Suspicious
Amlodipine,Bioraj Pharmaceuticals Ltd,Z2-4295,6193921883525,L26-9931,2026-09-16,Cream,250mg/5ml,30g tube,Nigeria,Genuine
Multivitamin,Sanofi Nigeria,K3-3815,6196389021997,LOT25-2140,2026-04-28,Ointment,200mg,100 tablets,Nigeria,Genuine
METFORMIN,GoodHealth Generics,WS-LIRK,6198967621827,40,19/11/2025,Syurp,500mg/5ml,N/A,Unknown,Suspicious
Metronidazol,PharmaPlus International,Q-34,4889334375186694,wQQjmDt,,Powedr,500mg,1 pack,India,Suspicious
Ferrous uSlphate,HealthMax Pharma,P3-453950,2222222222222,BATCH-409,14/02/2026,Suspension,20mg,10 capsules,Pakistan,Suspicious
Azithromycin,NovaDrug Industries,H-12,p3BOq6Gnv64PV,53,2021-08-01,Ointment,???,5 vials,Unknown,Suspicious
Vitamin C,Neimeth International Pharmaceuticals,T8-1866,6199837801820,BN25-3471,2027-12-27,Sachet,50mg,20 tablets,Nigeria,Genuine
CEFTRIAXONE,MegaDrug Industries,  Y5-9197 ,569640101460193,42,2020-07-06,Syrup,250mg,60ml bottle,Nigeria,Suspicious
Metronidazol,GlaxoSmithKline Nigeria,VY-DCVJ,69962083479100593257,98,2023-01-23,SUSPENSION,500mg,20 tablets,Ghana,Suspicious
Ibuprofen,MegaDrug Industries,A-69,0000000000000,BATCH-617,06/05/2026,Suspension,UNKNOWN,20 capsules,Unknown,Suspicious
Diclofenac,Hovid Nigeria Ltd,X0-3868,6196206724001,LOT26-9975,2026-06-10,Drops,125mg/5ml,200ml bottle,Nigeria,Genuine
Vitamin C,Juhel Nigeria Ltd,H7-1668,6193824073337,BT25-3638,2027-01-10,Suspension,500mg,1 vial,Nigeria,Genuine
METFORMIN,Juhel Nigerai Ltd,K9-3599,6197487411482,UNKNOWN,15/06/2025,Capsule,???,N/A,India,Suspicious
Augmentin,Drugfield Pharmaceuticals Ltd,W8-9697,6199957298937,L25-2920,2029-05-11,Injection,1g,100 tablets,Nigeria,Genuine
Loperamide,Pfizer Nigeria,J5-2697,6199832731580,LOT24-4664,2027-07-28,Powder,500mg/5ml,1 vial,Nigeria,Genuine
Flagyl,Pharma Deko Plc,M9-1897,6196908726174,L24-7341,2027-12-07,Injection,5mg,1 tube,Nigeria,Genuine
  Metronidazole ,TUYIL PHARMACEUTICAL INDUSTRIES,-2839,BNCvrCnSW7nVL,BATCH-129,,Ointment,100mg,200ml bottle,Unknown,Suspicious
Hydrocortisone,Tuyil Pharmaceutical Industries,T0-9222,6192723184328,BT24-6034,2026-11-08,Ointment,500mg/5ml,20 capsules,Nigeria,Genuine
Augmentin,Drugfield Pharmaceuticals Ltd,C5-5102,6191520643618,BN24-3596,2029-02-05,Sachet,200mg,200ml bottle,Nigeria,Genuine
Metformin,Swiss Pharma Nigeria Ltd,E4-9912,6197098726494,L24-3103,2027-06-03,Drops,400mg,30g tube,Nigeria,Genuine
Vitamin B Complex,Nigerian German Chemicals Plc,V5-3166,6198092428759,L24-1568,2028-12-17,Ointment,100mg,10 capsules,Nigeria,Genuine
Amoxicilin,Healwell Pharma Ltd,L3-4386,67027728715659695,??,16/06/2026,Sachet,250mg/5ml,1 tube,Nigeria,Suspicious
vITAMIN b cOMPLEX,AlphaHealth Industries,  Q7-7550 ,6195049221708,BATCH-657,2023-11-24,  Drops ,500mg/5ml,60ml bottle,China,Suspicious
diazepam,Tuyli Pharmaceutical Industries,K-82,0000000000000,??,2021-10-02,Suspension,50mg,1 tube,Unknown,Suspicious
hYDROCORTISONE,BioFix Pharmaceuticals,N4-3154,525576881,BATCH-952,N/A,Sachet,125mg/5ml,1 vial,India,Suspicious
Prednisolone,MAY & BAKER NIGERIA PLC,-1068,7sFkCi1Td4NNl,BATCH-557,23/09/2026,Syrup,10mg,60ml bottle,China,Suspicious
Amatem,TopNotch Drugs Ltd,-2871,7777777777777,rxFPLI,???,Injection,N/A,20 tablets,India,Suspicious
Metronidazole,Juhel Nigeria Ltd,C8-4899,6194738299738,L25-3219,2026-02-22,Ointment,10mg,60ml bottle,Nigeria,Genuine
Vitamin B Complex,Chi Pharmaceuticals Ltd,X3-5012,6196293449733,LOT25-1410,2028-07-13,Syrup,50mg,100ml bottle,Nigeria,Genuine
Artemether Lumefantrine,GlaxoSmithKline Nigeria,V1-7716,6198809255029,BN26-3928,2026-07-01,Sachet,500mg,60ml bottle,Nigeria,Genuine
Amoxil,Swiss Pharma Nigeria Ltd,I0-8951,6197848739286,LOT25-7774,2028-10-28,Powder,100mg,20 tablets,Nigeria,Genuine
Folic Acid,Juhel Nigeria Ltd,C3-1091,6195570836822,BN25-5068,2028-09-17,Sachet,20mg,60ml bottle,Nigeria,Genuine
Spironolactone,Fidson Healthcare Plc,V7-3115,6192329716749,BT24-9223,2026-01-12,Injection,10mg,5 vials,Nigeria,Genuine
Artemether Lumefantrine,Drugfield Pharmaceuticals Ltd,M6-7972,6191459011076,B25-7757,2026-05-02,Tablet,250mg/5ml,5 vials,Nigeria,Genuine
Diclofenac,Juhel Nigeria Ltd,T2-7463,6196486989398,L26-9103,2029-05-17,Ointment,1g,10 capsules,Nigeria,Genuine
Prednisolone,MedLine Drugs Ltd,9C6pKDnNFp,0000000000000,N/A,???,Sachet,125mg/5ml,5 vials,Nigeria,Suspicious
Vitamin CC,fIDSON hEALTHCARE pLC,WR-XEUH,1111111111111,BATCH-997,28/03/2026,Capsule,1g,20 tablets,Unknown,Suspicious
Hydrocortisone,Nigerian German Chemicals Plc,X9-2333,6195671649321,B26-8367,2026-03-16,Capsule,400mg,5 vials,Nigeria,Genuine
Multivitamin,  Dana  Pharmaceuticals Ltd,P-97,315922912706593410,BATCH-076,N/A,Capsule,N/A,20 capsules,China,Suspicious
  Metronidazole ,BestPills International,s0-3317,924941801695991129,BATCH-422,2021-09-15,  Sachet ,UNKNOWN,1 tube,Pakistan,Suspicious
  ORS ,MegaDrug Industries,N/A,8790522,BATCH-325,15/10/2026,Tablet,5mg,1 tube,China,Suspicious
Furosemide,Bioraj Pharmaceuticals Ltd,E7-4312,6194813104506,BT25-9299,2029-04-22,Syrup,250mg,100ml bottle,Nigeria,Genuine
Glibenclamide,Evans Medical Plc,H6-2841,6197213145193,LOT24-6006,2026-01-20,Syrup,100mg,60ml bottle,Nigeria,Genuine
Loperamide,Tuyil Pharmaceutical Industries,A6-2113,6190390339706,LOT26-1420,2028-09-27,Syrup,20mg,100 tablets,Nigeria,Genuine
Ciprofloxacin,emzor pharmaceutical industries,Y-30,804374,iFQWAtqg,???,Capsule,N/A,10 tablets,Unknown,Suspicious
Metronidazole,Juhel Nigeria Ltd,Z0-4765,6198694842496,LOT26-8491,2026-11-03,Injection,10mg,100ml bottle,Nigeria,Genuine
Atenolol,Neimeth International Pharmaceuticals,E5-4750,6199933797058,B24-6393,2027-10-11,Capsule,5mg,100ml bottle,Nigeria,Genuine
Paracetamol,Swiss Pharma Nigeria Ltd,D5-8138,6193213580040,BN24-0886,2028-02-09,Cream,250mg/5ml,1 vial,Nigeria,Genuine
  Metronidazole ,MedExpress Ltd,-3321,0000000000000,UNKNOWN,2021-03-05,Sryup,250mg,5 vials,China,Suspicious
Ceftriaxone,Emzor Pharmaceutical Industries,T0-9807,6191441529824,BN25-3264,2027-10-11,Drops,125mg/5ml,200ml bottle,Nigeria,Genuine
Ciprofloxacn,Healwell Pharma Ltd,RTNFGZ,a4zKv7uVTnV75,??,2021-08-08,Ceram,1g,1 pack,China,Suspicious
Power Drug,Hovid Nigeria Ltd,N/A,0640980587715559,VKizyFis,2021-01-23,Injection,50mg,1 pack,China,Suspicious
Coartem,DrugKing Industries,-5553,217816780664315,tST,,  Powder ,500mg,60ml bottle,Unknown,Suspicious
Coartem,Dana Pharmaceuticals Ltd,H8-8444,6192205422160,BT25-5351,2028-10-21,Ointment,200mg,100 tablets,Nigeria,Genuine
Cotrimoxazole,Neimeth International Pharmaceuticals,W6-7935,6199411800539,L25-9901,2026-01-09,Powder,1g,60ml bottle,Nigeria,Genuine
Amoxil,Mopson Pharmaceutical Ltd,J1-8113,6194316704500,BT24-3005,2026-03-17,Syrup,100mg,1 tube,Nigeria,Genuine
  Augmentin ,Dana Pharamceuticals Ltd,t2-3360,0000000000000,mpotdX,UNKNOWN,Injection,250mg,20 tablets,Unknown,Suspicious
Doxycycline,Drugfield Pharmaceuticals Ltd,A7-1364,6195696591711,BT25-8238,2028-03-20,Injection,10mg,60ml bottle,Nigeria,Genuine
Antacid,Mopson Pharmaceutical Ltd,L3-7124,6199520561000,L25-9428,2026-11-01,Ointment,1g,60ml bottle,Nigeria,Genuine
Prednisolone,May & Baker Nigeria Plc,P1-6775,6195348201289,LOT24-0504,2027-11-17,Cream,500mg,100ml bottle,Nigeria,Genuine
ORS,Pfizer Nigeria,O4-3668,6199250105871,LOT24-5265,2029-09-01,Ointment,125mg/5ml,20 capsules,Nigeria,Genuine
Chlorpheniramine,Swiss Pharma Nigeria Ltd,A5-3583,6192941156305,BT26-5305,2028-11-23,Sachet,20mg,100 tablets,Nigeria,Genuine
Emzor Paracetamol,SKG Pharma Ltd,R4-4010,6199029233453,BN24-0349,2026-10-02,Ointment,125mg/5ml,10 tablets,Nigeria,Genuine
Power Drug,sanofi nigeria,G8-421583,6191115703475,BATCH-368,10/11/2025,ointment,125mg/5ml,5 vials,India,Suspicious
Aetnolol,HealthMax Pharma,NOT REGISTERED,6324051026,BATCH-584,???,suspension,500mg/5ml,1 pack,India,Suspicious
aMATEM,DrugKing Industries,CZAFR0,4444444444444,BATCH-251,2020-09-26,Capsule,UNKNOWN,100 tablets,China,Suspicious
Metronidazole,MedLine Drugs Ltd,O8-866248,348573654044927,66,2020-04-04,Drops,50mg,30g tube,India,Suspicious
  Prednisolone ,AlphaHealth Industries,M-51,0000000000000,WoRy,23/06/2025,Inejction,N/A,1 tube,China,Suspicious
  Lonart ,Healwell Pharma Ltd,-7413,6190742906952,24,2021-04-14,SACHET,500mg,30g tube,China,Suspicious
  Augmentin ,MedLine Drugs Ltd,J1-6893,91842519561765589223,BATCH-315,???,Tablet,20mg,10 tablets,Ghana,Suspicious
Azithromycin,TopNotch Drugs Ltd,-8220,zr3KirAtAflcD,BATCH-705,2020-07-12,Sryup,200mg,1 tube,Pakistan,Suspicious
Amoxil,May & Baker Nigeria Plc,G8-9348,4104043,vUrJR,2020-05-17,Suspension,1g,1 pack,India,Suspicious
Doxycycline,Drugfield Pharmaceuticals Ltd,P2-4341,6198750827689,BN26-7571,2027-03-12,Drops,50mg,20 capsules,Nigeria,Genuine
Lonart,Evans Medical Plc,H4-2996,6190369711793,B24-8543,2027-12-05,Injection,20mg,10 tablets,Nigeria,Genuine
Amoxicilin,TopNotch Drugs Ltd,PENDING,i7EeKjLXDY1uq,BATCH-139,11/07/2025,Suspension,50mg,100 tablets,Nigeria,Suspicious
Lonart,Sanofi Nigeria,A3-2814,6190615372211,LOT25-6835,2029-11-17,Injection,50mg,5 vials,Nigeria,Genuine
Lonart DS Extra,MedExpress Ltd,d4-1545,5762648163849368063,BATCH-527,2020-02-28,Syrup,500mg/5ml,5 vials,Nigeria,Suspicious
Amlodipine,Hovid Nigeria Ltd,L9-2579,6197793238223,BT26-1446,2026-12-13,Injection,1g,20 tablets,Nigeria,Genuine
Paandol,DRUGFIELD PHARMACEUTICALS LTD,UV-MAUQ,6199876674089,---,2020-01-15,cream,250mg,10 tablets,China,Suspicious
Ferrous Sulphate,Swiss Pharma Nigeria Ltd,Z9-1046,6194228421021,BN25-3998,2028-01-06,Injection,500mg,30 tablets,Nigeria,Genuine
Atenolol,Sanofi Nigeria,H7-7129,6196798250711,LOT25-1506,2026-12-05,Cream,400mg,20 capsules,Nigeria,Genuine
Magic Cure Pill,Hovid Nigeria Ltd,L-62,6196050337464,28,2023-08-21,DROPS,500mg/5ml,BULK,Ghana,Suspicious
Spironolactone,Tuyil Pharmaceutical Industries,K3-8046,6195968078520,LOT25-8522,2027-05-05,Capsule,125mg/5ml,200ml bottle,Nigeria,Genuine
Chlorpheinramine,May & Baker Nigeria Plc,QlviNj,6195461679460,---,N/A,Powder,UNKNOWN,60ml bottle,Ghana,Suspicious
Vitamin C,Bioraj Pharmaceuticals Ltd,S3-5549,6190655782018,B24-4609,2027-03-27,Syrup,200mg,1 tube,Nigeria,Genuine
Multivtiamin,MedExpress Ltd,T3aNrSeRKL,9999999999999,BATCH-465,,  Tablet ,200mg,5 vials,Unknown,Suspicious
Metformin,Juhel Nigeria Ltd,E3-7278,6196878878835,L24-9618,2029-09-19,Suspension,250mg/5ml,20 tablets,Nigeria,Genuine
Chloroquine,Healwell Pharma Ltd,i6-2015,6196089706491,61,20/01/2026,Injection,250mg,5 vials,Ghana,Suspicious
Ampiclox,Mopson Pharmaceutical Ltd,A1-3384,6194955289383,B24-1723,2026-09-07,Suspension,400mg,30 tablets,Nigeria,Genuine
ORS,Evans Medical Plc,S6-1834,6195016679983,LOT24-8087,2029-08-17,Sachet,250mg/5ml,1 vial,Nigeria,Genuine
ORS,Drugfield Pharmaceuticals Ltd,N7-8224,6191167507625,L26-5791,2028-04-24,Tablet,100mg,10 capsules,Nigeria,Genuine
Augmentin,Sanofi Nigeria,X5-1393,6191437483093,BT24-9546,2029-08-03,Suspension,125mg/5ml,1 vial,Nigeria,Genuine
Panadol,May & Baker Nigeria Plc,Q2-9831,6193230898135,B26-1469,2028-09-18,Capsule,400mg,10 capsules,Nigeria,Genuine
mETFORMIN,DrugKing Industries,-1935,6199416795205,60,N/A,Injectino,5mg,30 tablets,Nigeria,Suspicious
Tramadol,Bioraj Pharmaceuticals Ltd,T2-7876,6192566093146,BN26-1902,2029-02-11,Capsule,10mg,20 capsules,Nigeria,Genuine
Augmenti,Swiss Pharam Nigeria Ltd,E-91,h38QUIu9pwIGF,,2022-08-13,Drops,500mg/5ml,30g tube,Ghana,Suspicious
Glibenclamide,WonderDrug Co,fERXC,0000000000000,BATCH-021,07/11/2026,Powder,250mg/5ml,60ml bottle,India,Suspicious
  Azithromycin ,Mopson Pharmaceutical   Ltd ,H3-697052,989582477339129903,N/A,N/A,Syrup,250mg/5ml,100ml bottle,Pakistan,Suspicious
Diazepam,Pharma Deko Plc,D7-4191,6199970469475,BT25-8411,2029-09-10,Injection,400mg,200ml bottle,Nigeria,Genuine
Artemether Lumefantrine,Nigerian German Chemicals Plc,S8-9043,6192050614970,BT24-0521,2027-03-21,Injection,250mg,100ml bottle,Nigeria,Genuine
loperamide,BestPills International,H6-368269,8754036488,16,28/12/2026,dROPS,250mg/5ml,200ml bottle,Ghana,Suspicious
Vitamin B Complex,Sanofi Nigeria,T0-2625,6193341232811,BT24-6793,2029-12-20,Drops,400mg,10 tablets,Nigeria,Genuine
Amlodipine,Nigerian German Chemicals Plc,Q6-3954,6197036924920,L26-3340,2027-07-11,Drops,200mg,1 tube,Nigeria,Genuine
Ranitidine,Swiss Pharma Nigeria Ltd,J2-3653,6195358414389,LOT24-5061,2026-09-21,Syrup,1g,1 vial,Nigeria,Genuine
mETRONIDAZOLE,JUHEL NIGERIA LTD,1v6bb3,6191904878605,dKHlX,26/06/2025,Syrup,400mg,200ml bottle,India,Suspicious
,Hovid Nigeri aLtd,G6-617843,6192415712761,96,,Ceram,1g,N/A,Pakistan,Suspicious
Nifedipine,Nigerian German Chemicals Plc,L5-1420,6197846850952,L26-4807,2028-04-01,Suspension,400mg,5 vials,Nigeria,Genuine
Artemether Lumefantrnie,PharmaPlus International,V6-724580,3360809,cVN,24/02/2025,Suspension,400mg,BULK,Pakistan,Suspicious
Flagyl,Bioraj Pharmaceuticals Ltd,PENDING,710816922397662,nsYdE,N/A,  Drops ,N/A,10 capsules,Pakistan,Suspicious
Coartem,Juhel Nigeria Ltd,W4-7676,6191719281706,L25-5119,2027-07-02,Syrup,200mg,30g tube,Nigeria,Genuine
Flagy,NovaDrug Industries,NOT REGISTERED,6190434741250,10,,Drops,125mg/5ml,30g tube,Nigeria,Suspicious
Augmenti,BioFix Pharmaceuticals,FN-JZMN,6198233097011,38,16/01/2026,  Cream ,400mg,100 tablets,Nigeria,Suspicious
Ibuprofen,MegaDrug Industries,R8-529406,GmdpCIXpbKQhq,BATCH-001,???,Capsule,250mg,10 tablets,Nigeria,Suspicious
Metronidazole,Swiss Pharma Nigeria Ltd,H1-5385,6192900185131,BT25-9321,2029-03-10,Cream,50mg,30 tablets,Nigeria,Genuine
Gentamicin,Mopson Pharmaceutical Ltd,M5-1199,6194554781370,L25-4828,2027-12-14,Ointment,100mg,1 vial,Nigeria,Genuine
  Lisinopril ,AlphaHealth Industries,NOT REGISTERED,6198812988617,4,???,Tablet,500mg/5ml,20 tablets,Nigeria,Suspicious
Vitamin C,Pharma Deko Plc,E7-3977,6190465375561,LOT25-4233,2026-08-01,Powder,500mg,20 capsules,Nigeria,Genuine
Magic Cure Pill,CureFast Pharmaceuticals,F-32,arujl9KsafTIC,tOKW,22/01/2026,Suspensino,400mg,20 capsules,Ghana,Suspicious
Lonart DS Extra,  Emzor  Pharmaceutical Industries,-1868,6194665895249,---,2023-12-27,Tablet,5mg,1 pack,China,Suspicious
HYDROCORTISONE,Chi Pharmaceuticals Ltd,W7-9122,4444444444444,EJAPmUKc,???,Sachet,125mg/5ml,30g tube,Pakistan,Suspicious
Cotrimoxazole,Chi Pharmaceuticals Ltd,A5-5570,6195967150067,L26-6488,2029-05-03,Capsule,500mg,5 vials,Nigeria,Genuine
Vitamin C,Juhel Nigeria Ltd,O0-5345,6193315410061,L26-6975,2027-07-16,Ointment,10mg,200ml bottle,Nigeria,Genuine
  Tramadol ,QuickCure Labs,  P8-6932 ,549723,5,2020-11-06,Sachet,250mg/5ml,BULK,India,Suspicious
Flagy,Drugfield   Pharmaceuticals  Ltd,H423L9,6195513444862,UNKNOWN,2021-10-01,Injection,50mg,100ml bottle,Nigeria,Suspicious
Paracetmol,TUYIL PHARMACEUTICAL INDUSTRIES,Z4-3830,0000000000000,34,???,cream,1g,10 tablets,Ghana,Suspicious
Chlrooquine,Dana Pharmaceuticals Ltd,  Y9-6420 ,6196557374856,43,2021-03-11,Powdre,N/A,20 tablets,Nigeria,Suspicious
Coartem,Chi Pharmaceuticals Ltd,N2-1431,6193708782119,L24-2694,2026-11-26,Injection,250mg,200ml bottle,Nigeria,Genuine
Diazepam,Neimeth International Pharmaceuticals,G7-2616,6191895473827,BN24-3240,2029-09-23,Injection,500mg/5ml,200ml bottle,Nigeria,Genuine
Amoxicillin,May & Baker Nigeria Plc,C6-4597,6195640723243,L24-8342,2027-09-20,Cream,250mg/5ml,30g tube,Nigeria,Genuine
Gentamicin,Hovid Nigeria Ltd,M4-9779,6196478686236,L25-1063,2026-09-17,Injection,400mg,100ml bottle,Nigeria,Genuine
Spironolactone,Emzor Pharmaceutical Industries,W8-4203,6193444704888,L26-9917,2028-01-09,Drops,500mg,30g tube,Nigeria,Genuine
Spironolactone,GlaxoSmithKline Nigeria,E0-8068,6190212886654,BT25-9224,2027-12-10,Capsule,10mg,20 capsules,Nigeria,Genuine
Augmentin,Dana Pharmaceuticals Ltd,V5-9014,6191558686397,LOT26-6784,2026-04-21,Drops,100mg,1 tube,Nigeria,Genuine
Erythromycin,Juhel Nigeria Ltd,R8-4267,6193987411328,LOT26-7959,2029-01-25,Ointment,250mg/5ml,1 tube,Nigeria,Genuine
Loperamide,Hovid Nigeria Ltd,S5-6693,6194393769041,BT25-8394,2026-09-03,Powder,400mg,20 capsules,Nigeria,Genuine
Azithromycin,Pfizer Nigeria,X4-2096,6197634250735,BT26-0150,2028-06-27,Sachet,50mg,200ml bottle,Nigeria,Genuine
AMPICLOX,BestPills International,-6692,oPTmQ8sgzAhDV,BATCH-118,UNKNOWN,  Syrup ,20mg,30 tablets,Ghana,Suspicious
Coartem,Neimeth InternationalP harmaceuticals,NONE,6191388655006,tsuxjXDH,UNKNOWN,sachet,500mg,100 tablets,Pakistan,Suspicious
Hydrocortisone,Sunrise Medications,B3-539399,3333333333333,KRME,N/A,sACHET,???,60ml bottle,China,Suspicious
Metronidazol,Mopson Pharmaceutical Ltd,-8130,6195587745261,99,UNKNOWN,Powder,400mg,60ml bottle,Ghana,Suspicious
Multivitamin,GoodHealth Generics,X3-374712,6195713399627,---,???,capsule,50mg,1 vial,China,Suspicious
Glibenclmaide,PharmaPlus International,F9-646137,40032,UNKNOWN,2021-03-10,pOWDER,N/A,1 vial,Ghana,Suspicious
Atenolol,Dana Pharmaceuticals Ltd,Q5-5148,6195400644542,L25-2486,2027-02-04,Syrup,200mg,30 tablets,Nigeria,Genuine
  Lonart ,glaxosmithkline nigeria,S0-2861,6193994901331,35,07/08/2026,dROPS,5mg,100 tablets,India,Suspicious
Antacid,Emzor Pharmaceutical Industries,H3-3044,6198361133896,BT25-0713,2029-09-18,Syrup,500mg/5ml,200ml bottle,Nigeria,Genuine
Multivitamin,Tuyil Pharmaceutical Industries,Y8-4578,6193918785191,BN24-9072,2027-10-18,Syrup,100mg,20 capsules,Nigeria,Genuine
Diaezpam,BioFix Pharmaceuticals,-2384,0000000000000,36,2020-08-19,Ointmetn,250mg,100ml bottle,Ghana,Suspicious
Loperamide,Fidson Healthcare Plc,R9-4955,6198984690813,B25-4409,2026-01-11,Ointment,400mg,100 tablets,Nigeria,Genuine
Doxycycline,FastRelief Drugs,VI-KLHW,0000000000000,N/A,2021-06-26,Capsuel,250mg/5ml,10 tablets,Nigeria,Suspicious
Chloroquine,Juhel Nigeria Ltd,-9248,6192410740271,BATCH-064,17/03/2026,Drops,400mg,1 tube,Pakistan,Suspicious
Hydrocortisone,Pfizer Nigeria,W1-3956,6197997029276,BN24-1008,2028-04-22,Sachet,50mg,30g tube,Nigeria,Genuine
Multivitamin,Neimeth International Pharmaceuticals,N6-9982,6193482689994,L24-6463,2029-01-17,Suspension,5mg,60ml bottle,Nigeria,Genuine
Ceftriaxone,Pharma Deko Plc,D7-9243,6191596983847,LOT26-8250,2027-12-22,Tablet,250mg/5ml,1 tube,Nigeria,Genuine
  Multivitamin ,PharmaPlus International,YO-CZMN,6666666666666,N/A,21/01/2026,Cream,10mg,30g tube,Unknown,Suspicious
Amoxicilin,Drugfield Pharmaceuticals   Ltd ,YgbS,6197404515699,28,2023-07-23,sachet,5mg,1 pack,China,Suspicious
Magic Cure Pill,BioFix Pharmaceuticals,L6-765444,6191257804733,N/A,UNKNOWN,Capsule,UNKNOWN,30g tube,Pakistan,Suspicious
Ibuprofen,Chi Pharmaceuticals Ltd,W8-2734,6192312392042,B24-1066,2029-12-01,Capsule,5mg,100 tablets,Nigeria,Genuine
erythromycin,MegaDrug Industries,UY-WLYB,0000000000000,BATCH-528,2023-04-09,Injeciton,500mg,30 tablets,Pakistan,Suspicious
Nifedipine,SKG Pharma Ltd,I9-3713,6196999699647,B26-9935,2029-02-17,Injection,100mg,200ml bottle,Nigeria,Genuine
Paracetamol,Evans Medical Plc,I3-3360,6194006157272,L26-2671,2029-06-04,Injection,50mg,10 capsules,Nigeria,Genuine
Hydrocortisone,Sanofi Nigeria,L5-2392,6195122946214,BT26-5354,2028-12-26,Capsule,10mg,1 vial,Nigeria,Genuine
Diazepam,Fidson Healthcare Plc,Q3-7929,6192644886943,L26-1556,2026-11-19,Cream,100mg,10 capsules,Nigeria,Genuine
Tramadol,Nigerian German Chemicals Plc,C0-6478,6195661390608,LOT26-0774,2028-09-19,Syrup,10mg,200ml bottle,Nigeria,Genuine
Erythromycin,Swiss Pharma Nigeria Ltd,F2-3712,6197065379470,BT26-4018,2028-08-27,Suspension,10mg,5 vials,Nigeria,Genuine
Ibuprofen,GoodHealth Generics,RKQYUY,0000000000000,BATCH-802,12/07/2026,Powder,125mg/5ml,BULK,China,Suspicious
Folic Acid,Emzor Pharmaceutical Industries,M3-8516,6193149501362,LOT26-8285,2026-12-18,Sachet,100mg,10 capsules,Nigeria,Genuine
Amatem,Bioraj Pharmaceuticals Ltd,T2-7618,6197389975631,LOT24-0705,2028-07-24,Syrup,5mg,200ml bottle,Nigeria,Genuine
Furosemide,Fidson Healthcare Plc,C6-7510,6198548709982,L24-6890,2027-03-19,Sachet,1g,30g tube,Nigeria,Genuine
Augmentin,Bioraj Pharmaceuticals Ltd,W3-2816,6198003666027,BN24-0188,2028-04-24,Syrup,,20 capsules,Nigeria,Genuine
Vitamin B Complex,DrugKing Industries,U9-591569,8888888888888,IAs,27/04/2025,Dorps,5mg,10 tablets,Pakistan,Suspicious
Cotrimoxazole,AlphaHealth Industries,PENDING,6191641700535,N/A,???,Tablte,500mg/5ml,10 tablets,China,Suspicious
Ciprofloxacn,Mopson Pharmaceutiacl Ltd,A-70,708428741,UNKNOWN,20/12/2026,Suspension,125mg/5ml,30 tablets,China,Suspicious
Metronidazole,Pharma Deko Plc,W4-7230,6199357824347,L25-6525,2028-09-16,Injection,250mg,100 tablets,Nigeria,Genuine
Lisinopril,Tuyil Pharmaceutical Industries,C1-2398,6191615280988,B25-2102,2029-06-28,Ointment,250mg/5ml,10 tablets,Nigeria,Genuine
Amoxicilin,BioFix Pharmaceuticals,XH-ZHKF,w07tcdtaBfS3M,??,UNKNOWN,Craem,UNKNOWN,N/A,China,Suspicious
Lisinopril,GlaxoSmithKline Nigeria,F4-9876,6192554428677,B25-3313,2027-06-27,Sachet,400mg,30 tablets,Nigeria,Genuine
Paracetmol,,7VIZ75,7745998413376870,BATCH-959,19/02/2025,Onitment,500mg,N/A,India,Suspicious
Emzor Paracetamol,pharma deko plc,E6-607504,0000000000000,,???,Powder,5mg,N/A,Ghana,Suspicious
Loperamide,SKG Pharma Ltd,F6-5823,6199082771817,BT26-9052,2027-07-14,Cream,50mg,10 tablets,Nigeria,Genuine
Antacid,Swiss Pharma Nigeria Ltd,I0-1893,6198427109476,L25-5682,2027-01-09,Drops,250mg,20 tablets,Nigeria,Genuine
Fruosemide,SuperCure Pharma,PVuH,hyJqgUXXPcJEU,BATCH-071,2020-06-04,Dorps,500mg/5ml,BULK,Pakistan,Suspicious
Azithromycin,Pfizer Nigeria,U3-2197,6196477251299,LOT25-8746,2029-01-13,Sachet,400mg,10 tablets,Nigeria,Genuine
Amoxicilin,DRUGFIELD PHARMACEUTICALS LTD,P4-305552,54959,74,2023-10-24,Capsule,500mg/5ml,20 tablets,Pakistan,Suspicious
lonart,Neimeth International Pharmaceuticals,  S9-1405 ,6193669332767,28,05/03/2026,oINTMENT,50mg,1 pack,China,Suspicious
Augmentin,Tuyil Pharmaceutical Industries,F0-1884,6192839482325,BT24-4228,2026-05-09,Drops,400mg,5 vials,Nigeria,Genuine
  Prednisolone ,Drugfield Pharmaceuticals   Ltd ,  U6-7399 ,4444444444444,uQq,21/07/2026,Drops,250mg/5ml,BULK,Ghana,Suspicious
Coartem,Dana Pharmaceuticals Ltd,H0-1396,6190370033228,B25-5391,2029-11-22,Ointment,500mg,200ml bottle,Nigeria,Genuine
,Hovid Nigeria Ltd,T0-1785,6191001676180,LOT25-2608,2027-12-22,Tablet,400mg,60ml bottle,Nigeria,Genuine
Erythromycin,Swiss Pharma Nigeria Ltd,F5-4983,6196488208930,LOT26-6655,2027-10-02,Ointment,100mg,10 capsules,Nigeria,Genuine
ORS,Tuyil Pharmaceutical Industries,F8-2806,6197932302341,L25-1889,2027-02-10,Capsule,20mg,20 tablets,Nigeria,Genuine
Emzor Paracetamol,Dana Pharmaceuticals Ltd,O1-2970,6198425476815,B24-6613,2027-03-27,Suspension,500mg/5ml,10 tablets,Nigeria,Genuine
Artemether Lumefantrine,Bioraj Pharmaceuticals Ltd,Z0-2847,6198498042535,L24-3191,2029-08-16,Suspension,250mg,30 tablets,Nigeria,Genuine
Augmenti,PharmaPlus International,X6-9812,6197482300972,nQEsg,2021-07-15,  Syrup ,125mg/5ml,30g tube,Unknown,Suspicious
Panado,eMZOR pHARMACEUTICAL iNDUSTRIES,A9-4976,0000000000000,92,UNKNOWN,Ointmnet,1g,200ml bottle,China,Suspicious
Cotrimoxazole,Chi Pharmaceuticals Ltd,J8-5549,6193379766272,BN25-1836,2026-06-23,Drops,1g,10 capsules,Nigeria,Genuine
Amoxil,Nigerian German Chemicals Plc,F0-3044,6197537030458,BT24-5067,2027-04-16,Cream,500mg,10 capsules,Nigeria,Genuine
Coartem,Emzor Pharmaceutical Industries,Q3-8181,6198191907490,B24-1504,2029-05-02,Tablet,20mg,1 vial,Nigeria,Genuine
Flagyl,Fidson Healthcare Plc,F7-7194,6190250826117,BT24-1299,2027-07-04,Ointment,200mg,1 tube,Nigeria,Genuine
MegaVit Plus,TopNotch Drugs Ltd,NONE,8888888888888,BATCH-261,N/A,powder,50mg,20 capsules,Ghana,Suspicious
Glibenclamide,Pfizer Nigeria,X0-6450,6195295806605,BN24-8316,2027-12-09,Capsule,100mg,100ml bottle,Nigeria,Genuine
Vitamin B Complex,Drugfield Pharmaceuticals Ltd,B8-3869,6196870568567,L24-5013,2029-03-25,Powder,50mg,100 tablets,Nigeria,Genuine
Artemether Lumefantrine,Juhel Nigeria Ltd,Q3-2194,6199971791100,BN25-5232,2026-03-02,Drops,500mg,10 capsules,Nigeria,Genuine
Diclfoenac,Pfizer iNgeria,ZE-HTNK,0000000000000,BATCH-077,???,Drops,250mg/5ml,60ml bottle,Unknown,Suspicious
Paracetamol,Nigerian German Chemicals Plc,P7-7176,6192550325017,L24-6317,2028-05-05,Ointment,100mg,10 capsules,Nigeria,Genuine
Augmentin,Neimeth International Pharmaceuticals,P9-5095,6191269789301,L25-6847,2028-12-11,Syrup,500mg,20 capsules,Nigeria,Genuine
  Metronidazole ,BestPills International,NVKEES,1111111111111,ndcYL,06/12/2025,Capsuel,10mg,10 tablets,India,Suspicious
Nifedipine,Tuyil Pharmaceutical Industries,Q6-7708,6199125177859,BT26-9730,2027-03-14,Powder,500mg,20 tablets,Nigeria,Genuine
Multivitamin,Swiss Pharma Nigeria Ltd,T3-9593,6194401348084,L24-5713,2028-04-16,Powder,250mg/5ml,200ml bottle,Nigeria,Genuine
Paracetmol,DrugKing Industries,-3016,0000000000000,evEjtJl,2021-09-16,POWDER,125mg/5ml,30g tube,Pakistan,Suspicious
Total Cure Tablets,CureFast Pharmaceuticals,W6N080,k1yKrIdBMxrFM,5,22/12/2025,Drops,100mg,20 tablets,Ghana,Suspicious
Diazepam,May & Baker Nigeria Plc,V7-1516,6197550476813,L26-9719,2028-11-16,Tablet,20mg,10 tablets,Nigeria,Genuine
Chlorpheniramine,Neimeth International Pharmaceuticals,C2-2180,6196376182090,BN25-6391,2026-02-27,Tablet,500mg/5ml,5 vials,Nigeria,Genuine
Power Drug,Pharma Deko Plc,5HWGPB,,BATCH-068,,Tablet,50mg,20 capsules,Ghana,Suspicious
Instant Relief Caps,MedExpress Ltd,M0-3303,875480293,99,18/04/2026,Suspension,100mg,10 tablets,Unknown,Suspicious
Multivitamin,GlaxoSmithKline Nigeria,B8-1241,6191326773601,BT25-0135,2029-05-26,Drops,400mg,60ml bottle,Nigeria,Genuine
Loperamide,Neimeth International Pharmaceuticals,C8-6115,6198520089439,LOT26-7026,2026-12-02,Cream,400mg,5 vials,Nigeria,Genuine
Doxycycline,Bioraj Pharmaceuticals Ltd,G3-1953,6191981794690,LOT25-8708,2028-03-20,Sachet,50mg,200ml bottle,Nigeria,Genuine
Ciprofloxacin,Mopson Pharmaceutical Ltd,Z2-8862,6198730486257,BN25-3074,2026-08-23,Injection,20mg,20 capsules,Nigeria,Genuine
Total Cure Tablets,Pfizer Nigeria,PENDING,XMwFq8Js49YA1,BATCH-802,2022-08-07,Drops,20mg,100 tablets,India,Suspicious
amoxil,WonderDrug Co,D5-991114,6193307066672,UKlVeDZL,N/A,Capsule,125mg/5ml,5 vials,Ghana,Suspicious
Atenolol,Swiss Pharma Nigeria Ltd,K3-9819,6199218785190,BT26-5807,2027-08-09,Sachet,500mg,100ml bottle,Nigeria,Genuine
Total Cure Tablets,  Evans  Medical Plc,M5-992060,6198463924880,N/A,???,Suspension,,BULK,Unknown,Suspicious
ibuprofen,Emzor PharmaceuticalI ndustries,  F0-8585 ,0000000000000,??,09/08/2026,Suspension,UNKNOWN,1 vial,Ghana,Suspicious
Prednisolone,SKG Pharma Ltd,N8-4149,6196289696455,LOT25-6165,2028-04-11,Powder,10mg,20 tablets,Nigeria,Genuine
Tetracycline,Sanofi Nigeria,M9-5066,6192591408496,B24-2969,2027-02-06,Suspension,400mg,30g tube,Nigeria,Genuine
Lonart,Hovid Nigeria Ltd,L3-8404,6194741124904,BT25-2530,2026-12-08,Cream,20mg,200ml bottle,Nigeria,Genuine
Hydrocortisone,Fidson Healthcare Plc,T1-3378,6196022132172,L25-2387,2026-02-20,Capsule,250mg,20 tablets,Nigeria,Genuine
Cotrimoxazole,pHARMA dEKO pLC,Z8-6822,eO5uQ4QLU9W4A,BATCH-893,14/12/2025,sachet,1g,10 capsules,Unknown,Suspicious
Ranitidine,Tuyil Pharmaceutical Industries,Y8-3525,6199456511810,BN24-3026,2026-04-04,Drops,200mg,20 tablets,Nigeria,Genuine
Amoxil,Swiss Pharma Nigeria Ltd,L7-9845,6192841067275,LOT24-0170,2028-11-23,Injection,50mg,10 capsules,Nigeria,Genuine
Amoxicilin,CureFast Pharmaceuticals,-6093,6666666666666,82,10/03/2026,Syurp,N/A,30g tube,Pakistan,Suspicious
Artemether Lumefantrine,Nigerian German Chemicals Plc,J4-3188,6190062987785,L24-5239,2028-12-13,Ointment,400mg,60ml bottle,Nigeria,Genuine
Promethazine,Swiss Pharma Nigeria Ltd,O5-9396,6199551687403,B26-1034,2027-12-27,Powder,500mg,30 tablets,Nigeria,Genuine
Metronidazol,CureFast Pharmaceuticals,C6-150539,10715558709404224,BATCH-305,2022-06-28,capsule,50mg,20 tablets,Unknown,Suspicious
Amatem,Pharma Deko Plc,I0-9615,6198223095867,BT26-7915,2027-10-22,Powder,125mg/5ml,30g tube,Nigeria,Genuine
Artemether Lumefantrine,Pharma Deko Plc,U7-2770,6197665122155,BN24-1251,2028-02-18,Powder,400mg,30 tablets,Nigeria,Genuine
Amatem,evans medical plc,P3-254592,dAuiObSnY6Mhb,UNKNOWN,N/A,Sachte,500mg,100ml bottle,India,Suspicious
Erythromycin,Hovid Nigeria Ltd,U8-2161,6192282178196,BT24-6874,2028-04-27,Injection,20mg,10 tablets,Nigeria,Genuine
Flagy,Neimeth International   Pharmaceuticals ,H-50,6193693010006,QEdxfaW,N/A,Syrup,50mg,5 vials,Ghana,Suspicious
Flagy,Chi PharmaceuticalsL td,FE-BVYG,6197349852972,46,27/02/2026,Syrup,500mg/5ml,1 tube,India,Suspicious
Amatme,AlphaHealth Industries,T3-5721,91294,BATCH-821,23/11/2025,  Injection ,50mg,200ml bottle,Ghana,Suspicious
  Cotrimoxazole ,sanofi nigeria,JN-OAPK,22750,89,22/01/2026,  Drops ,250mg,100ml bottle,China,Suspicious
Paracetamol,SKG Pharma Ltd,E7-2596,6190336829636,LOT24-3231,2026-06-27,Cream,500mg,10 capsules,Nigeria,Genuine
Ibuprofen,Pharma Deko Plc,Z9-6279,6197773872140,B26-5591,2026-04-22,Injection,200mg,30g tube,Nigeria,Genuine
Amoxil,Mopson Pharmaceutical Ltd,N5-1924,6193334911419,LOT24-0422,2028-01-15,Ointment,1g,200ml bottle,Nigeria,Genuine
Floic Acid,MedLine Drugs Ltd,NOT REGISTERED,84202435094765118,N/A,14/05/2025,Sachet,1g,100 tablets,India,Suspicious
MegaVit Plus,AlphaHealth Industries,b7-7634,6195359771009,XHy,2022-10-09,  Suspension ,???,10 capsules,China,Suspicious
Magic Cure Pill,NovaDrug Industries,NOT REGISTERED,42253939224257772774,BATCH-431,2022-03-03,Capsuel,1g,N/A,Nigeria,Suspicious
Erythromycin,Evans Medical Plc,R7-1691,6194947873002,BT25-5017,2029-02-21,Injection,20mg,30 tablets,Nigeria,Genuine
Glibenclamide,Emzor Pharmaceutical Industries,P8-3445,6196333738988,L26-7659,2028-02-11,Suspension,20mg,30g tube,Nigeria,Genuine
Ranitidine,Mopson Pharmaceutical Ltd,T8-9365,6193103032437,BT26-9145,2027-10-12,Injection,100mg,1 tube,Nigeria,Genuine
Panadol,Dana Pharmaceuticals Ltd,D4-2143,6193577594929,B26-6071,2028-07-06,Tablet,10mg,100 tablets,Nigeria,Genuine
Artemether Lumefantrine,Tuyil Pharmaceutical Industries,,6193325623895,B25-9649,2026-10-15,Tablet,250mg,1 tube,Nigeria,Genuine
  Doxycycline ,CureFast Pharmaceuticals,OWYPN3,32237185921268485,UNKNOWN,03/02/2026,Syrup,1g,60ml bottle,Nigeria,Suspicious
Amoxicilin,BioFix Pharmaceuticals,NONE,6197862902512,BATCH-132,2023-08-08,TABLET,250mg,1 vial,Nigeria,Suspicious
Amoxicillin,Pharma Deko Plc,H5-6156,6193730964965,B24-7708,2029-02-04,Sachet,125mg/5ml,20 capsules,Nigeria,Genuine
Ciprofloxacn,Sunrise Medications,c0-2642,6196759149993,BATCH-877,02/04/2025,  Drops ,UNKNOWN,10 capsules,India,Suspicious
Tetracycline,Bioraj Pharmaceuticals Ltd,R1-6228,6193714732108,LOT25-6950,2027-03-27,Cream,1g,1 tube,Nigeria,Genuine
Metformin,Neimeth International Pharmaceuticals,U9-6058,6193191654306,B26-9573,2028-03-08,Capsule,100mg,10 tablets,Nigeria,Genuine
Doxycycline,Bioraj Pharmaceuticals Ltd,J4-3788,6194648849979,B25-7276,2027-09-12,Drops,10mg,5 vials,Nigeria,Genuine
ORS,May & Baker Nigeria Plc,U7-3812,6192113869088,L24-6487,2029-03-06,Capsule,500mg,30g tube,Nigeria,Genuine
ATENOLOL,Healwell Pharma Ltd,N/A,5555555555555,BATCH-344,UNKNOWN,Syrup,200mg,200ml bottle,Pakistan,Suspicious
Ciprofloxacn,  Hovid  Nigeria Ltd,k3-8186,6198667155448,N/A,08/10/2025,  Ointment ,???,200ml bottle,Ghana,Suspicious
Tramadol,Sanofi Nigeria,L1-3824,6193972835122,B25-9504,2027-08-23,Syrup,5mg,30 tablets,Nigeria,Genuine
Diclofenac,MedExpress Ltd,A0-1453,0000000000000,88,16/06/2025,Capslue,50mg,100 tablets,India,Suspicious
Cotrimoxazole,Bioraj Pharmaceuticals Ltd,Z1-9099,6192031369554,BT26-6502,2027-12-01,Sachet,125mg/5ml,30 tablets,Nigeria,Genuine
Tramadol,Fidson Healthcare Plc,P7-9368,6195079252413,B26-1989,2027-12-17,Tablet,500mg,10 tablets,Nigeria,Genuine
Spironolactone,Bioraj Pharmaceuticals Ltd,Y3-7439,6199235348484,L25-7457,2026-09-06,Capsule,200mg,1 vial,Nigeria,Genuine
Augmentin,PharmaFast Nigeria,E7-8326,0000000000000,BATCH-978,UNKNOWN,Ointment,N/A,1 pack,India,Suspicious
Panado,QuickCure Labs,VD-XOYM,2770354,---,27/04/2025,Drops,???,5 vials,Nigeria,Suspicious
Omeprazole,Mopson Pharmaceutical Ltd,N6-7869,6199541329719,LOT24-7237,2029-07-05,Ointment,50mg,10 tablets,Nigeria,Genuine
Panadol,Dana Pharmaceuticals Ltd,U2-3406,6199031028795,LOT24-9167,2027-01-23,Injection,400mg,10 tablets,Nigeria,Genuine
Coartem,Pharma Deko Plc,V9-6074,6193460666436,L25-9932,2026-11-23,Ointment,500mg,1 tube,Nigeria,Genuine
Amoxicilin,BestPills International,A2-5971,881411,69,28/11/2026,cream,100mg,60ml bottle,Unknown,Suspicious
MegaVit Plus,GlaxoSmithKline Nigeria,PENDING,934891800381463,BATCH-168,06/02/2026,Sachet,50mg,20 tablets,Pakistan,Suspicious
Folic Aicd,Emzor Pharmaceutical Industries,N9-5158,6191440004070,BATCH-417,2020-12-14,  Injection ,???,20 capsules,Pakistan,Suspicious
Metronidazol,Neimeth Internaitonal Pharmaceuticals,  Q8-9693 ,4202593645,hjLfnyNw,06/10/2025,Capusle,500mg,1 vial,Ghana,Suspicious
Lonart,Drugfield Pharmaceuticals Ltd,W3-8031,6193718923922,BT24-2267,2029-01-09,Suspension,100mg,60ml bottle,Nigeria,Genuine
Omeprazole,SKG Pharma Ltd,M0-2995,6194672384972,B24-7183,2027-11-01,Syrup,100mg,1 tube,Nigeria,Genuine
Total Cure Tablets,PharmaFast Nigeria,N-62,6197941908787,??,2022-11-20,Tablet,???,60ml bottle,Pakistan,Suspicious
Amoxicillin,pfizer nigeria,TY-IWLG,56707897755426190384,24,07/07/2025,DROPS,250mg,20 capsules,China,Suspicious
Amlodipine,May & Baker Nigeria Plc,P9-4496,6198841368527,B26-3381,2026-11-14,Capsule,10mg,5 vials,Nigeria,Genuine
Erythromycin,Tuyil Pharmaceutical Industries,S0-5753,6192271133229,B26-8673,2028-08-26,Syrup,10mg,10 capsules,Nigeria,Genuine
Flagyl,Pfizer Nigeria,X1-7257,6198154660240,BN25-2007,2027-10-09,Injection,1g,200ml bottle,Nigeria,Genuine
  Atenolol ,MegaDrug Industries,PLBXL3,6194088609690,41,2021-07-02,  Capsule ,100mg,100 tablets,Ghana,Suspicious
Power Drug,HealthMax Pharma,ZD-PSNI,54245866729299072,92,16/10/2026,Tablet,500mg,100 tablets,India,Suspicious
MegaVit Plus,BioFix Pharmaceuticals,CRFG8K2N3,07204,qNdgjuJ,22/08/2025,  Injection ,1g,N/A,Unknown,Suspicious
FLAGYL,,NONE,9999999999999,??,N/A,Syrpu,1g,BULK,Ghana,Suspicious
Ferrous Sulphate,Mopson Pharmaceutical Ltd,D4-4861,6197769366349,BT26-2801,2028-03-20,Cream,1g,60ml bottle,Nigeria,Genuine
Furosemide,Neimeth International Pharmaceuticals,B4-7179,6199901398379,BT25-5067,2026-04-07,Capsule,250mg/5ml,30g tube,Nigeria,Genuine
Flagyl,Hovid Nigeria Ltd,A9-5610,6194858623949,LOT24-5458,2028-07-04,Injection,50mg,10 tablets,Nigeria,Genuine
rANITIDINE,HealthMax Pharma,i6-2179,LNLOPoVy14uRp,qGRuZla,???,Suspension,400mg,100 tablets,Nigeria,Suspicious
Metformin,Evans Medical Plc,N4-1702,6195103880278,BT24-4426,2027-08-14,Suspension,20mg,30 tablets,Nigeria,Genuine
Lisinopril,Drugfield Pharmaceuticals Ltd,K0-1542,6190000152916,BN26-3219,2029-02-15,Powder,125mg/5ml,20 capsules,Nigeria,Genuine
Multivitamin,Juhel Nigeria Ltd,I7-9037,6197252287281,BN26-0654,2026-11-02,Tablet,20mg,30 tablets,Nigeria,Genuine
Gentamicin,Sanofi Nigeria,M6-1092,6196065274037,BT26-4293,2028-06-01,Cream,20mg,30g tube,Nigeria,Genuine
Folic   Acid ,PharmaPlus International,Q9-902505,6586972232,BATCH-120,08/12/2025,  Sachet ,UNKNOWN,BULK,Nigeria,Suspicious
Doxycycline,Swiss Pharma Nigeria Ltd,I4-8576,6199513305314,B25-7647,2029-11-20,Cream,5mg,60ml bottle,Nigeria,Genuine
Ampiclox,Nigerian German Chemicals Plc,M9-4677,6190089317343,BT24-6670,2029-10-09,Syrup,250mg,20 capsules,Nigeria,Genuine
Tetracycline,Swiss Pharma Nigeria Ltd,Y1-2841,6190392405140,L25-0472,2028-04-24,Powder,200mg,100 tablets,Nigeria,Genuine
Augmentin,Chi Pharmaceuticals Ltd,T2-6335,6198796434742,LOT24-5117,2028-12-12,Cream,50mg,10 capsules,Nigeria,Genuine
Nifedipine,SKG Pharma Ltd,J8-9048,6199177633426,L24-0603,2027-09-18,Ointment,125mg/5ml,30 tablets,Nigeria,Genuine
Vitamin C,Juhel Nigeria Ltd,H9-2946,6191498307482,BT26-0204,2029-04-26,Ointment,10mg,20 tablets,Nigeria,Genuine
Flagyl,Fidson Healthcare Plc,V2-3956,6193552165052,B25-1818,2028-07-19,Syrup,250mg/5ml,20 tablets,Nigeria,Genuine
Tramadol,Nigerian German Chemicals Plc,H6-1715,6195766270287,B25-1744,2029-02-17,Drops,500mg,1 tube,Nigeria,Genuine
Ciprofloxacin,PharmaFast Nigeria,Y-20,0000000000000,BATCH-136,,TABLET,UNKNOWN,200ml bottle,Nigeria,Suspicious
Panado,HealthMax Pharma,  X5-5761 ,0000000000000,UNKNOWN,01/05/2025,Syrpu,100mg,10 tablets,Ghana,Suspicious
Diazepam,Neimeth International Pharmaceuticals,H2-7806,6191454307969,BT26-7602,2027-02-22,Tablet,500mg,200ml bottle,Nigeria,Genuine
Promethazine,GlaxoSmithKline Nigeria,V8-2220,6191797203850,B24-4509,2026-02-27,Cream,200mg,60ml bottle,Nigeria,Genuine
Ciprofloxacin,Pfizer Nigeria,W6-3758,6196335564349,BT25-9937,2029-01-22,Sachet,200mg,5 vials,Nigeria,Genuine
Amoxil,Hovid Nigeria   Ltd ,O8-2890,8888888888888,BATCH-998,20/10/2025,Crema,125mg/5ml,1 tube,Unknown,Suspicious
aTENOLOL,Sunrise Medications,B1-921084,6194747299057,BATCH-325,N/A,Injection,???,1 tube,Unknown,Suspicious
Folic Acid,Neimeth International Pharmaceuticals,U7-7482,6197242388493,L26-6643,2028-04-05,Powder,50mg,20 tablets,Nigeria,Genuine
Folic Acid,Swiss Pharma Nigeria Ltd,A1-4600,6196260846398,L26-6086,2029-02-11,Injection,500mg/5ml,100ml bottle,Nigeria,Genuine
Promethazine,SuperCure Pharma,P5-4013,0000000000000,BATCH-054,2023-09-26,  Syrup ,250mg,1 pack,China,Suspicious
Coartem,Mopson Pharmaceutical Ltd,S3-4817,6194419693152,L24-8099,2026-10-21,Injection,500mg,1 tube,Nigeria,Genuine
  Ceftriaxone ,HealthMax Pharma,N/A,6197740545862,N/A,,Injection,???,1 vial,Nigeria,Suspicious
Spironolactone,TUYIL PHARMACEUTICAL INDUSTRIES,J8UR63,oEUfsi71DQKBs,9,12/10/2026,  Cream ,250mg,10 capsules,Ghana,Suspicious
Metronidazole,Pharma Deko Plc,Q1-6359,6195839386617,BT24-1834,2028-06-06,Tablet,20mg,5 vials,Nigeria,Genuine
Metformin,Tuyil Pharmaceutical Industries,Z3-2092,6191804674130,BN25-5265,2027-09-10,Capsule,125mg/5ml,200ml bottle,Nigeria,Genuine
Ibuprofen,SKG Pharma Ltd,G6-2141,6195873662715,BT26-5812,2029-10-08,Suspension,10mg,100 tablets,Nigeria,Genuine
Nifedipine,Swiss Pharma Nigeria Ltd,L8-8059,6193144170648,L24-5911,2028-05-28,Tablet,100mg,60ml bottle,Nigeria,Genuine
Ranitidnie,NovaDrug Industries,PENDING,6190522589870,8,25/04/2025,Capsule,500mg/5ml,1 tube,Unknown,Suspicious
Omeprazole,Tuyil Pharmaceutical Industries,S5-7897,6195442094947,BN26-7852,2027-10-02,Injection,500mg/5ml,1 tube,Nigeria,Genuine
  Lisinopril ,MedLine Drugs Ltd,sWkoc5br,7777777777777,??,???,Sachet,5mg,200ml bottle,Pakistan,Suspicious
Metronidazol,FastRelief Drugs,NOT REGISTERED,4444444444444,BATCH-627,???,sUSPENSION,N/A,60ml bottle,Pakistan,Suspicious
Paracetamol,May & Baker Nigeria Plc,V6-5365,6192569087760,L26-1248,2027-01-13,Drops,250mg,1 vial,Nigeria,Genuine
Chloroquine,Tuyil Pharmaceutical Industries,M1-4949,6197918055261,B25-6086,2027-08-25,Capsule,500mg,1 vial,Nigeria,Genuine
Coatrem,AlphaHealth Industries,NuGYE,424253690912375,2,2022-10-15,  Ointment ,,1 pack,Nigeria,Suspicious
Omeprazoel,FastRelief Drugs,I2C7RW,0000000000000,ZiHgocK,2022-04-11,Tablet,UNKNOWN,20 capsules,Unknown,Suspicious
Amoxil,Pharma Deko Plc,W9-8966,6194132834832,BN25-2425,2026-04-23,Drops,125mg/5ml,30g tube,Nigeria,Genuine
Ceftriaxone,Mopson Pharmaceutical Ltd,S4-7951,6194743671369,B25-9517,2028-12-10,Tablet,125mg/5ml,60ml bottle,Nigeria,Genuine
Amatem,SuperCure Pharma,N4-945920,0000000000000,DTWuCg,???,Ceram,???,1 pack,Pakistan,Suspicious
Vitamin B Complex,Tuyil Pharmaceutical Industries,K8-4117,6193920567754,L25-7708,2029-03-05,Ointment,20mg,10 tablets,Nigeria,Genuine
Amoxil,Juhel Nigeria Ltd,C5-9452,6194826691369,BT25-8483,2027-06-12,Tablet,10mg,10 capsules,Nigeria,Genuine
Ampiclox,Healwell Pharma Ltd,K-75,1111111111111,80,12/11/2026,dROPS,N/A,60ml bottle,Pakistan,Suspicious
Multivtiamin,gLAXOsMITHkLINE nIGERIA,  O7-6398 ,VEgwj0NVYCoxj,BATCH-479,14/08/2026,  Syrup ,100mg,1 pack,Nigeria,Suspicious
Multivitamin,BestPills International,  H8-2483 ,8965583445,---,2021-10-26,CREAM,???,BULK,Nigeria,Suspicious
Amatem,GlaxoSmithKline Nigeria,Z9-3967,6196764921515,,2026-07-18,Powder,500mg/5ml,30g tube,Nigeria,Genuine
Amoxil,Dana Pharmaceuticals Ltd,A8-7783,6198430211661,L24-2329,2026-05-22,Cream,50mg,20 capsules,Nigeria,Genuine
Chloroquine,Juhel Nigeria Ltd,I8-9242,6194712705873,L24-3029,2026-07-22,Injection,250mg,100ml bottle,Nigeria,Genuine
Ciprofloxacin,Mopson Pharmaceutical Ltd,V8-7598,6199886497678,L26-6930,2027-03-17,Syrup,50mg,1 tube,Nigeria,Genuine
Folic Acid,Fidson Healthcare Plc,J0-6843,6194683565216,LOT25-8350,2026-09-26,Syrup,500mg,1 vial,Nigeria,Genuine
Ibuprofen,Swiss Pharma Nigeria Ltd,U4-9570,6197632909277,B24-5034,2028-07-01,Powder,200mg,100 tablets,Nigeria,Genuine
Cotrimoxazole,Juhel Nigeria Ltd,I1-5573,6195868501425,B25-0726,2026-10-14,Cream,250mg/5ml,30g tube,Nigeria,Genuine
Ibuprofen,Sanofi Nigeria,F0-6389,6191460745557,BT25-7407,2026-06-15,Injection,500mg/5ml,30g tube,Nigeria,Genuine
Furosemide,Neimeth International Pharmaceuticals,K1-9779,6192337498941,BN24-4953,2027-06-06,Injection,500mg,1 tube,Nigeria,Genuine
Tetracycline,Nigerian German Chemicals Plc,P9-8396,6195649157957,LOT25-7065,2027-04-09,Drops,250mg,30 tablets,Nigeria,Genuine
PROMETHAZINE,PharmaFast Nigeria,G-87,6360712,BATCH-882,2022-10-03,Syrpu,100mg,100ml bottle,Unknown,Suspicious
Furosemide,Emzor Pharmaceutical Industries,G6-5842,6196871912031,B24-9276,2029-07-21,Sachet,250mg/5ml,1 tube,Nigeria,Genuine
Total Cure Tablets,HealthMax Pharma,PENDING,4444444444444,HplWJek,UNKNOWN,Cream,500mg,20 tablets,Unknown,Suspicious
Lonart,May & Baker Nigeria Plc,G3-4874,6197886140570,B25-1172,2029-01-14,Suspension,500mg,10 capsules,Nigeria,Genuine
Cotrimoxazole,Tuyil Pharmaceutical Industries,E8-8293,6199916091142,BN24-1950,2027-06-22,Sachet,125mg/5ml,30 tablets,Nigeria,Genuine
Chloroquine,Sanofi Nigeria,A4-1292,6199074260886,BN25-0366,2026-08-04,Ointment,250mg/5ml,10 capsules,Nigeria,Genuine
Emzor Paracetamol,Pharma Deko Plc,P0-5569,6196861114575,L26-4085,2027-02-01,Syrup,250mg,1 vial,Nigeria,Genuine
Magic Cure Pill,may & baker nigeria plc,X1-382050,17236850448526023,BATCH-248,02/06/2026,  Suspension ,100mg,100 tablets,China,Suspicious
Promethazine,Mopson Pharmaceutical Ltd,R5-6263,6198522942527,LOT24-6753,2026-09-11,Drops,10mg,1 vial,Nigeria,Genuine
Glibenclamide,BioFix Pharmaceuticals,FdSH7fmf,3678621,PexcIG,14/05/2025,Cream,250mg,N/A,Ghana,Suspicious
Spironolactone,Fidson Healthcare Plc,G2-7505,6191117800684,BN24-4400,2027-02-21,Ointment,400mg,100 tablets,Nigeria,Genuine
Vitamin   C ,MedLine Drugs Ltd,I-91,DvAlO10CNVduv,BATCH-740,2023-04-24,sYRUP,250mg/5ml,1 pack,Nigeria,Suspicious
Hydrocortisone,NovaDrug Industries,-7089,62941,58,20/02/2025,Syrup,N/A,30 tablets,Ghana,Suspicious
Cotrimoxazole,Juhel Nigeria Ltd,Z9-8541,6195954508918,L25-7200,2026-11-25,Powder,250mg/5ml,1 tube,Nigeria,Genuine
Ranitidien,Neimeth International Pharmaceuticals,I9P8TF,1111111111111,58,2022-02-20,  Suspension ,1g,200ml bottle,Ghana,Suspicious
Amoxil,Pharma Deko Plc,H5-1779,6192000534747,B24-7159,2027-05-16,Cream,10mg,10 capsules,Nigeria,Genuine
Chloroquine,May & Baker Nigeria Plc,P5-7274,6192208635369,LOT25-1376,2028-02-17,Tablet,100mg,100 tablets,Nigeria,Genuine
Amatem,May & Baker Nigeria Plc,M5-8356,6199551562397,BT26-0259,2026-09-11,Cream,250mg,10 tablets,Nigeria,Genuine
Diclofenac,Bioraj Pharmaceuticals Ltd,T3-6337,6199538280405,LOT25-2030,2027-12-19,Sachet,20mg,20 capsules,Nigeria,Genuine
Panado,GoodHealth Generics,T8-286481,5974776565907055494,82,08/07/2026,  Drops ,UNKNOWN,20 capsules,China,Suspicious
Ampiclox,Dana Pharmaceuticals Ltd,G6-2477,6193285072511,L26-6556,2027-08-22,Ointment,50mg,1 tube,Nigeria,Genuine
Augmentin,Neimeth International Pharmaceuticals,R8-6273,6196527155980,BT25-5110,2026-12-03,Ointment,10mg,1 vial,Nigeria,Genuine
Glibenclamdie,QuickCure Labs,C-51,6199875175792,iaWB,2023-01-20,  Injection ,125mg/5ml,10 tablets,China,Suspicious
Ferrous Sulphate,May & Baker Nigeria Plc,E3-9963,6195037199057,BN25-9900,2026-09-16,Syrup,400mg,1 tube,Nigeria,Genuine
Ciprofloxacn,CureFast Pharmaceuticals,12DKZ4,6192861223286,N/A,01/12/2025,Injcetion,400mg,10 capsules,India,Suspicious
Tetracycline,Sanofi Nigeria,R2-8041,6192045053319,LOT26-6758,2027-04-28,Syrup,500mg/5ml,30g tube,Nigeria,Genuine
Emzor Paracetamol,Emzor Pharmaceutical Industries,C5-2524,6199956046614,B24-9470,2027-11-13,Syrup,100mg,10 capsules,Nigeria,Genuine
Glibecnlamide,BioFix Pharmaceuticals,NOT REGISTERED,4231697920,---,26/05/2025,sachet,50mg,30g tube,Pakistan,Suspicious
Diazepam,Sunrise Medications,H-78,5555555555555,GCN,N/A,sachet,400mg,200ml bottle,Ghana,Suspicious
TRAMADOL,PharmaFast Nigeria,-2404,6193316166974,BATCH-694,02/08/2025,Capsule,125mg/5ml,30 tablets,Nigeria,Suspicious
Hydrocortisone,Emzor Pharmaceutical Industries,B0-5933,6192489420463,L26-4588,2029-07-16,Ointment,500mg,20 capsules,Nigeria,Genuine
Amoxil,Pfizer Nigeria,H7-8486,6197569198324,BN26-0475,2027-10-03,Ointment,125mg/5ml,5 vials,Nigeria,Genuine
AMLODIPINE,Pfizer   Nigeria ,m5-2742,5781314,BATCH-981,08/01/2025,tablet,100mg,100ml bottle,Nigeria,Suspicious
Ferrous Sulphate,Pharma Deko Plc,V2-6615,6197532603329,BT26-0459,2027-02-12,Tablet,20mg,5 vials,Nigeria,Genuine
Antacid,Mopson Pharmaceutical Ltd,WD-WTKY,6191541858992,hyK,N/A,Tablet,1g,5 vials,Nigeria,Suspicious
Glibenclamide,GlaxoSmithKline Nigeria,P8-6837,6192211587181,LOT25-2662,2027-06-27,Injection,250mg/5ml,30 tablets,Nigeria,Genuine
fERROUS sULPHATE,Emzor Phramaceutical Industries,NOT REGISTERED,6192488880497,N/A,14/05/2026,Ceram,500mg/5ml,60ml bottle,China,Suspicious
Lpoeramide,Dana Pharmaceuticals Ltd,I3-725081,jTUTbnbzpfIOZ,qbYNoIS,N/A,Cream,500mg,5 vials,Nigeria,Suspicious
Paracetamol,Chi Pharmaceuticals Ltd,Q1-3722,6193710672873,BT26-9063,2029-07-01,Injection,250mg,60ml bottle,Nigeria,Genuine
Ampiclox,Neimeth International Pharmaceuticals,G0-5087,6190705345781,L26-2129,2026-04-12,Drops,1g,100ml bottle,Nigeria,Genuine
Flagyl,Tuyil Pharmaceutical Industries,V6-3224,6191267969279,B25-9144,2029-07-12,Suspension,100mg,60ml bottle,Nigeria,Genuine
Furosemide,Drugfield Pharmaceuticals Ltd,F4-1256,6198916498371,BT25-4503,2027-10-21,Ointment,100mg,100ml bottle,Nigeria,Genuine
Cotrimoxazole,BIORAJ PHARMACEUTICALS LTD,O6ZHDQ,03883331518016648,mhdg,,Powder,250mg/5ml,60ml bottle,Nigeria,Suspicious
Folic Acdi,MedExpress Ltd,Y5-922279,802410415074931,---,2020-07-25,  Capsule ,250mg/5ml,30g tube,Unknown,Suspicious
  Diazepam ,NovaDrug Industries,,922906419,??,UNKNOWN,tABLET,50mg,1 pack,Unknown,Suspicious
Instant Relief Caps,BioFix Pharmaceuticals,L7-2941,816254993,qLrkV,04/04/2026,Drpos,100mg,N/A,Nigeria,Suspicious
ORS,Nigerian German Chemicals Plc,K1-6198,6195973714703,B24-7799,2027-11-07,Cream,1g,10 tablets,Nigeria,Genuine
Viatmin C,TopNotch Drugs Ltd,J7-3892,6193922689492,BATCH-244,2021-12-24,Suspension,20mg,10 capsules,India,Suspicious
Diazepam,Emzor Pharmaceutical Industries,W0-2837,6190898573909,B24-5676,2027-02-23,Capsule,5mg,1 vial,Nigeria,Genuine
Amatem,Swiss Pharma Nigeria Ltd,Z3-5483,6190163611282,LOT26-8121,2026-09-12,Sachet,400mg,200ml bottle,Nigeria,Genuine
Artemether Lumefantrine,Swiss Pharma Nigeria Ltd,W4-2524,6190386571912,B24-6561,2026-10-19,Tablet,20mg,5 vials,Nigeria,Genuine
Chlorpheniramine,Nigerian German Chemicals Plc,  G4-5358 ,j6069xSmCmRhf,mGabK,22/04/2026,  Tablet ,???,100 tablets,Nigeria,Suspicious
Flagy,HealthMax Pharma,9z7a9U4rY,6192223499809,LYCU,12/10/2025,Capsule,N/A,30 tablets,India,Suspicious
Coartem,Bioraj Pharmaceuticals Ltd,P4-1832,6191640052420,L26-7107,2026-02-03,Syrup,5mg,10 tablets,Nigeria,Genuine
Ciprofloxacn,Healwell Pharma Ltd,S5-2195,6194845422593,BATCH-318,2020-12-11,  Sachet ,1g,100 tablets,Pakistan,Suspicious
Metformin,Pfizer Nigeria,O1-8571,6190598445148,BT25-8232,2027-09-13,Powder,250mg,20 tablets,Nigeria,Genuine
Cotrimoxazole,MedLine Drugs Ltd,BE-MLFV,7777777777777,??,23/03/2026,sUSPENSION,,100 tablets,India,Suspicious
Promethazine,Nigerian German Chemicals Plc,M6-2659,6193473235490,LOT26-0150,2026-03-17,Sachet,50mg,1 tube,Nigeria,Genuine
Instant Relief Caps,QuickCure Labs,e1-9205,bfcG8dNDBXlVr,N/A,2021-01-09,Suspensino,5mg,60ml bottle,Ghana,Suspicious
Hydrocortisone,Dana Pharmaceuticals Ltd,I9-7144,6190105485742,BN25-2300,2026-06-25,Ointment,100mg,30 tablets,Nigeria,Genuine
Flagyl,SKG Pharm aLtd,W6-8964,0000000000000,UNKNOWN,2023-04-02,cream,250mg,200ml bottle,Ghana,Suspicious
Gentamicin,Fidson Healthcare Plc,S9-4578,6191458434562,L24-1486,2026-04-18,Powder,10mg,10 tablets,Nigeria,Genuine
Erythromycni,HealthMax Pharma,CY-RUGI,0000000000000,AMp,2023-06-14,Sahcet,250mg,BULK,Ghana,Suspicious
Amoxicilin,FastRelief Drugs,W8-442655,455965765786800,BATCH-381,21/12/2026,Ointmetn,5mg,200ml bottle,China,Suspicious
Loperamide,Neimeth International Pharmaceuticals,Z5-8173,6194835268064,LOT26-7233,2026-12-14,Drops,200mg,1 vial,Nigeria,Genuine
Metronidazol,SuperCure Pharma,w7LR,8416290628815660,4,N/A,  Cream ,5mg,60ml bottle,India,Suspicious
Multivitamin,Chi Pharmaceuticals Ltd,O9-6901,6190145561680,BN25-7813,2027-02-23,Injection,10mg,200ml bottle,Nigeria,Genuine
Ferrous Sulphate,Swiss Pharma Nigeria Ltd,B2-4932,6198974326005,LOT26-5719,2028-06-01,Capsule,50mg,30g tube,Nigeria,Genuine
TRAMADOL,Sanofi   Nigeria ,A-25,z4Vgy8UfZ1p9O,BATCH-623,26/03/2025,  Suspension ,20mg,1 tube,Unknown,Suspicious
Ampiclox,Bioraj Pharmaceuticals Ltd,M9-1305,6194137977237,L26-2438,2027-10-22,Powder,400mg,30 tablets,Nigeria,Genuine
Flagyl,Neimeth International Pharmaceuticals,C6-7678,6195876036698,BN26-6332,2029-01-12,Injection,500mg/5ml,60ml bottle,Nigeria,Genuine
Tetracycilne,BioFix Pharmaceuticals,MB-LDCS,6192834914302,15,06/08/2025,Cream,???,100ml bottle,China,Suspicious
Tramadol,Tuyil Pharmaceutical Industries,O7-1640,6191475469264,BT24-7179,2029-07-22,Syrup,250mg/5ml,1 vial,Nigeria,Genuine
MegaVit Plus,MegaDrug Industries,NOT REGISTERED,070677693,fSUp,2021-04-13,injection,125mg/5ml,10 tablets,China,Suspicious
Magic Cure Pill,CHI PHARMACEUTICALS LTD,G6-9547,6190083476121,1,???,Injection,200mg,100 tablets,Ghana,Suspicious
Lonart,Bioraj Pharmaceuticals Ltd,A6-4365,6195651269440,B25-9351,2028-10-09,Ointment,500mg/5ml,100 tablets,Nigeria,Genuine
Cotrimoxazole,Tuyil Pharmaceutical Industries,C9-1878,6192294131868,B26-3797,2029-08-15,Injection,1g,60ml bottle,Nigeria,Genuine
Omeprazole,Swiss Pharma Nigeria Ltd,T5-9850,6192923616186,B24-8612,2026-10-01,Injection,5mg,5 vials,Nigeria,Genuine
Ibuprofen,Neimeth International Pharmaceuticals,P6-2364,6198518626714,BT25-9146,2028-02-01,Capsule,200mg,30 tablets,Nigeria,Genuine
Metronidazol,QuickCure Labs,-6310,9999999999999,UNKNOWN,,Tablet,20mg,10 capsules,China,Suspicious
Vitamin B Complex,Pfizer Nigeria,F6-2468,6197647501114,BN25-8451,2027-01-19,Sachet,1g,100ml bottle,Nigeria,Genuine
Panado,BioFix Pharmaceuticals,D9Q,6196991548271,IDl,N/A,suspension,20mg,BULK,India,Suspicious
Instant Relief Caps,TopNotch Drugs Ltd,-1430,6197119475059,17,2020-02-05,  Drops ,400mg,10 capsules,Ghana,Suspicious
Multivitamin,Hovid Nigeria Ltd,F6-2244,6193119642583,LOT25-2279,2029-02-28,Injection,1g,1 vial,Nigeria,Genuine
Magic Cure Pill,CureFast Pharmaceuticals,XORJGR,0000000000000,TWyg,,Drops,200mg,30 tablets,India,Suspicious
Spironolactone,Nigerian German Chemicals Plc,R6-6767,6193694551584,B26-6525,2027-07-16,Drops,400mg,100ml bottle,Nigeria,Genuine
Instant Relief Caps,DrugKing Industries,NONE,14096170998731709,YXVfUl,UNKNOWN,Ointment,200mg,20 capsules,Pakistan,Suspicious
  Panadol ,WonderDrug Co,R0-8608,0104194534195281447,---,24/11/2025,  Powder ,100mg,100ml bottle,Nigeria,Suspicious
  Prednisolone ,CureFast Pharmaceuticals,  F8-6687 ,09185805581157449,??,2020-07-02,Drops,500mg,20 tablets,India,Suspicious
vITAMIN c,AlphaHealth Industries,NONE,2036686427786268,BATCH-114,01/12/2025,  Syrup ,N/A,100ml bottle,India,Suspicious
  Furosemide ,AlphaHealth Industries,C5-8036,2222222222222,BATCH-755,UNKNOWN,Syrpu,10mg,20 capsules,Nigeria,Suspicious
Lonart DS Extra,Sunrise Medications,EZ-WTMF,6194913943036,47,2021-08-09,Sachet,400mg,100ml bottle,Pakistan,Suspicious
Doxyccyline,Drugfield Pharmaceuticals Ltd,  M9-6588 ,8985664301,??,UNKNOWN,OINTMENT,???,1 pack,Ghana,Suspicious
,TopNotch Drugs Ltd,geGBUt,6192758881186,BATCH-614,2022-02-13,cream,10mg,30g tube,Nigeria,Suspicious
Diazepam,Drugfield Pharmaceuticals Ltd,M4-1070,6198303736062,BN24-4583,2029-01-17,Injection,500mg/5ml,1 vial,Nigeria,Genuine
Ciprofloxacn,CureFast Pharmaceuticals,NONE,6195239188675,UNKNOWN,2023-04-11,suspension,500mg,30g tube,Ghana,Suspicious
Artemether Lumefantrine,Evans Medical Plc,I2-1509,6196788317127,BN24-1110,2027-03-07,Ointment,10mg,5 vials,Nigeria,Genuine
Ceftriaxone,May & Baker Nigeria Plc,S2-4270,6190071695008,L25-1519,2028-09-23,Cream,250mg/5ml,10 capsules,Nigeria,Genuine
Super Paracetamol,PharmaFast Nigeria,  H7-1927 ,2SMBPIY9KReXA,BATCH-350,N/A,drops,100mg,1 tube,Pakistan,Suspicious
Doxycycline,Hovid Nigeria Ltd,X1-2681,6198723335104,LOT24-9725,2029-02-09,Sachet,50mg,100 tablets,Nigeria,Genuine
Vitamin CC,BestPills International,-2199,3186679066747720,Ida,2022-04-24,Drops,10mg,30g tube,Nigeria,Suspicious
Vitamin B Complex,Fidson Healthcare Plc,K4-8433,6191553132592,BT25-7896,2026-04-26,Ointment,50mg,20 capsules,Nigeria,Genuine
Vitamin C,Dana Pharmaceuticals Ltd,L9-9404,6199897211706,B26-9728,2028-11-17,Tablet,250mg,200ml bottle,Nigeria,Genuine
Nifedipine,Swiss Pharma Nigeria Ltd,W0-3684,6197588425241,BN24-5588,2029-05-17,Capsule,400mg,1 tube,Nigeria,Genuine
Ciprofloxacn,QuickCure Labs,ZWaDNJf,1111111111111,jNN,06/10/2025,Ointment,5mg,10 capsules,Unknown,Suspicious
pREDNISOLONE,Healwell Pharma Ltd,P-49,2850725532052851550,rneP,???,  Cream ,200mg,60ml bottle,Pakistan,Suspicious
Spironolactone,Hovid Nigeria Ltd,T1-8674,,LOT24-1810,2026-06-20,Cream,500mg,100 tablets,Nigeria,Genuine
Super Paracetamol,MegaDrug Industries,  J2-4277 ,hUCCOyw63UAQW,BATCH-198,26/02/2026,Ceram,N/A,10 tablets,Nigeria,Suspicious
Multivitamin,MedLine Drugs Ltd,A7-5774,JguMDjuLEsIlI,bdKWg,04/07/2026,Drops,20mg,30 tablets,China,Suspicious
eRYTHROMYCIN,PharmaPlus International,-9014,5555555555555,3,UNKNOWN,Drosp,50mg,1 tube,Ghana,Suspicious
Diclofenac,May & Baker Nigeria Plc,D6-6411,6197120826772,BT25-5362,2028-11-02,Capsule,125mg/5ml,1 vial,Nigeria,Genuine
MegaVit Plus,Dana Pharmaceuticals Ltd,K-84,370089,BATCH-129,2021-12-15,Talbet,20mg,100ml bottle,China,Suspicious
Ciprofloxacn,PharmaFast Nigeria,m4-6657,6193309074064,43,2023-09-11,syrup,N/A,30g tube,Ghana,Suspicious
Loperamide,Juhel Nigeria Ltd,K1-2335,6196682973276,BN24-2079,2029-05-25,Powder,250mg/5ml,100ml bottle,Nigeria,Genuine
  Multivitamin ,MedExpress Ltd,BE-MOWI,Tfs8UM5VUENGd,BATCH-808,2023-11-17,ointment,5mg,1 pack,Nigeria,Suspicious
,Sunrise Medications,D6J,2222222222222,63,2021-07-23,CREAM,N/A,30 tablets,Unknown,Suspicious
Diclofenac,Nigerian German Chemicals Plc,Z8-6992,6191604817546,B25-6186,2026-11-08,Drops,500mg,1 vial,Nigeria,Genuine
Flagyl,Hovid Nigeria Ltd,K6-2083,6194630316175,B26-1001,2028-11-24,Syrup,250mg,10 tablets,Nigeria,Genuine
Vitamin C,Pfizer Nigeria,V9-7711,6196365807416,BT26-0506,2028-09-21,Capsule,125mg/5ml,200ml bottle,Nigeria,Genuine
Panado,BestPills International,F-97,5555555555555,N/A,09/05/2026,Ointmnet,20mg,10 tablets,Nigeria,Suspicious
Folic Acid,Hovid Nigeria Ltd,B0-5117,6193973598934,BT25-7453,2027-11-03,Syrup,100mg,1 tube,Nigeria,Genuine
Paracetmol,Hovid   Nigeria  Ltd,C6KH1X,QOMu94V2AbQqY,fKD,2021-07-28,Syrpu,10mg,1 vial,Pakistan,Suspicious
AMOXICILLIN,TopNotch Drugs Ltd,N/A,6190049332676,33,13/10/2025,Capsule,10mg,200ml bottle,Unknown,Suspicious
MegaVit Plus,Pfiezr Nigeria,FN-WHEW,9999999999999,??,UNKNOWN,Cream,100mg,20 tablets,Pakistan,Suspicious
Cotrimoxazole,Mopson Pharmaceutical Ltd,O8-8397,6191331509837,B24-0217,2026-12-21,Tablet,200mg,20 tablets,Nigeria,Genuine
Diclofenac,Evans Medical Plc,W4-2195,6194916999399,BT26-4334,2028-10-15,Injection,200mg,1 vial,Nigeria,Genuine
Power Drug,BioFix Pharmaceuticals,  S8-1693 ,6197338079267,N/A,UNKNOWN,Tabelt,N/A,1 tube,Nigeria,Suspicious
Lisinopril,Juhel Nigeria Ltd,L9-4650,6199652138354,BN25-1440,2027-05-11,Cream,200mg,20 tablets,Nigeria,Genuine
Vitamin B Complex,Sanofi Nigeria,C6-1636,6191692364588,L26-6132,2026-11-13,Ointment,250mg/5ml,100 tablets,Nigeria,Genuine
Artemether Lumefantrine,Neimeth International Pharmaceuticals,D3-8113,6195024916308,BN26-7886,2027-06-25,Capsule,200mg,30 tablets,Nigeria,Genuine
Artemether Lumefantrine,PharmaFast Nigeria,afyHoNIto,hIVzCP1art6OS,UNKNOWN,2023-04-02,SUSPENSION,5mg,N/A,Ghana,Suspicious
Erythromycin,Nigerian German Chemicals Plc,D2-3960,6190190725877,BT24-3607,2026-05-19,Suspension,20mg,60ml bottle,Nigeria,Genuine
gentamicin,BIORAJ PHARMACEUTICALS LTD,N/A,hee5qdG6LvMuj,BATCH-943,2023-05-14,Inejction,50mg,100 tablets,Unknown,Suspicious
Ceftriaxone,Hovid Nigeria Ltd,O4-5893,6192275854854,B25-6059,2028-12-27,Sachet,400mg,30 tablets,Nigeria,Genuine
Lonart DS Extra,WonderDrug Co,JJ-RBEF,0000000000000,BATCH-719,,Syrup,???,10 tablets,Nigeria,Suspicious
Panadol,MedLine Drugs Ltd,Q-11,6193865626004,EbTSN,N/A,TABLET,500mg,5 vials,China,Suspicious
Furosemide,Mopson Pharmaceutical Ltd,T5-8906,6196403816646,B25-9816,2026-03-17,Syrup,400mg,1 vial,Nigeria,Genuine
Chlorpheniramine,Bioraj Pharmaceuticals Ltd,Y5-3821,6194013223427,BT24-1387,2029-12-25,Capsule,250mg,10 tablets,Nigeria,Genuine
Power Drug,CureFast Pharmaceuticals,PENDING,6195975980960,65,2020-10-13,Tablet,???,BULK,Ghana,Suspicious
Amoxicillin,Bioraj Pharmaceuticals Ltd,E4-1107,6194335048883,B26-2634,2026-01-15,Cream,100mg,30 tablets,Nigeria,Genuine
Tramadol,NovaDrug Industries,O-30,6193734483653,---,2023-11-04,  Sachet ,500mg/5ml,5 vials,Unknown,Suspicious
Ceftriaxone,GoodHealth Generics,P1-372808,0148333540112728,50,2021-01-17,Drops,1g,1 pack,Unknown,Suspicious
Antacid,Nigerian German Chemicals Plc,-3042,656477,rDT,N/A,Powder,250mg,200ml bottle,Nigeria,Suspicious
Ciprofloxacin,Emzor Pharmaceutical Industries,I3-1652,6190684866611,B26-2601,2028-02-10,Capsule,5mg,100 tablets,Nigeria,Genuine
Coartem,May & Baker Nigeria Plc,C1-9292,6194582603408,B25-8850,2029-03-19,Drops,250mg/5ml,20 capsules,Nigeria,Genuine
Augmentin,Chi Pharmaceuticals Ltd,M4-1054,6198572169660,L24-0575,2027-03-20,Sachet,5mg,20 tablets,Nigeria,Genuine
MegaVit Plus,Mopson Pharmaceutical Ltd,Q3-8143,9999999999999,31,UNKNOWN,Tablet,20mg,60ml bottle,Unknown,Suspicious
Ciprofloxacn,MedExpress Ltd,Y7RW78,0000000000000,38,UNKNOWN,Capsule,N/A,30g tube,China,Suspicious
Amoxil,Tuyil Pharmaceutical Industries,A3-8056,6195313614878,B24-4446,2028-06-13,Sachet,20mg,10 capsules,Nigeria,Genuine
loperamide,FastRelief Drugs,fsTt88,0000000000000,bCqfp,,Capsule,N/A,BULK,Unknown,Suspicious
Gentamicin,Drugfield Pharmaceuticals Ltd,F0-6091,6195657758092,L25-5325,2027-04-26,Powder,500mg/5ml,1 vial,Nigeria,Genuine
Amoxicillin,Pfizer Nigeria,G1-1834,6196684335676,BN26-7097,2026-05-04,Injection,10mg,10 capsules,Nigeria,Genuine
Paracetmol,NovaDrug Industries,Rk9cdfdW,6191759896229,BATCH-664,21/02/2026,Sahcet,10mg,1 tube,Nigeria,Suspicious
Magic Cure Pill,Sunrise Medications,T-30,6666666666666,6,2021-11-06,Tablet,200mg,200ml bottle,Ghana,Suspicious
Lisinopril,SKG Pharma Ltd,A0-6629,6191627136112,BN25-6122,2028-03-13,Syrup,125mg/5ml,5 vials,Nigeria,Genuine
Power Drug,BestPills International,V0-565243,6199629010799,91,2021-07-12,Syrup,10mg,1 tube,India,Suspicious
  Promethazine ,MegaDrug Industries,S1-224675,6196755004371,BATCH-618,27/08/2026,sYRUP,125mg/5ml,20 tablets,Ghana,Suspicious
Amoxil,Fidson Healthcare Plc,B6-8883,6199497567920,BT26-7651,2029-11-15,Syrup,250mg/5ml,20 capsules,Nigeria,Genuine
Amatem,Emzor Pharmaceutical Industries,B1-8954,6198822473127,L24-6481,2028-01-16,Capsule,500mg,30g tube,Nigeria,Genuine
MegaVit Plus,Emzor Pharmaceutical Industries,  Q6-2295 ,6198044306579,UNKNOWN,2020-03-15,Capsule,200mg,10 tablets,Pakistan,Suspicious
Diazepam,Evans Medical Plc,S3-2441,6197359848842,BN24-1214,2028-06-25,Drops,250mg/5ml,100 tablets,Nigeria,Genuine
Coartem,MegaDrug Industries,4AYUF1,PxJdQ64Y0Dm5e,BATCH-654,21/04/2026,Crema,UNKNOWN,30 tablets,Pakistan,Suspicious
Vitamin C,GlaxoSmithKline Nigeria,C5-4082,6191952569043,BN26-8875,2027-07-14,Cream,500mg/5ml,20 capsules,Nigeria,Genuine
Amoxicilin,CureFast Pharmaceuticals,X51-349,6194941971575,BATCH-398,14/04/2025,powder,UNKNOWN,100ml bottle,Nigeria,Suspicious
Diclofenac,Evans Medical Plc,N5-7089,6194947170996,B24-7836,2027-09-04,Ointment,5mg,10 capsules,Nigeria,Genuine
Panado,Emzor   Pharmaceutical  Industries,-6552,6192741168065,FUSiyuab,2020-04-20,Capsule,250mg,20 capsules,Unknown,Suspicious
MegaVit Plus,BestPills International,OT-XJGE,4444444444444,N/A,08/03/2026,TABLET,50mg,20 capsules,Pakistan,Suspicious
Nifedipine,Tuyil Pharmaceutical Industries,A5-7820,6192271043313,B25-5523,2026-01-20,Drops,1g,30 tablets,Nigeria,Genuine
Metformin,Fidson Healthcare Plc,M8-5558,6195775901752,BN26-6616,2027-07-27,Suspension,50mg,10 capsules,Nigeria,Genuine
,Emzor Pharmaceutical Industries,Z8-2766,6197214364388,BN24-0485,2026-01-10,Capsule,200mg,30 tablets,Nigeria,Genuine
Diazepam,MegaDrug Industries,H4-841457,0707750,BATCH-566,07/06/2026,Ointment,UNKNOWN,N/A,China,Suspicious
Spironolactone,Fidson Healthcare Plc,P4-7195,6199029831048,BT26-8967,2028-02-20,Ointment,20mg,30 tablets,Nigeria,Genuine
Ciprofloxacin,Drugfield Pharmaceuticals Ltd,U5-1202,6198993588910,L26-4172,2029-06-22,Ointment,100mg,200ml bottle,Nigeria,Genuine
Amoxicilin,HealthMax Pharma,CU-RKSM,0000000000000,1,,tABLET,20mg,100 tablets,Nigeria,Suspicious
Diazepam,Pfizer Nigeria,W7-3360,,BT25-8542,2027-06-10,Suspension,250mg,200ml bottle,Nigeria,Genuine
Ampiclox,SKG Pharma Ltd,S3-8449,6191452111759,BN26-6392,2027-07-18,Ointment,500mg,30g tube,Nigeria,Genuine
Artemether Lumefantrine,GlaxoSmithKline Nigeria,M0-2410,6196629979545,LOT24-8840,2026-08-19,Syrup,250mg,30g tube,Nigeria,Genuine
  Tramadol ,CureFast Pharmaceuticals,A6CV41,0000000000000,20,2020-02-07,  Drops ,500mg,30 tablets,Pakistan,Suspicious
Azithromycin,Swiss Pharma Nigeria Ltd,W8-9669,6191377028514,B25-1907,2026-06-19,Injection,500mg,200ml bottle,Nigeria,Genuine
Chloroquine,Dana Pharmaceuticals Ltd,J1-1519,6191666870022,BN25-7209,2028-10-28,Capsule,5mg,10 tablets,Nigeria,Genuine
oMEPRAZOLE,Healwell Pharma Ltd,UM-JMEV,8967808,50,UNKNOWN,SACHET,400mg,100 tablets,India,Suspicious
Lisinopril,Sanofi Nigeria,D7-8493,6199827080860,B25-8428,2027-12-19,Syrup,250mg/5ml,30 tablets,Nigeria,Genuine
Instant Relief Caps,GoodHealth Generics,WB-HAEB,6193608164183,nPvcC,2023-02-09,Tablet,50mg,200ml bottle,Unknown,Suspicious
Ciprofloxacin,May & Baker Nigeria Plc,I0-3005,6196481880447,BT26-7860,2029-04-17,Suspension,20mg,1 tube,Nigeria,Genuine
Chloroquine,Evans Medical Plc,O2-3150,6198200557784,LOT26-7388,2027-12-18,Syrup,1g,1 vial,Nigeria,Genuine
Total Cure Tablets,SuperCure Pharma,DH-KGSC,9999999999999,8,???,Ceram,1g,BULK,China,Suspicious
MegaVit Plus,TopNotch Drugs Ltd,LJFEDT,9747676660919193526,BATCH-156,2020-08-14,Sachet,500mg,1 tube,Unknown,Suspicious
Tetracycline,glaxosmithkline nigeria,B-73,0000000000000,14,,Cream,1g,100 tablets,China,Suspicious
Raniitdine,MedLine Drugs Ltd,-4345,6196816723869,??,???,Tablet,???,BULK,India,Suspicious
Tramadol,Dana Pharmaceuticals Ltd,QK-FERG,40950,N/A,21/02/2026,SUSPENSION,250mg,1 vial,Unknown,Suspicious
Ranitidine,PharmaFast Nigeria,  R7-3169 ,0000000000000,BATCH-179,2022-01-11,SACHET,10mg,100ml bottle,India,Suspicious
Super Paracetamol,BestPills International,I7-311503,0000000000000,N/A,25/10/2025,Sachet,N/A,30 tablets,Pakistan,Suspicious
Magic Cure Pill,QuickCure Labs,  W1-8934 ,6193891918746,Qbmki,2022-05-19,Cream,500mg,BULK,Nigeria,Suspicious
Cotrimoxazole,Pfizer Nigeria,X7-5961,6199956412204,BT24-0360,2027-01-07,Drops,125mg/5ml,30 tablets,Nigeria,Genuine
Hydrocortisone,DrugKing Industries,CZ-OBCF,6666666666666,yjFrfFsF,N/A,Drops,400mg,60ml bottle,Nigeria,Suspicious
Amoxicillin,Hovid Nigeria Ltd,Z2-7655,6199582641863,B25-5747,2029-11-03,Suspension,500mg,200ml bottle,Nigeria,Genuine
Power Drug,HealthMax Pharma,P-41,S25YLk7TqkWQp,BATCH-894,2020-06-04,Injection,500mg/5ml,30 tablets,Pakistan,Suspicious
Metformin,Fidson Healthcare Plc,X1-1305,6198099693082,LOT26-8942,2029-11-25,Syrup,10mg,60ml bottle,Nigeria,Genuine
Chlorpheniramine,Sanofi Nigeria,X6-1374,6195932971505,B26-6478,2027-03-15,Cream,250mg/5ml,100 tablets,Nigeria,Genuine
Ceftriaxone,Sanofi Nigeria,I0-3615,6196542351169,BN25-5735,2028-01-24,Drops,5mg,20 tablets,Nigeria,Genuine
Erythromycin,Dana Pharmaceuticals Ltd,H7-6671,6192431069030,BT24-1753,2026-08-20,Tablet,200mg,1 tube,Nigeria,Genuine
Erythromycin,SKG Pharma Ltd,D8-2072,6195352373606,LOT24-7971,2026-09-03,Cream,5mg,1 vial,Nigeria,Genuine
Tetracycline,May & Baker Nigeria Plc,OR-DVWR,6195254110552,UNKNOWN,UNKNOWN,capsule,UNKNOWN,1 pack,Unknown,Suspicious
Lisinopril,Hovid Nigeria Ltd,E4-2505,6199962642220,B25-5576,2026-08-02,Injection,250mg/5ml,1 tube,Nigeria,Genuine
AMOXICILLIN,FastRelief Drugs,V4-742119,0000000000000,??,04/07/2026,  Syrup ,400mg,1 tube,Nigeria,Suspicious
Hydrocortisone,May & Baker Nigeria Plc,L42N3V,01900,UNKNOWN,UNKNOWN,Injection,N/A,100ml bottle,Ghana,Suspicious
Folic Acdi,MedExpress Ltd,M5JLSB,HGhHplBEVmLHN,33,05/05/2025,  Ointment ,250mg/5ml,100ml bottle,India,Suspicious
Vitamin CC,MedLine Drugs Ltd,M0-409002,178472146172758045,80,2023-08-28,Ointment,N/A,1 pack,Unknown,Suspicious
aTENOLOL,MedLine Drugs Ltd,N/A,6192642597209,BATCH-828,???,  Powder ,100mg,1 vial,Unknown,Suspicious
Emzor Paracetamol,BioFix Pharmaceuticals,QZ-QULQ,0000000000000,jTsVO,2020-09-20,Sahcet,100mg,30 tablets,Ghana,Suspicious
Emzor Parcaetamol,HealthMax Pharma,  I6-7985 ,6197761868704,BATCH-774,???,pOWDER,500mg,1 tube,Ghana,Suspicious
Lonart DS Extra,Drugfield Pharmaceuticals   Ltd ,-3990,6196491371652,oHIOItD,,Drops,100mg,100ml bottle,Nigeria,Suspicious
Amlodipine,Emzor Pharmaceutical Industries,V4-3514,6197523083703,B26-1784,2029-12-10,Drops,500mg,1 vial,Nigeria,Genuine
Spironolactone,CureFast Pharmaceuticals,F6-823041,4874781128269934517,74,2021-03-19,  Suspension ,N/A,N/A,India,Suspicious
Augmenti,SuperCure Pharma,W2-143176,6194837444176,29,12/07/2026,Suspension,500mg/5ml,200ml bottle,Unknown,Suspicious
Lisinopril,gLAXOsMITHkLINE nIGERIA,R0-5166,0000000000000,3,,powder,50mg,30g tube,India,Suspicious
Power Drug,TopNotch Drugs Ltd,B4Ei8tN5P8,1111111111111,hDssJJ,N/A,Ijnection,10mg,100 tablets,India,Suspicious
Ciprofloxacin,Chi Pharmaceuticals Ltd,G-42,0000000000000,BATCH-782,N/A,  Syrup ,5mg,N/A,Unknown,Suspicious
Super Paracetamol,Dana Pharmaceuticals Ltd,A-19,KBzJpTzvzvF97,N/A,UNKNOWN,Injection,500mg,10 capsules,Pakistan,Suspicious
lISINOPRIL,Healwell Pharma Ltd,  D8-6790 ,6197564505813,BfDHU,16/10/2026,Injetcion,UNKNOWN,30 tablets,Pakistan,Suspicious
  Furosemide ,CureFast Pharmaceuticals,Tj5W,53071,23,02/01/2025,Syrup,50mg,1 pack,Unknown,Suspicious
Promethazine,Nigerian German Chemicals Plc,A0-4690,6195624395879,BT26-5910,2027-04-25,Syrup,200mg,10 capsules,Nigeria,Genuine
Ciprofloxacn,Dana Pharmaceuticals Ltd,J0-2713,0000000000000,UNKNOWN,N/A,  Sachet ,125mg/5ml,10 tablets,Unknown,Suspicious
  Diclofenac ,Pfizer Nigeira,ZUMZue,6191123590425,??,2023-05-05,Powder,500mg/5ml,20 capsules,Ghana,Suspicious
Super Paracetamol,MedExpress Ltd,L0-1321,787387183,BATCH-879,N/A,Ointment,125mg/5ml,1 vial,Pakistan,Suspicious
Ciprofloxacin,MedLine Drugs Ltd,Q7-6441,4444444444444,94,2020-11-25,  Tablet ,500mg,5 vials,India,Suspicious
Chloroquine,Swiss Pharma Nigeria Ltd,A2-1818,6194179291117,L26-3713,2026-04-14,Cream,500mg/5ml,1 tube,Nigeria,Genuine
Augmentin,Bioraj Pharmaceuticals Ltd,P2-8929,6196015343325,LOT26-2059,2027-06-16,Drops,1g,5 vials,Nigeria,Genuine
MegaVit Plus,AlphaHealth Industries,U2-3493,6193869742175,50,,Pwoder,125mg/5ml,1 pack,Nigeria,Suspicious
Ciprofloxacn,AlphaHealth Industries,NONE,6191500111397,qYqjk,16/10/2025,Capsuel,500mg,30 tablets,Nigeria,Suspicious
Tramadol,GlaxoSmithKline Nigeria,H0-9938,6191079649673,BT26-8137,2028-06-21,Drops,50mg,30 tablets,Nigeria,Genuine
Flagyl,TopNotch Drugs Ltd,2NmCY,0000000000000,72,2020-07-23,OINTMENT,UNKNOWN,N/A,Pakistan,Suspicious
Lonart,Healwell Pharma Ltd,-6574,9999999999999,UNKNOWN,10/12/2026,Ointment,UNKNOWN,N/A,Unknown,Suspicious
Tramadol,Hovid Nigeria Ltd,Z8-8391,6195921299641,BT25-0860,2027-04-14,Syrup,500mg/5ml,10 tablets,Nigeria,Genuine
Tetracycline,Mopson Pharmaceutical Ltd,K8-1026,6199961327302,BT25-7233,2026-06-13,Syrup,20mg,30 tablets,Nigeria,Genuine
Amoxil,May & Baker Nigeria Plc,R6-5073,6192181227643,LOT25-4099,2029-01-03,Cream,10mg,10 tablets,Nigeria,Genuine
Amatem,MedExpress Ltd,Y6-425772,6199678963008,45,,  Tablet ,20mg,20 tablets,Nigeria,Suspicious
Vitamin CC,juhel nigeria ltd,OS-MONA,5555555555555,??,15/08/2025,  Ointment ,N/A,10 capsules,Pakistan,Suspicious
Amoxicilin,QuickCure Labs,Q5-2160,0000000000000,BATCH-580,27/10/2026,Capsule,20mg,20 tablets,Ghana,Suspicious
Vitamin   C ,TopNotch Drugs Ltd,aLEmBF,6191891426933,---,UNKNOWN,  Tablet ,???,N/A,Unknown,Suspicious
Super Paracetamol,May &   Baker  Nigeria Plc,Y5-6274,,BATCH-780,22/12/2026,Ointment,500mg,30 tablets,Ghana,Suspicious
Augmenti,Fidson Heatlhcare Plc,3Q4pSHEm,6nuexAIHZv2mU,BATCH-575,2022-11-18,ointment,???,60ml bottle,Unknown,Suspicious
Ceftriaxone,Drugfield Pharmaceuitcals Ltd,L4-2924,93797900704559484,---,24/02/2026,OINTMENT,125mg/5ml,N/A,Ghana,Suspicious
Diclofenac,drugfield pharmaceuticals ltd,09O08N,0926000,IMe,14/02/2026,Capsule,N/A,60ml bottle,Pakistan,Suspicious
MegaVit Plus,Healwell Pharma Ltd,B2-154149,5555555555555,BATCH-495,???,Ointmnet,1g,30 tablets,Ghana,Suspicious
Power Drug,BioFix Pharmaceuticals,-8476,6991658723,UNKNOWN,25/02/2025,Tabelt,N/A,N/A,Unknown,Suspicious
  Tramadol ,BioFix Pharmaceuticals,JW-IMCL,9563431,IkWabsRr,25/04/2025,Drops,???,100ml bottle,Nigeria,Suspicious
Doxycycline,GoodHealth Generics,  A8-5437 ,3333333333333,---,07/07/2025,Powder,50mg,60ml bottle,China,Suspicious
  Spironolactone ,Nigerian German Chemical sPlc,HlW,keRZTNbtPiAwR,??,2021-11-26,Powedr,250mg/5ml,1 pack,Unknown,Suspicious
Furosmeide,BioFix Pharmaceuticals,NOT REGISTERED,0000000000000,fBXNffMy,2021-09-28,  Cream ,N/A,N/A,India,Suspicious
Lonart DS Extra,CureFast Pharmaceuticals,MM-NORH,188374489239604244,BATCH-038,21/01/2025,Capsule,10mg,5 vials,Pakistan,Suspicious
Furosemide,Fidson Healthcare Plc,J5-6242,6199376618941,BT25-0654,2028-03-13,Suspension,10mg,20 tablets,Nigeria,Genuine
Emzor Paracetamol,Juhel Nigeria Ltd,U1-8507,6197345475748,B25-9839,2026-03-05,Powder,400mg,10 tablets,Nigeria,Genuine
Panadol,Sanofi Nigeria,W6-4649,6195305970258,LOT24-2746,2027-08-14,Suspension,20mg,10 capsules,Nigeria,Genuine
Chloroquine,SKG Pharma Ldt,GB-FBZF,1DhBIzeTrx3bm,---,2022-05-04,Injcetion,UNKNOWN,1 vial,Unknown,Suspicious
Doxycycline,Fidson Healthcare Plc,Y2-5954,6193985298945,BN25-2163,2029-11-01,Drops,500mg/5ml,30g tube,Nigeria,Genuine
Chlorpheniramine,Pfizer Nigeria,L3-9102,6196601444856,L26-4216,2028-02-01,Capsule,250mg/5ml,30g tube,Nigeria,Genuine
Furosemide,May & Baker Nigeria Plc,Z1-7358,6194876998425,L25-4003,2027-01-09,Injection,250mg,100 tablets,Nigeria,Genuine
  Amoxicillin ,AlphaHealth Industries,-7944,218600320319789990,Pba,16/02/2025,Capsule,200mg,1 pack,Ghana,Suspicious
Paracetamol,GoodHealth Generics,S1-3538,ADMvyhlAeBTYQ,UNKNOWN,08/10/2026,  Ointment ,500mg/5ml,30g tube,Unknown,Suspicious
Hydrocortisone,PharmaFast Nigeria,D8-830134,0000000000000,rXgd,02/02/2026,Drops,???,10 tablets,Unknown,Suspicious
Tetracycline,GoodHealth Generics,SPJ6SF,3333333333333,BATCH-753,UNKNOWN,Capsule,UNKNOWN,20 capsules,China,Suspicious
Metronidazole,Evans Medical Plc,N3-4651,6197861371579,L26-6584,2026-06-26,Suspension,5mg,10 capsules,Nigeria,Genuine
Panadol,Juhel Nigeria Ltd,N2-4018,6192190533476,BN25-8274,2028-08-13,Injection,5mg,10 capsules,Nigeria,Genuine
Erythromycin,Drugfield Pharmaceuticals Ltd,W2-3257,6199712529672,BN26-8744,2027-10-16,Drops,400mg,20 capsules,Nigeria,Genuine
Total Cure Tablets,GlaxoSmithKline Nigeria,M86CXO,3gWsqDRdKYmEB,ZELgvIZY,2021-07-28,  Cream ,10mg,100 tablets,Pakistan,Suspicious
Omeprazole,PharmaPlus International,OMTF07,6193223072481,---,04/03/2026,cAPSULE,250mg/5ml,1 tube,Unknown,Suspicious
Azithromycin,Mopson Pharmaceutical Ltd,Y4-3418,6197865619424,LOT25-7744,2029-09-28,Syrup,500mg,20 capsules,Nigeria,Genuine
  Cotrimoxazole ,Nigerian German Chemicals   Plc ,Z1-6617,0000000000000,iptFKeel,???,Sachet,125mg/5ml,1 pack,India,Suspicious
Panado,Swiss Pharma Nigerai Ltd,X-46833,603482367,71,???,Suspension,20mg,10 capsules,China,Suspicious
Gentamicin,Chi Pharmaceuticals Ltd,R4-2780,6197722560531,BN24-4767,2026-03-13,Ointment,250mg/5ml,20 capsules,Nigeria,Genuine
Gentamicin,Sunrise Medications,N4-5328,5555555555555,89,02/01/2026,Sachet,200mg,N/A,India,Suspicious
Glibenclamide,Tuyil Pharmaceutical Industries,J8-1133,6191624565069,BN26-9304,2027-06-18,Injection,250mg,60ml bottle,Nigeria,Genuine
Ibuprofen,Evans Medical Plc,F3-7674,6192203347427,LOT25-3506,2026-01-10,Suspension,125mg/5ml,100ml bottle,Nigeria,Genuine
Chlorpheniramine,Chi Pharmaceuticals Ltd,S8-9608,6194259959968,BN24-0583,2027-04-04,Capsule,50mg,5 vials,Nigeria,Genuine
  Folic  Acid,PharmaPlus International,-6087,38825,23,2021-11-24,Capsule,200mg,N/A,China,Suspicious
Diclofenac,Sanofi Nigeria,I3-9373,6190403253760,LOT25-6502,2027-08-16,Powder,1g,10 capsules,Nigeria,Genuine
Prednisolone,Hovid Nigeria Ltd,D2-8589,,B26-3088,2026-11-07,Injection,,60ml bottle,Nigeria,Genuine
MegaVit Plus,BioFix Pharmaceuticals,W0-188301,279732829018320511,9,2022-01-14,Suspension,500mg,30 tablets,Pakistan,Suspicious
Magic Cure Pill,MedExpress Ltd,D61-603,4716504,BATCH-734,12/11/2025,Sachet,1g,1 tube,India,Suspicious
MegaVit Plus,DrugKing Industries,X16-715,0000000000000,BATCH-867,2022-01-25,cream,???,20 capsules,Pakistan,Suspicious
Ranitidine,Tuyil Pharmaceutical Industries,X1-4510,6197529883222,BN26-1714,2027-06-13,Tablet,5mg,100 tablets,Nigeria,Genuine
Metronidazol,Drugfield Pharmaceuticals Ltd,B-22,0000000000000,UNKNOWN,,sACHET,250mg/5ml,20 tablets,Pakistan,Suspicious
Loperamide,Bioraj Pharmaceuticals Ltd,V1-7102,6198268687645,BN24-9649,2026-09-11,Injection,5mg,200ml bottle,Nigeria,Genuine
Loperamide,Neimeth International Pharmaceuticals,Y8-1529,6195719838632,B26-4812,2026-07-13,Ointment,500mg/5ml,5 vials,Nigeria,Genuine
Omeprazole,Tuyil Pharmaceutical Industries,X1-3527,6195521376032,L25-4798,2027-02-09,Cream,250mg/5ml,30g tube,Nigeria,Genuine
Vitamin B Complex,Evans Medical Plc,U6-7848,6193453372207,BN24-9728,2026-03-04,Drops,100mg,30 tablets,Nigeria,Genuine
Ciprofloxacin,Pfizer Nigeria,C7-9108,6199876829960,B25-2621,2027-06-17,Sachet,200mg,100ml bottle,Nigeria,Genuine
Omeprazole,Mopson Pharmaceutical Ltd,D0-3043,6197490753999,B26-3931,2028-05-10,Sachet,125mg/5ml,30 tablets,Nigeria,Genuine
Multivitamin,Juhel Nigeria Ltd,G7-9521,6192143395274,LOT24-6516,2029-12-09,Sachet,50mg,200ml bottle,Nigeria,Genuine
Lonrat,GoodHealth Generics,AN-BRYX,1111111111111,37,13/12/2025,Powder,10mg,N/A,Nigeria,Suspicious
  Chloroquine ,Emzor Pharmaceutical Industries,P2-1130,6193827777119,BATCH-117,???,  Suspension ,500mg,1 pack,Nigeria,Suspicious
Folic Acid,Pfizer Nigeria,,6196684482370,BT26-3174,2029-10-25,Capsule,500mg/5ml,30 tablets,Nigeria,Genuine
Trmaadol,Hovid Nigeria Ltd,L9-770370,6197592041550,68,,  Suspension ,500mg/5ml,200ml bottle,Ghana,Suspicious
Ampiclox,Tuyil Pharmaceutical Industries,W3-6287,6192410397734,B25-4063,2027-08-17,Capsule,500mg/5ml,1 vial,Nigeria,Genuine
SPIRONOLACTONE,BioFix Pharmaceuticals,VD-NFKF,2222222222222,N/A,N/A,Crema,???,1 tube,China,Suspicious
Erythromycin,Tuyil Pharmaceutical Industries,L4-9552,6195819324264,B25-8129,2028-11-04,Powder,20mg,5 vials,Nigeria,Genuine
Cotrimoxazole,Tuyil Pharmaceutical Industries,X8-9626,6199128672870,??,26/09/2026,  Sachet ,1g,10 tablets,Unknown,Suspicious
Multivitamin,Dana Pharmaceuticals Ltd,W4-5908,6198838425363,LOT25-2359,2026-06-11,Tablet,50mg,100ml bottle,Nigeria,Genuine
Hydrocortisone,CureFast Pharmaceuticals,D9-627552,349212233998215900,N/A,2021-11-23,Tabelt,5mg,1 tube,Unknown,Suspicious
Amoxil,May & Baker Nigeria Plc,T6-2309,6197015959196,LOT26-5327,2029-06-24,Drops,10mg,100ml bottle,Nigeria,Genuine
Emzor Paracetamol,Sanofi Nigeria,D1-4909,6195996605774,B26-0710,2029-11-24,Ointment,125mg/5ml,10 tablets,Nigeria,Genuine
Nifedipine,Sanofi Nigeria,J7-1272,6195516940972,LOT26-9577,2027-12-02,Sachet,50mg,30 tablets,Nigeria,Genuine
Amoxil,Fidson Healthcare Plc,L2-7355,6193840911224,LOT24-8653,2027-08-25,Cream,500mg,20 capsules,Nigeria,Genuine
Tetracycline,Sunrise Medications,C8-339002,37244,UNKNOWN,???,Cream,100mg,200ml bottle,India,Suspicious
fERROUS sULPHATE,Evans   Medical  Plc,C-99550,bttGFks5BoEpC,N/A,N/A,POWDER,N/A,30g tube,India,Suspicious
Ampiclox,Drugfield Pharmaceuticals Ltd,Y1-3526,6194620952000,LOT25-1717,2028-03-14,Cream,400mg,60ml bottle,Nigeria,Genuine
Ranitidine,Juhel Nigeria Ltd,T2-7967,6192494514751,LOT26-1351,2026-03-25,Syrup,10mg,30 tablets,Nigeria,Genuine
Nifedipine,Sanofi Nigeria,L8-3071,6198190221795,L26-8927,2026-03-10,Powder,5mg,100 tablets,Nigeria,Genuine
Lisinopril,Nigerian German Chemicals Plc,D9-6830,6193056418494,BT25-8969,2028-07-15,Sachet,500mg,200ml bottle,Nigeria,Genuine
Amoxicillin,Pharma Deko Plc,E3-7054,6194662265403,BN25-5572,2028-04-02,Tablet,250mg/5ml,5 vials,Nigeria,Genuine
Lonart,Dana Pharmaceuticals Ltd,F9-1692,6191620478769,B26-6717,2029-11-17,Cream,500mg/5ml,1 vial,Nigeria,Genuine
Ibuprofen,SKG Pharma Ltd,K5-1889,6193758997570,BN24-3733,2026-06-12,Injection,5mg,200ml bottle,Nigeria,Genuine
Azithromycin,Neimeth International Pharmaceuticals,Q7-6706,6197177514011,BN25-1891,2027-12-08,Powder,100mg,200ml bottle,Nigeria,Genuine
Cotrimoxazole,Tuyil Pharmaceutical Industries,A8-1063,6198974748593,B25-6745,2028-02-17,Suspension,500mg/5ml,1 vial,Nigeria,Genuine
Tramadol,Evans Medical Plc,O1-8679,6194648877194,BN25-5380,2028-01-03,Suspension,125mg/5ml,1 vial,Nigeria,Genuine
Loperamide,Pharma Deko Plc,L5-8743,6199220300442,B25-5087,2029-02-05,Sachet,200mg,1 vial,Nigeria,Genuine
Doxycycline,Hovid Nigeria Ltd,Z8-8904,6192588744958,L26-2362,2026-12-08,Drops,500mg/5ml,1 tube,Nigeria,Genuine
Erythromycin,QuickCure Labs,R081I1,5591698331,UNKNOWN,10/11/2026,Tablet,5mg,1 vial,Nigeria,Suspicious
Glibenlcamide,NovaDrug Industries,jkNX,NfOepV8FnC8dd,btHbug,,Syrup,500mg/5ml,20 capsules,India,Suspicious
Furosemide,Sanofi Nigeria,E3-1797,6194501896164,LOT24-4033,2029-02-01,Suspension,100mg,60ml bottle,Nigeria,Genuine
Amoxil,Fidson Healthcare Plc,E4-1510,6195682996292,BN25-5252,2026-05-14,Capsule,50mg,100 tablets,Nigeria,Genuine
Promethazine,Pharma Deko Plc,C1-1914,6198046619639,B26-0273,2029-07-15,Ointment,1g,1 vial,Nigeria,Genuine
Paracetmol,PharmaFast Nigeria,A9-8834,2222222222222,BATCH-354,13/01/2026,  Sachet ,N/A,1 vial,Unknown,Suspicious
Chlorpheniramine,GlaxoSmithKline Nigeria,W0-8173,6197119918082,BN24-2034,2027-06-06,Injection,250mg/5ml,100ml bottle,Nigeria,Genuine
Gentamicin,SKG Pharma Ltd,Q2-8435,6194117674125,LOT26-2008,2028-02-24,Suspension,250mg/5ml,20 tablets,Nigeria,Genuine
  Amoxil ,SKG PHARMA LTD,-1567,6193695756292,BATCH-154,27/08/2025,Powder,125mg/5ml,5 vials,Nigeria,Suspicious
Augmentin,GoodHealth Generics,c9XPjbo4Q,wrDRW1QQiNmBd,N/A,UNKNOWN,Suspension,5mg,N/A,Unknown,Suspicious
Amoxicillin,Chi Pharmaceuticals Ltd,R2-7486,6192542041239,BN26-0670,2028-08-15,Syrup,500mg,10 capsules,Nigeria,Genuine
Augmenti,MedExpress Ltd,FrT20TF,rSc4b5z5vvRVn,BATCH-500,,Syrup,N/A,5 vials,India,Suspicious
Diazepam,Evans Medical Plc,E9-1197,6194588679254,BT26-8309,2028-09-12,Ointment,50mg,5 vials,Nigeria,Genuine
promethazine,Pharma   Deko  Plc,Q2-151228,3YfmGlVf9yb3r,YKWhGMdP,,Tbalet,20mg,1 vial,Nigeria,Suspicious
Metronidazol,Drugfield hParmaceuticals Ltd,NOT REGISTERED,7777777777777,??,2021-04-22,Powdre,125mg/5ml,1 tube,China,Suspicious
Erythromycin,Emzor Pharmaceutical Industries,R9-4253,6191992550278,BT25-5284,2026-11-14,Injection,5mg,1 tube,Nigeria,Genuine
folic acid,DrugKing Industries,D5-8437,686127793333569420,nPxYeTL,2022-01-24,Onitment,500mg,60ml bottle,Nigeria,Suspicious
Ranitidine,Neimeth International Pharmaceuticals,M6-8432,6195254599104,BT24-0915,2026-05-15,Ointment,50mg,1 vial,Nigeria,Genuine
Super Paracetamol,AlphaHealth Industries,HX-HYHW,3876738,BATCH-279,24/06/2026,Drops,125mg/5ml,1 pack,Pakistan,Suspicious
Cotrimoxazole,Swiss Pharma Nigeria Ltd,V4-8491,6195107991185,BT26-4445,2027-06-03,Suspension,10mg,10 capsules,Nigeria,Genuine
Antacid,CureFast Pharmaceuticals,P0-2040,309442386020508983,OodnEEw,2023-10-16,Sachet,400mg,200ml bottle,India,Suspicious
Amoxil,Swiss Pharma Nigeria Ltd,J7-9665,6194171594971,BT25-4841,2027-01-11,Suspension,50mg,200ml bottle,Nigeria,Genuine
Amoxil,Mopson Pharmaceutical Ltd,O1-8145,6191768802945,BT25-0844,2026-12-07,Ointment,50mg,5 vials,Nigeria,Genuine
Cotrimoxazole,Evans Medical Plc,U2-2975,6194764925151,B24-8121,2029-07-16,Injection,1g,1 vial,Nigeria,Genuine
Doxycycline,May & Baker Nigeria Plc,E2-4281,6195697252178,LOT26-2997,2028-11-02,Tablet,50mg,10 capsules,Nigeria,Genuine
Ciprofloxacin,Pharma Deko Plc,T0-7837,6191812054641,L26-5694,2028-09-20,Cream,400mg,100ml bottle,Nigeria,Genuine
Ampiclox,Dana Pharmaceuticals Ltd,T4-4183,6191290878142,BN25-1708,2027-12-19,Drops,10mg,20 capsules,Nigeria,Genuine
Vitamin C,GlaxoSmithKline Nigeria,C1-1139,6192867120077,BT24-2286,2028-06-22,Cream,125mg/5ml,1 vial,Nigeria,Genuine
Prednisolone,Evans Medical Plc,E5-6727,6191360908588,BN26-2115,2026-05-11,Tablet,100mg,10 capsules,Nigeria,Genuine
Metronidazole,Emzor Pharmaceutical Industries,T4-3452,6191410527691,B24-9794,2029-09-02,Sachet,250mg/5ml,30 tablets,Nigeria,Genuine
Glibenclamide,Neimeth International Pharmaceuticals,S8-4639,6194301871866,BT25-5306,2026-11-12,Ointment,100mg,1 tube,Nigeria,Genuine
Flagly,May & Baker   Nigeria  Plc,f0-7524,5M2Mty3UBz8zX,BATCH-538,2023-01-05,cream,???,60ml bottle,China,Suspicious
Ferrous Sulphate,May & Baker Nigeria Plc,I7-2314,6195802909041,L24-7802,2029-07-02,Injection,250mg/5ml,60ml bottle,Nigeria,Genuine
Paracetmol,DrugKing Industries,C4-1554,0000000000000,dnOXsAa,2020-01-10,  Tablet ,UNKNOWN,200ml bottle,India,Suspicious
Lonart,Mopson Pharmaceutical Ltd,P7-3798,6194599281613,LOT26-1262,2028-09-15,Ointment,1g,60ml bottle,Nigeria,Genuine
Ciprofloxacn,SuperCure Pharma,7ucsP,5555555555555,??,08/11/2025,Powder,500mg/5ml,1 vial,India,Suspicious
Ranitidine,Sanofi Nigeria,I1-5082,6192109720218,L24-7946,2028-05-28,Powder,10mg,100 tablets,Nigeria,Genuine
Super Paracetamol,NovaDrug Industries,-6532,6199096459879,81,24/01/2025,Capsule,???,60ml bottle,India,Suspicious
Amoxciillin,Healwell Pharma Ltd,N/A,6194164776315,YlQKgxyi,13/02/2026,Powedr,5mg,30g tube,Pakistan,Suspicious
Lonart DS Extra,Bioraj Pharmaceuticals Ltd,U-89,754807,llLtu,2021-12-20,capsule,500mg/5ml,1 vial,Ghana,Suspicious
Spironolactone,Neimeth International Pharmaceuticals,X6-6047,6190270116861,LOT26-7160,2027-03-12,Syrup,250mg/5ml,30 tablets,Nigeria,Genuine
Omeprazole,HealthMax Pharma,z6-7077,vmqwcPGuWhqzW,DyhrKox,2022-04-03,Injection,200mg,200ml bottle,China,Suspicious
ORS,Swiss Pharma Nigeria Ltd,G6-6786,6193377460400,L25-2698,2026-01-24,Drops,5mg,10 capsules,Nigeria,Genuine
Gentaimcin,DrugKing Industries,cgPC,2983584480,xdUY,N/A,Cream,125mg/5ml,60ml bottle,Pakistan,Suspicious
Antacid,Bioraj Pharmaceuticals Ltd,Y4-9991,6197920698043,BT24-4753,2027-12-20,Injection,500mg,100ml bottle,Nigeria,Genuine
Amlodipine,May & Baker Nigeria Plc,B0-3490,6197221425737,BN25-0533,2028-04-19,Capsule,500mg/5ml,100 tablets,Nigeria,Genuine
Tetracycline,GlaxoSmithKline Nigeria,B2-9067,6192614933165,BT25-3222,2028-02-25,Ointment,500mg,5 vials,Nigeria,Genuine
,Fidson Healthcare Plc,S9-5240,6191013721519,BN25-0929,2027-10-14,Ointment,50mg,10 tablets,Nigeria,Genuine
Diazepam,HealthMax Pharma,I0-416963,6193109077180,31,UNKNOWN,suspension,???,100ml bottle,Unknown,Suspicious
Flagyl,Dana Pharmaceuticals Ltd,Q7-4545,,,2027-09-10,Cream,250mg/5ml,20 capsules,Nigeria,Genuine
Flagyl,GlaxoSmithKline Nigeria,L4-7135,6194470229604,LOT25-3632,2027-12-16,Tablet,250mg,200ml bottle,Nigeria,Genuine
Metformin,Pfizer Nigeria,A0-7250,6193140352635,LOT25-0833,2027-03-20,Suspension,1g,5 vials,Nigeria,Genuine
  Vitamin  C,TopNotch Drugs Ltd,M-46,4444444444444,91,2023-04-16,  Sachet ,500mg,100ml bottle,Pakistan,Suspicious
Chloroquine,CureFast Pharmaceuticals,-6389,6199308227814,BATCH-435,2023-10-17,SYRUP,250mg,1 pack,China,Suspicious
Augmenti,SuperCure Pharma,NOT REGISTERED,3vhjVr4rSCbVz,10,,Saceht,50mg,5 vials,Unknown,Suspicious
ors,WonderDrug Co,NOT REGISTERED,fnVgNsPd0EKNq,48,UNKNOWN,SYRUP,50mg,200ml bottle,Ghana,Suspicious
Emzor Paracetamol,SKG Pharma Ltd,M2-4272,6193477433267,B24-1509,2026-11-22,Capsule,200mg,10 tablets,Nigeria,Genuine
Magic Cure Pill,NovaDrug Industries,QE-HWJE,138078,72,18/01/2026,  Ointment ,1g,1 tube,Pakistan,Suspicious
Nifedipine,Sanofi Nigeria,N8-7492,6198008529464,B24-2606,2026-11-22,Drops,50mg,10 capsules,Nigeria,Genuine
Glibenclamide,Mopson Pharmaceutical Ltd,G0-2281,6192398472300,BT25-2259,2026-03-18,Injection,50mg,20 tablets,Nigeria,Genuine
Amaetm,  Evans  Medical Plc,77E799,5962751934,UNKNOWN,N/A,capsule,1g,1 vial,Unknown,Suspicious
Magic Cure Pill,NovaDrug Industries,E6EYOX,6194460957722,BATCH-544,2020-11-18,Suspensino,400mg,10 tablets,Pakistan,Suspicious
Super Paracetamol,SuperCure Pharma,NONE,37522964842109222514,BATCH-396,,DROPS,???,30g tube,Unknown,Suspicious
amoxil,CureFast Pharmaceuticals,AH-ECUY,ghzekNuIr1y2d,29,2022-07-14,  Tablet ,400mg,100ml bottle,Pakistan,Suspicious
Nifedipine,Pharma Deko Plc,V8-5684,6196081062007,BT25-2736,2028-11-09,Syrup,500mg,1 tube,Nigeria,Genuine
Amoxicillin,Fidson Healthcare Plc,J3-7625,6193495788561,B25-5864,2029-05-10,Injection,200mg,20 tablets,Nigeria,Genuine
Augmentin,Chi Pharmaceuticals Ltd,H9-9473,6199830650319,BT24-9157,2026-05-03,Powder,400mg,100ml bottle,Nigeria,Genuine
Paracetamol,Nigerian German Chemicals Plc,N7-5227,6199843624185,L24-3571,2029-10-02,Suspension,20mg,30 tablets,Nigeria,Genuine
ORS,MedExpress Ltd,J6-6935,6195317087302,MeIM,07/07/2026,suspension,500mg/5ml,1 pack,China,Suspicious
Flagy,PharmaPlus International,EK-LMMO,7777777777777,RqzZ,2022-04-25,  Powder ,10mg,N/A,Unknown,Suspicious
Panado,HealthMax Pharma,63RJLB,0000000000000,BATCH-761,08/08/2025,Ointment,UNKNOWN,20 tablets,India,Suspicious
Paracetmol,  Sanofi  Nigeria,PQ-ZWYQ,tQNpXr0cy4kAx,BATCH-227,19/02/2026,Talbet,125mg/5ml,60ml bottle,Pakistan,Suspicious
Flagyl,Chi Pharmaceuticals Ltd,V9-6531,6199001094393,L26-0596,2029-11-18,Injection,125mg/5ml,10 capsules,Nigeria,Genuine
Amoxil,NovaDrug Industries,PENDING,0000000000000,BATCH-742,2021-08-09,Injection,N/A,10 tablets,Pakistan,Suspicious
Ferrous Sulphate,Neimeth International Pharmaceuticals,R0-3930,6197481242112,LOT24-9248,2029-11-17,Syrup,10mg,10 tablets,Nigeria,Genuine
Prednisolone,Juhel Nigeria Ltd,Y3-4876,6191266109416,BN26-1294,2029-06-20,Tablet,100mg,20 capsules,Nigeria,Genuine
aZITHROMYCIN,pharma deko plc,5mUIv,8pM1OyCfR97qm,VuWwsD,2023-04-27,Cream,400mg,100 tablets,Ghana,Suspicious
Flagyl,Evans Medical Plc,E6-5563,6192364281318,B24-9481,2027-05-18,Drops,20mg,30 tablets,Nigeria,Genuine
Erythromycin,Neimeth International Pharmaceuticals,E2-8749,6190267288571,LOT25-9310,2026-07-04,Syrup,500mg,100 tablets,Nigeria,Genuine
Chlorpheniramine,Fidson Healthcare Plc,V3-7615,6191939909169,B26-8665,2028-05-07,Cream,200mg,10 capsules,Nigeria,Genuine
Emzor Paracetamol,Mopson Pharmaceutical Ltd,P1-8175,6193203093765,BN26-5141,2029-09-27,Drops,500mg,10 tablets,Nigeria,Genuine
Amoxicillin,Bioraj Pharmaceuticals Ltd,D8-7519,6197024403307,LOT26-2125,2029-11-13,Syrup,250mg/5ml,10 capsules,Nigeria,Genuine
Lisinopril,Tuyil Pharmaceutical Industries,H0-9655,6190695814670,BN25-5781,2029-12-14,Tablet,100mg,10 capsules,Nigeria,Genuine
Vitamin CC,BestPills International,-4010,699452,peGMfv,2023-11-13,  Sachet ,250mg,10 capsules,China,Suspicious
Diclofenac,Emzor Pharmaceutical Industries,Q7-1011,6195932525005,BT26-2420,2026-09-28,Cream,250mg,20 capsules,Nigeria,Genuine
Coartem,Sanofi Nigeria,K1-7467,6193211197875,BN26-0891,2027-04-19,Capsule,125mg/5ml,5 vials,Nigeria,Genuine
Folic Acid,Pharma Deko Plc,T8-2894,6196934060884,BT25-7166,2026-11-11,Sachet,10mg,5 vials,Nigeria,Genuine
Diclofenac,Mopson Pharmaceutical Ltd,S5-5771,6194294774229,BT26-4889,2029-05-21,Suspension,500mg,100 tablets,Nigeria,Genuine
Coartem,MedLine Drugs Ltd,NONE,6191493181377,98,2021-09-24,Tabelt,500mg,100ml bottle,Nigeria,Suspicious
Amoxicilin,HealthMax Pharma,PENDING,927431266656023,52,2023-06-11,  Powder ,400mg,200ml bottle,Unknown,Suspicious
Paracetmol,NovaDrug Industries,N9-2676,6198962980561,1,2023-11-12,  Suspension ,UNKNOWN,N/A,Nigeria,Suspicious
MegaVit Plus,GoodHealth Generics,S-84,6194814140138,BATCH-635,2020-05-28,Syrup,125mg/5ml,10 capsules,Nigeria,Suspicious
Artemether Lumefantrine,Pfizer Nigeria,A2-6789,6195618444217,B24-9936,2029-05-16,Powder,500mg/5ml,20 tablets,Nigeria,Genuine
Amoxiclilin,HealthMax Pharma,-9597,ZcTnOS7P7sW2k,UNKNOWN,,Tbalet,100mg,1 pack,Unknown,Suspicious
Erythromycin,BioFix Pharmaceuticals,M8-9548,6199244940396,BATCH-096,14/02/2025,Ijnection,50mg,100ml bottle,Nigeria,Suspicious
Amoxicilin,GoodHealth Generics,LU-HVJV,859271436,BATCH-492,UNKNOWN,Drops,20mg,N/A,Nigeria,Suspicious
Ibuprofen,Mopson Pharmaceutical Ltd,W8-7399,6198122595727,LOT26-5063,2029-02-27,Drops,20mg,100ml bottle,Nigeria,Genuine
ors,Neimeth International Pharmaceuticals,NZAF9K,192474350697820,65,05/02/2025,  Syrup ,400mg,60ml bottle,Pakistan,Suspicious
Hydrocortisone,Chi Pharmaceuticals Ltd,Y6-4312,6194755752254,BN24-3209,2028-09-23,Powder,400mg,30g tube,Nigeria,Genuine
Diclofenac,Swiss Pharma Nigeria Ltd,Z9-9550,6197698936521,B25-4671,2029-02-14,Capsule,1g,30g tube,Nigeria,Genuine
Ranitidine,Neimeth International Pharmaceuticals,A0-5076,6193542168940,BT24-0849,2028-05-15,Powder,1g,200ml bottle,Nigeria,Genuine
Magic Cure Pill,AlphaHealth Industries,N7-133847,7777777777777,xGRShSA,2023-09-17,Injection,N/A,10 capsules,India,Suspicious
Lonart,Bioraj Pharmaceuticals Ltd,N3-9774,6195588195973,L24-1643,2029-09-17,Tablet,250mg/5ml,10 tablets,Nigeria,Genuine
Tramadol,Hovid Nigeria Ltd,Q6-9951,6193452734662,L25-1449,2029-01-16,Capsule,10mg,200ml bottle,Nigeria,Genuine
  ORS ,MedExpress Ltd,-6260,6191979336864,JmdJbDY,UNKNOWN,  Tablet ,250mg/5ml,1 tube,Pakistan,Suspicious
Amoxiicllin,WonderDrug Co,CPHT10,6192458198706,BATCH-033,2020-06-07,Ointmnet,???,10 capsules,Unknown,Suspicious
Loperamide,Chi Pharmaceuticals Ltd,R1-2070,6193904383035,LOT24-9440,2026-10-26,Drops,500mg,10 tablets,Nigeria,Genuine
Omeprazole,GlaxoSmithKline Nigeria,I4-5433,6197189395301,B25-9522,2026-07-16,Ointment,400mg,1 tube,Nigeria,Genuine
Promethazine,Pharma Deko Plc,C8-5177,6194626714626,B24-1256,2028-11-23,Suspension,,20 capsules,Nigeria,Genuine
Vitamin CC,MedLine Drugs Ltd,ER-ZRGH,2465684154635175,UNKNOWN,25/02/2026,Capsule,500mg/5ml,30g tube,India,Suspicious
Prednisolone,Dana Pharmaceuticals Ltd,A0-9419,6196966101685,BT24-1430,2027-10-11,Tablet,500mg,20 tablets,Nigeria,Genuine
Nifedipine,May & Baker Nigeria Plc,J5-2448,6199577825582,B24-5354,2028-07-06,Sachet,20mg,20 capsules,Nigeria,Genuine
Lonart,Dana Pharmaceuticals Ltd,M7-5049,6190371837641,LOT24-0791,2026-05-16,Injection,200mg,20 capsules,Nigeria,Genuine
Lonart,Evans Medical Plc,Q4-7691,6195648236622,B26-5030,2029-09-27,Tablet,400mg,10 capsules,Nigeria,Genuine
Amoxicilin,BioFix Pharmaceuticals,V-99,ziCObgkQJpkd1,N/A,18/06/2026,POWDER,500mg,1 tube,Pakistan,Suspicious
Amoxicillin,Pfizer Nigeria,D8-5578,6193579786308,LOT24-6001,2026-12-11,Drops,200mg,1 vial,Nigeria,Genuine
Ciprofloxacn,FastRelief Drugs,SxMrCZsG,0000000000000,90,2023-07-06,sACHET,100mg,1 tube,Nigeria,Suspicious
Diclofenac,,Y3-2083,6192797573660,BN26-6332,2028-07-20,Sachet,1g,200ml bottle,Nigeria,Genuine
Amoxil,Hovid Nigeria Ltd,U0-2498,6191950927111,LOT24-7102,2026-12-02,Cream,200mg,30g tube,Nigeria,Genuine
Amlodipine,WonderDrug Co,J2-4018,26625650,BATCH-300,2020-05-28,  Injection ,500mg,30g tube,Pakistan,Suspicious
Glibenclamide,Dana Pharmaceuticals Ltd,N8-4127,6191472760128,BT26-7395,2029-08-01,Drops,1g,100 tablets,Nigeria,Genuine
Erythromycin,Pharma Deko Plc,D8-7593,6193239791376,B25-6445,2028-11-12,Suspension,500mg,10 tablets,Nigeria,Genuine
Lonart DS Extra,Sunrise Medications,SQQcfaI6hS,B7To12W6srR0k,41,UNKNOWN,Syrup,20mg,60ml bottle,Unknown,Suspicious
Instant Relief Caps,GoodHealth Generics,PENDING,61186801093609194908,yckhJIBr,???,Drops,???,20 tablets,Nigeria,Suspicious
Chlorpheniramine,Chi Pharmaceuticals Ltd,R5-6180,,BT26-4710,2028-08-14,Cream,100mg,20 tablets,Nigeria,Genuine
Emzor Paracetamol,Pharma Deko Plc,G0-1981,6190159446331,BT26-9990,2028-09-12,Suspension,100mg,10 tablets,Nigeria,Genuine
Chlorpheniramine,QuickCure Labs,rkl6o,6193993446062,DYKJaF,,Suspensino,500mg/5ml,5 vials,China,Suspicious
vITAMIN c,BestPills International,  K9-3212 ,6195723501942,UNKNOWN,16/10/2026,Syrup,20mg,30g tube,India,Suspicious
Chloroquine,Juhel Nigeria Ltd,M4-7437,6195193982807,L26-3534,2029-05-27,Capsule,500mg/5ml,30g tube,Nigeria,Genuine
  Diazepam ,Healwell Pharma Ltd,AJ7SRG,496652948305171972,BATCH-068,07/04/2026,Suspension,N/A,1 tube,Ghana,Suspicious
Spironolactone,May & Baker Nigeria Plc,Z8-6214,6198062350400,LOT25-6341,2028-11-15,Sachet,500mg,10 tablets,Nigeria,Genuine
Chloroquine,CureFast Pharmaceuticals,B-66326,ML9uRnLhR9EHf,lHpOQd,23/07/2026,Oitnment,N/A,20 capsules,Pakistan,Suspicious
Super Paracetamol,Sunrise Medications,-8276,PyCLA6C4evgcm,33,20/01/2026,Ointment,???,20 capsules,Nigeria,Suspicious
Ibuprofen,Pfizer Nigeria,J7-4279,6191217271551,BN26-8982,2028-05-28,Syrup,250mg/5ml,1 tube,Nigeria,Genuine
  Lonart ,AlphaHealth Industries,RF-VSWA,6196856888863,WBJ,07/06/2026,Drops,1g,60ml bottle,Ghana,Suspicious
Diazepam,Neimeth International Pharmaceuticals,Y3-6250,6195486401558,L25-8315,2026-08-23,Powder,125mg/5ml,200ml bottle,Nigeria,Genuine
Tramadol,Nigerian German Chemicals Plc,Pje1S1,4444444444444,BATCH-135,UNKNOWN,Ointemnt,400mg,1 tube,China,Suspicious
Artemether Lumefantrine,Chi Pharmaceuticals Ltd,P6-5900,6192086567561,L24-8748,2028-05-23,Suspension,250mg/5ml,200ml bottle,Nigeria,Genuine
Antacid,Evans Medical Plc,A8-8054,6192118233983,LOT25-4479,2029-02-12,Ointment,50mg,1 vial,Nigeria,Genuine
Amoxicilin,SuperCure Pharma,Y-55,429412597,JNhDKJZu,02/11/2026,Syrup,125mg/5ml,30 tablets,China,Suspicious
Promethazine,Chi Pharmaceuticals Ltd,V9-2023,6190768627633,BT24-9206,2027-09-20,Ointment,125mg/5ml,30g tube,Nigeria,Genuine
  ORS ,DrugKing Industries,S0-4195,056260702474857,9,2021-08-08,  Powder ,10mg,10 capsules,Pakistan,Suspicious
Vitamin B Complex,SKG Pharma Ltd,Z7-3953,6196903265517,BT24-7805,2029-02-21,Drops,1g,10 capsules,Nigeria,Genuine
Panado,Hovid Nigeria   Ltd ,KTRPW3,2998651590257846,BATCH-056,24/09/2025,powder,UNKNOWN,BULK,China,Suspicious
Paracetmol,BioFix Pharmaceuticals,N5-660476,6195398852172,BATCH-366,UNKNOWN,cAPSULE,500mg/5ml,5 vials,India,Suspicious
Diclofenac,Fidson Healthcare Plc,E5-6863,6192356178176,BN24-2791,2026-02-20,Syrup,500mg,60ml bottle,Nigeria,Genuine
  Tramadol ,Sanofi Nigeria,S2RRTX,3285071961293321349,BATCH-115,02/11/2025,Suspension,100mg,BULK,Unknown,Suspicious
  Antacid ,MedLine Drugs Ltd,H1-0369,1111111111111,??,???,Cream,400mg,20 tablets,Nigeria,Suspicious
Loperamide,Chi Pharmaceuticals Ltd,C4-6952,6195112747470,BT24-9418,2029-01-12,Injection,20mg,60ml bottle,Nigeria,Genuine
Gentaimcin,DrugKing Industries,cgPC,2983584480,xdUY,N/A,Cream,125mg/5ml,60ml bottle,Pakistan,Suspicious
Doxycycline,GoodHealth Generics,  A8-5437 ,3333333333333,---,07/07/2025,Powder,50mg,60ml bottle,China,Suspicious
Promethazine,SKG Pharma Ltd,I9-9060,6193502080213,LOT25-2148,2029-12-01,Suspension,250mg,30 tablets,Nigeria,Genuine
Prednisolone,Evans Medical Plc,E5-6727,6191360908588,BN26-2115,2026-05-11,Tablet,100mg,10 capsules,Nigeria,Genuine
Ibuprofen,GlaxoSmithKline Nigeria,P9-6871,6195633185744,B24-7586,2026-01-13,Ointment,20mg,20 tablets,Nigeria,Genuine
Nifediipne,Juhel Nigeria Ltd,NOT REGISTERED,0000000000000,??,2022-07-06,Tablet,125mg/5ml,N/A,China,Suspicious
Nifedipine,Hovid Nigeria Ltd,U4-8652,6197686342341,L24-9662,2028-03-26,Suspension,250mg/5ml,100ml bottle,Nigeria,Genuine
Loperamide,Bioraj Pharmaceuticals Ltd,V1-7102,6198268687645,BN24-9649,2026-09-11,Injection,5mg,200ml bottle,Nigeria,Genuine
Antcaid,MedExpress Ltd,wJgelL6,4444444444444,BATCH-045,,Powder,100mg,100ml bottle,India,Suspicious
Azithromycin,May & Baker Nigeria Plc,J3-1717,6193054868741,BN26-3231,2028-06-28,Tablet,125mg/5ml,20 capsules,Nigeria,Genuine
Nifedipine,Tuyil Pharmaceutical Industries,Q6-7708,6199125177859,BT26-9730,2027-03-14,Powder,500mg,20 tablets,Nigeria,Genuine
Vitamin CC,MedExpress Ltd,2XKD5R,6191346310787,zwRMxtfP,,Tbalet,125mg/5ml,200ml bottle,Ghana,Suspicious
Augmenti,MedExpress Ltd,FrT20TF,rSc4b5z5vvRVn,BATCH-500,,Syrup,N/A,5 vials,India,Suspicious
Multivitamin,PharmaFast Nigeria,G-77,8888888888888,UKPAWZ,,  Syrup ,250mg/5ml,100ml bottle,India,Suspicious
Folic Acdi,MedExpress Ltd,Y5-922279,802410415074931,---,2020-07-25,  Capsule ,250mg/5ml,30g tube,Unknown,Suspicious
Flagyl,Fidson Healthcare Plc,F7-7194,6190250826117,BT24-1299,2027-07-04,Ointment,200mg,1 tube,Nigeria,Genuine
Gilbenclamide,SGK Pharma Ltd,NOT REGISTERED,cNKiDz3McOtWM,BATCH-436,N/A,Suspension,20mg,60ml bottle,Unknown,Suspicious
Doxycycline,Hovid Nigeria Ltd,X1-2681,6198723335104,LOT24-9725,2029-02-09,Sachet,50mg,100 tablets,Nigeria,Genuine
MegaVit Plus,TopNotch Drugs Ltd,LJFEDT,9747676660919193526,BATCH-156,2020-08-14,Sachet,500mg,1 tube,Unknown,Suspicious
Coartem,Dana Pharmaceuticals Ltd,H0-1396,6190370033228,B25-5391,2029-11-22,Ointment,500mg,200ml bottle,Nigeria,Genuine
  Furosemide ,AlphaHealth Industries,C5-8036,2222222222222,BATCH-755,UNKNOWN,Syrpu,10mg,20 capsules,Nigeria,Suspicious
Amlodipine,GlaxoSmithKline Nigeria,T1-1920,6192312110639,BT24-1401,2029-06-21,Powder,200mg,100ml bottle,Nigeria,Genuine
Vitamin C,GoodHealth Generics,S9-3501,6199247688349,lee,2020-02-28,  Powder ,500mg,5 vials,Nigeria,Suspicious
Prednisolone,May & Baker Nigeria Plc,P1-6775,6195348201289,LOT24-0504,2027-11-17,Cream,500mg,100ml bottle,Nigeria,Genuine
Ibuprofen,Evans Medical Plc,F3-7674,6192203347427,LOT25-3506,2026-01-10,Suspension,125mg/5ml,100ml bottle,Nigeria,Genuine
Super Paracetamol,Sunrise Medications,B0-9739,0000000000000,BATCH-999,UNKNOWN,Injectoin,400mg,20 tablets,India,Suspicious
Tetracycline,Chi Pharmaceuticals Ltd,Q9-8106,6191122338653,LOT26-7137,2027-01-25,Sachet,1g,100 tablets,Nigeria,Genuine
TRAMADOL,Sanofi   Nigeria ,A-25,z4Vgy8UfZ1p9O,BATCH-623,26/03/2025,  Suspension ,20mg,1 tube,Unknown,Suspicious
Chloroquine,Juhel Nigeria Ltd,N9-4643,6199290600787,BN25-8801,2029-08-26,Capsule,50mg,100ml bottle,Nigeria,Genuine
Emzor Paracetamol,Juhel Nigeria Ltd,U0-8439,6198593110917,B24-9491,2027-11-17,Injection,10mg,60ml bottle,Nigeria,Genuine
Diclofenac,Juhel Nigeria Ltd,N5-9462,6198043416514,B24-7907,2028-06-07,Sachet,400mg,30 tablets,Nigeria,Genuine
Furosemide,Hovid Nigeria Ltd,A2-5429,6195598516027,BN24-9520,2026-06-18,Sachet,250mg,30 tablets,Nigeria,Genuine
Ibuprofen,GoodHealth Generics,RKQYUY,0000000000000,BATCH-802,12/07/2026,Powder,125mg/5ml,BULK,China,Suspicious
  Promethazine ,BioFix Pharmaceuticals,NOT REGISTERED,0000000000000,BATCH-500,2023-03-18,Powder,250mg/5ml,10 tablets,Unknown,Suspicious
Loperamide,Pharma Deko Plc,L5-8743,6199220300442,B25-5087,2029-02-05,Sachet,200mg,1 vial,Nigeria,Genuine
SPIRONOLACTONE,Bioraj Pharmaceuticals Ldt,E7-3477,6197992519734,---,UNKNOWN,Injection,250mg/5ml,1 pack,Pakistan,Suspicious
Cotrimoxazole,Neimeth International Pharmaceuticals,W6-7935,6199411800539,L25-9901,2026-01-09,Powder,1g,60ml bottle,Nigeria,Genuine
Ibuprofen,Chi Pharmaceuticals Ltd,W8-2734,6192312392042,B24-1066,2029-12-01,Capsule,5mg,100 tablets,Nigeria,Genuine
Total Cure Tablets,CureFast Pharmaceuticals,W6N080,k1yKrIdBMxrFM,5,22/12/2025,Drops,100mg,20 tablets,Ghana,Suspicious
